// expected.hex — soak_10k, generated by verify/scripts/gen_vectors.py
// layout: 10000 samples x 5 words, then 30 final weight words
00000001
00000001
00000001
00000001
00000000
00000001
00000000
00000002
00000001
00000001
00000001
00000000
00000003
00000001
00000002
00000000
00000000
00000004
00000001
00000003
00000001
00000001
00000005
00000002
00000003
00000001
00000001
00000006
00000003
00000003
00000001
00000000
00000007
00000003
00000004
00000001
00000000
00000008
00000003
00000005
00000001
00000001
00000009
00000004
00000005
00000001
00000001
0000000A
00000005
00000005
00000001
00000001
0000000B
00000006
00000005
00000001
00000001
0000000C
00000007
00000005
00000001
00000001
0000000D
00000008
00000005
00000001
00000001
0000000E
00000009
00000005
00000001
00000000
0000000F
00000009
00000006
00000001
00000001
00000010
0000000A
00000006
00000001
00000000
00000011
0000000A
00000007
00000001
00000000
00000012
0000000A
00000008
00000001
00000001
00000013
0000000B
00000008
00000001
00000000
00000014
0000000B
00000009
00000001
00000000
00000015
0000000B
0000000A
00000000
00000001
00000016
0000000C
0000000A
00000000
00000001
00000017
0000000D
0000000A
00000000
00000001
00000018
0000000E
0000000A
00000000
00000000
00000019
0000000E
0000000B
00000000
00000001
0000001A
0000000F
0000000B
00000000
00000001
0000001B
00000010
0000000B
00000000
00000000
0000001C
00000010
0000000C
00000000
00000001
0000001D
00000011
0000000C
00000000
00000001
0000001E
00000012
0000000C
00000000
00000000
0000001F
00000012
0000000D
00000000
00000001
00000020
00000013
0000000D
00000000
00000000
00000021
00000013
0000000E
00000000
00000001
00000022
00000014
0000000E
00000000
00000001
00000023
00000015
0000000E
00000000
00000001
00000024
00000016
0000000E
00000000
00000001
00000025
00000017
0000000E
00000000
00000000
00000026
00000017
0000000F
00000000
00000001
00000027
00000018
0000000F
00000000
00000001
00000028
00000019
0000000F
00000000
00000000
00000029
00000019
00000010
00000000
00000001
0000002A
0000001A
00000010
00000000
00000000
0000002B
0000001A
00000011
00000000
00000001
0000002C
0000001B
00000011
00000000
00000001
0000002D
0000001C
00000011
00000000
00000000
0000002E
0000001C
00000012
00000000
00000000
0000002F
0000001C
00000013
00000000
00000000
00000030
0000001C
00000014
00000000
00000001
00000031
0000001D
00000014
00000000
00000001
00000032
0000001E
00000014
00000000
00000001
00000033
0000001F
00000014
00000000
00000001
00000034
00000020
00000014
00000000
00000000
00000035
00000020
00000015
00000000
00000001
00000036
00000021
00000015
00000000
00000001
00000037
00000022
00000015
00000000
00000000
00000038
00000022
00000016
00000000
00000000
00000039
00000022
00000017
00000000
00000000
0000003A
00000022
00000018
00000001
00000000
0000003B
00000022
00000019
00000000
00000001
0000003C
00000023
00000019
00000000
00000000
0000003D
00000023
0000001A
00000000
00000000
0000003E
00000023
0000001B
00000001
00000000
0000003F
00000023
0000001C
00000000
00000000
00000040
00000023
0000001D
00000001
00000000
00000041
00000023
0000001E
00000000
00000000
00000042
00000023
0000001F
00000001
00000000
00000043
00000023
00000020
00000000
00000000
00000044
00000023
00000021
00000001
00000000
00000045
00000023
00000022
00000000
00000000
00000046
00000023
00000023
00000001
00000001
00000047
00000024
00000023
00000001
00000001
00000048
00000025
00000023
00000001
00000000
00000049
00000025
00000024
00000001
00000000
0000004A
00000025
00000025
00000000
00000001
0000004B
00000026
00000025
00000000
00000001
0000004C
00000027
00000025
00000000
00000001
0000004D
00000028
00000025
00000000
00000000
0000004E
00000028
00000026
00000000
00000000
0000004F
00000028
00000027
00000000
00000000
00000050
00000028
00000028
00000001
00000001
00000051
00000029
00000028
00000001
00000000
00000052
00000029
00000029
00000001
00000001
00000053
0000002A
00000029
00000001
00000001
00000054
0000002B
00000029
00000001
00000001
00000055
0000002C
00000029
00000001
00000000
00000056
0000002C
0000002A
00000001
00000001
00000057
0000002D
0000002A
00000001
00000001
00000058
0000002E
0000002A
00000001
00000000
00000059
0000002E
0000002B
00000001
00000000
0000005A
0000002E
0000002C
00000001
00000000
0000005B
0000002E
0000002D
00000000
00000001
0000005C
0000002F
0000002D
00000000
00000000
0000005D
0000002F
0000002E
00000000
00000001
0000005E
00000030
0000002E
00000000
00000001
0000005F
00000031
0000002E
00000000
00000001
00000060
00000032
0000002E
00000000
00000000
00000061
00000032
0000002F
00000000
00000000
00000062
00000032
00000030
00000000
00000000
00000063
00000032
00000031
00000001
00000000
00000064
00000032
00000032
00000000
00000000
00000065
00000032
00000033
00000001
00000000
00000066
00000032
00000034
00000000
00000001
00000067
00000033
00000034
00000000
00000000
00000068
00000033
00000035
00000000
00000001
00000069
00000034
00000035
00000000
00000000
0000006A
00000034
00000036
00000000
00000001
0000006B
00000035
00000036
00000000
00000000
0000006C
00000035
00000037
00000001
00000000
0000006D
00000035
00000038
00000000
00000000
0000006E
00000035
00000039
00000001
00000001
0000006F
00000036
00000039
00000001
00000001
00000070
00000037
00000039
00000001
00000001
00000071
00000038
00000039
00000001
00000001
00000072
00000039
00000039
00000001
00000000
00000073
00000039
0000003A
00000001
00000000
00000074
00000039
0000003B
00000001
00000001
00000075
0000003A
0000003B
00000001
00000000
00000076
0000003A
0000003C
00000001
00000001
00000077
0000003B
0000003C
00000001
00000000
00000078
0000003B
0000003D
00000001
00000001
00000079
0000003C
0000003D
00000001
00000000
0000007A
0000003C
0000003E
00000001
00000001
0000007B
0000003D
0000003E
00000001
00000000
0000007C
0000003D
0000003F
00000000
00000000
0000007D
0000003D
00000040
00000001
00000001
0000007E
0000003E
00000040
00000001
00000001
0000007F
0000003F
00000040
00000001
00000000
00000080
0000003F
00000041
00000001
00000001
00000081
00000040
00000041
00000001
00000000
00000082
00000040
00000042
00000001
00000000
00000083
00000040
00000043
00000000
00000000
00000084
00000040
00000044
00000001
00000000
00000085
00000040
00000045
00000000
00000001
00000086
00000041
00000045
00000000
00000000
00000087
00000041
00000046
00000000
00000000
00000088
00000041
00000047
00000001
00000000
00000089
00000041
00000048
00000000
00000000
0000008A
00000041
00000049
00000001
00000000
0000008B
00000041
0000004A
00000000
00000001
0000008C
00000042
0000004A
00000000
00000001
0000008D
00000043
0000004A
00000000
00000001
0000008E
00000044
0000004A
00000000
00000000
0000008F
00000044
0000004B
00000000
00000000
00000090
00000044
0000004C
00000000
00000000
00000091
00000044
0000004D
00000001
00000001
00000092
00000045
0000004D
00000001
00000001
00000093
00000046
0000004D
00000001
00000001
00000094
00000047
0000004D
00000001
00000000
00000095
00000047
0000004E
00000001
00000001
00000096
00000048
0000004E
00000001
00000000
00000097
00000048
0000004F
00000001
00000001
00000098
00000049
0000004F
00000001
00000001
00000099
0000004A
0000004F
00000001
00000001
0000009A
0000004B
0000004F
00000001
00000001
0000009B
0000004C
0000004F
00000001
00000000
0000009C
0000004C
00000050
00000001
00000000
0000009D
0000004C
00000051
00000001
00000001
0000009E
0000004D
00000051
00000001
00000000
0000009F
0000004D
00000052
00000001
00000000
000000A0
0000004D
00000053
00000001
00000000
000000A1
0000004D
00000054
00000000
00000001
000000A2
0000004E
00000054
00000000
00000000
000000A3
0000004E
00000055
00000000
00000000
000000A4
0000004E
00000056
00000001
00000000
000000A5
0000004E
00000057
00000000
00000001
000000A6
0000004F
00000057
00000000
00000000
000000A7
0000004F
00000058
00000000
00000001
000000A8
00000050
00000058
00000000
00000000
000000A9
00000050
00000059
00000000
00000000
000000AA
00000050
0000005A
00000001
00000000
000000AB
00000050
0000005B
00000000
00000001
000000AC
00000051
0000005B
00000000
00000001
000000AD
00000052
0000005B
00000000
00000000
000000AE
00000052
0000005C
00000000
00000000
000000AF
00000052
0000005D
00000001
00000001
000000B0
00000053
0000005D
00000001
00000000
000000B1
00000053
0000005E
00000001
00000001
000000B2
00000054
0000005E
00000001
00000001
000000B3
00000055
0000005E
00000001
00000001
000000B4
00000056
0000005E
00000001
00000000
000000B5
00000056
0000005F
00000001
00000001
000000B6
00000057
0000005F
00000001
00000000
000000B7
00000057
00000060
00000001
00000000
000000B8
00000057
00000061
00000000
00000000
000000B9
00000057
00000062
00000001
00000001
000000BA
00000058
00000062
00000001
00000000
000000BB
00000058
00000063
00000001
00000000
000000BC
00000058
00000064
00000000
00000001
000000BD
00000059
00000064
00000000
00000000
000000BE
00000059
00000065
00000000
00000001
000000BF
0000005A
00000065
00000000
00000000
000000C0
0000005A
00000066
00000000
00000001
000000C1
0000005B
00000066
00000000
00000001
000000C2
0000005C
00000066
00000000
00000000
000000C3
0000005C
00000067
00000000
00000000
000000C4
0000005C
00000068
00000001
00000000
000000C5
0000005C
00000069
00000000
00000001
000000C6
0000005D
00000069
00000000
00000000
000000C7
0000005D
0000006A
00000000
00000001
000000C8
0000005E
0000006A
00000000
00000001
000000C9
0000005F
0000006A
00000000
00000000
000000CA
0000005F
0000006B
00000000
00000000
000000CB
0000005F
0000006C
00000001
00000001
000000CC
00000060
0000006C
00000001
00000001
000000CD
00000061
0000006C
00000001
00000000
000000CE
00000061
0000006D
00000001
00000000
000000CF
00000061
0000006E
00000000
00000001
000000D0
00000062
0000006E
00000000
00000000
000000D1
00000062
0000006F
00000000
00000000
000000D2
00000062
00000070
00000001
00000000
000000D3
00000062
00000071
00000000
00000000
000000D4
00000062
00000072
00000001
00000000
000000D5
00000062
00000073
00000000
00000001
000000D6
00000063
00000073
00000000
00000000
000000D7
00000063
00000074
00000000
00000001
000000D8
00000064
00000074
00000000
00000000
000000D9
00000064
00000075
00000000
00000001
000000DA
00000065
00000075
00000000
00000000
000000DB
00000065
00000076
00000001
00000001
000000DC
00000066
00000076
00000001
00000000
000000DD
00000066
00000077
00000000
00000000
000000DE
00000066
00000078
00000001
00000001
000000DF
00000067
00000078
00000001
00000000
000000E0
00000067
00000079
00000001
00000000
000000E1
00000067
0000007A
00000000
00000000
000000E2
00000067
0000007B
00000001
00000000
000000E3
00000067
0000007C
00000000
00000000
000000E4
00000067
0000007D
00000001
00000001
000000E5
00000068
0000007D
00000001
00000000
000000E6
00000068
0000007E
00000001
00000000
000000E7
00000068
0000007F
00000000
00000000
000000E8
00000068
00000080
00000001
00000000
000000E9
00000068
00000081
00000000
00000001
000000EA
00000069
00000081
00000000
00000001
000000EB
0000006A
00000081
00000000
00000000
000000EC
0000006A
00000082
00000000
00000000
000000ED
0000006A
00000083
00000000
00000001
000000EE
0000006B
00000083
00000000
00000001
000000EF
0000006C
00000083
00000000
00000000
000000F0
0000006C
00000084
00000000
00000000
000000F1
0000006C
00000085
00000001
00000000
000000F2
0000006C
00000086
00000000
00000001
000000F3
0000006D
00000086
00000000
00000001
000000F4
0000006E
00000086
00000000
00000001
000000F5
0000006F
00000086
00000000
00000001
000000F6
00000070
00000086
00000000
00000000
000000F7
00000070
00000087
00000000
00000000
000000F8
00000070
00000088
00000000
00000000
000000F9
00000070
00000089
00000000
00000001
000000FA
00000071
00000089
00000000
00000000
000000FB
00000071
0000008A
00000000
00000000
000000FC
00000071
0000008B
00000001
00000000
000000FD
00000071
0000008C
00000000
00000001
000000FE
00000072
0000008C
00000000
00000001
000000FF
00000073
0000008C
00000000
00000001
00000100
00000074
0000008C
00000000
00000000
00000101
00000074
0000008D
00000000
00000001
00000102
00000075
0000008D
00000000
00000000
00000103
00000075
0000008E
00000000
00000001
00000104
00000076
0000008E
00000000
00000000
00000105
00000076
0000008F
00000000
00000001
00000106
00000077
0000008F
00000000
00000001
00000107
00000078
0000008F
00000000
00000001
00000108
00000079
0000008F
00000000
00000001
00000109
0000007A
0000008F
00000000
00000001
0000010A
0000007B
0000008F
00000000
00000001
0000010B
0000007C
0000008F
00000000
00000000
0000010C
0000007C
00000090
00000000
00000000
0000010D
0000007C
00000091
00000000
00000000
0000010E
0000007C
00000092
00000000
00000000
0000010F
0000007C
00000093
00000001
00000001
00000110
0000007D
00000093
00000001
00000001
00000111
0000007E
00000093
00000001
00000000
00000112
0000007E
00000094
00000001
00000000
00000113
0000007E
00000095
00000000
00000001
00000114
0000007F
00000095
00000000
00000000
00000115
0000007F
00000096
00000000
00000000
00000116
0000007F
00000097
00000001
00000000
00000117
0000007F
00000098
00000000
00000000
00000118
0000007F
00000099
00000001
00000000
00000119
0000007F
0000009A
00000000
00000000
0000011A
0000007F
0000009B
00000001
00000001
0000011B
00000080
0000009B
00000001
00000000
0000011C
00000080
0000009C
00000001
00000001
0000011D
00000081
0000009C
00000001
00000001
0000011E
00000082
0000009C
00000001
00000001
0000011F
00000083
0000009C
00000001
00000001
00000120
00000084
0000009C
00000001
00000001
00000121
00000085
0000009C
00000001
00000001
00000122
00000086
0000009C
00000001
00000001
00000123
00000087
0000009C
00000001
00000001
00000124
00000088
0000009C
00000001
00000001
00000125
00000089
0000009C
00000001
00000000
00000126
00000089
0000009D
00000001
00000001
00000127
0000008A
0000009D
00000001
00000001
00000128
0000008B
0000009D
00000001
00000000
00000129
0000008B
0000009E
00000001
00000000
0000012A
0000008B
0000009F
00000001
00000000
0000012B
0000008B
000000A0
00000001
00000000
0000012C
0000008B
000000A1
00000001
00000000
0000012D
0000008B
000000A2
00000000
00000000
0000012E
0000008B
000000A3
00000001
00000000
0000012F
0000008B
000000A4
00000000
00000001
00000130
0000008C
000000A4
00000000
00000000
00000131
0000008C
000000A5
00000000
00000000
00000132
0000008C
000000A6
00000001
00000000
00000133
0000008C
000000A7
00000000
00000000
00000134
0000008C
000000A8
00000001
00000001
00000135
0000008D
000000A8
00000001
00000000
00000136
0000008D
000000A9
00000001
00000000
00000137
0000008D
000000AA
00000000
00000001
00000138
0000008E
000000AA
00000000
00000001
00000139
0000008F
000000AA
00000000
00000001
0000013A
00000090
000000AA
00000000
00000000
0000013B
00000090
000000AB
00000000
00000000
0000013C
00000090
000000AC
00000000
00000001
0000013D
00000091
000000AC
00000000
00000000
0000013E
00000091
000000AD
00000000
00000000
0000013F
00000091
000000AE
00000001
00000001
00000140
00000092
000000AE
00000001
00000001
00000141
00000093
000000AE
00000001
00000000
00000142
00000093
000000AF
00000001
00000001
00000143
00000094
000000AF
00000001
00000000
00000144
00000094
000000B0
00000001
00000000
00000145
00000094
000000B1
00000000
00000001
00000146
00000095
000000B1
00000000
00000000
00000147
00000095
000000B2
00000000
00000001
00000148
00000096
000000B2
00000000
00000001
00000149
00000097
000000B2
00000000
00000000
0000014A
00000097
000000B3
00000000
00000001
0000014B
00000098
000000B3
00000000
00000001
0000014C
00000099
000000B3
00000000
00000001
0000014D
0000009A
000000B3
00000000
00000001
0000014E
0000009B
000000B3
00000000
00000001
0000014F
0000009C
000000B3
00000000
00000001
00000150
0000009D
000000B3
00000000
00000001
00000151
0000009E
000000B3
00000000
00000000
00000152
0000009E
000000B4
00000000
00000000
00000153
0000009E
000000B5
00000000
00000000
00000154
0000009E
000000B6
00000000
00000000
00000155
0000009E
000000B7
00000000
00000000
00000156
0000009E
000000B8
00000001
00000001
00000157
0000009F
000000B8
00000001
00000001
00000158
000000A0
000000B8
00000001
00000001
00000159
000000A1
000000B8
00000001
00000000
0000015A
000000A1
000000B9
00000001
00000000
0000015B
000000A1
000000BA
00000001
00000000
0000015C
000000A1
000000BB
00000000
00000000
0000015D
000000A1
000000BC
00000001
00000000
0000015E
000000A1
000000BD
00000000
00000001
0000015F
000000A2
000000BD
00000000
00000000
00000160
000000A2
000000BE
00000000
00000000
00000161
000000A2
000000BF
00000001
00000000
00000162
000000A2
000000C0
00000000
00000000
00000163
000000A2
000000C1
00000001
00000000
00000164
000000A2
000000C2
00000000
00000000
00000165
000000A2
000000C3
00000001
00000001
00000166
000000A3
000000C3
00000001
00000001
00000167
000000A4
000000C3
00000001
00000000
00000168
000000A4
000000C4
00000001
00000000
00000169
000000A4
000000C5
00000000
00000001
0000016A
000000A5
000000C5
00000000
00000001
0000016B
000000A6
000000C5
00000000
00000001
0000016C
000000A7
000000C5
00000000
00000001
0000016D
000000A8
000000C5
00000000
00000000
0000016E
000000A8
000000C6
00000000
00000001
0000016F
000000A9
000000C6
00000000
00000000
00000170
000000A9
000000C7
00000000
00000000
00000171
000000A9
000000C8
00000000
00000000
00000172
000000A9
000000C9
00000001
00000000
00000173
000000A9
000000CA
00000000
00000000
00000174
000000A9
000000CB
00000001
00000001
00000175
000000AA
000000CB
00000001
00000001
00000176
000000AB
000000CB
00000001
00000001
00000177
000000AC
000000CB
00000001
00000000
00000178
000000AC
000000CC
00000001
00000001
00000179
000000AD
000000CC
00000001
00000001
0000017A
000000AE
000000CC
00000001
00000001
0000017B
000000AF
000000CC
00000001
00000000
0000017C
000000AF
000000CD
00000001
00000000
0000017D
000000AF
000000CE
00000001
00000001
0000017E
000000B0
000000CE
00000001
00000000
0000017F
000000B0
000000CF
00000001
00000000
00000180
000000B0
000000D0
00000001
00000001
00000181
000000B1
000000D0
00000001
00000000
00000182
000000B1
000000D1
00000000
00000000
00000183
000000B1
000000D2
00000001
00000001
00000184
000000B2
000000D2
00000001
00000001
00000185
000000B3
000000D2
00000001
00000001
00000186
000000B4
000000D2
00000001
00000000
00000187
000000B4
000000D3
00000001
00000001
00000188
000000B5
000000D3
00000001
00000000
00000189
000000B5
000000D4
00000001
00000001
0000018A
000000B6
000000D4
00000001
00000000
0000018B
000000B6
000000D5
00000001
00000001
0000018C
000000B7
000000D5
00000001
00000001
0000018D
000000B8
000000D5
00000001
00000000
0000018E
000000B8
000000D6
00000001
00000000
0000018F
000000B8
000000D7
00000001
00000000
00000190
000000B8
000000D8
00000000
00000001
00000191
000000B9
000000D8
00000000
00000001
00000192
000000BA
000000D8
00000000
00000001
00000193
000000BB
000000D8
00000000
00000000
00000194
000000BB
000000D9
00000000
00000001
00000195
000000BC
000000D9
00000000
00000000
00000196
000000BC
000000DA
00000000
00000000
00000197
000000BC
000000DB
00000000
00000000
00000198
000000BC
000000DC
00000001
00000000
00000199
000000BC
000000DD
00000000
00000000
0000019A
000000BC
000000DE
00000001
00000001
0000019B
000000BD
000000DE
00000001
00000001
0000019C
000000BE
000000DE
00000001
00000001
0000019D
000000BF
000000DE
00000001
00000001
0000019E
000000C0
000000DE
00000001
00000001
0000019F
000000C1
000000DE
00000001
00000000
000001A0
000000C1
000000DF
00000001
00000001
000001A1
000000C2
000000DF
00000001
00000000
000001A2
000000C2
000000E0
00000001
00000000
000001A3
000000C2
000000E1
00000001
00000001
000001A4
000000C3
000000E1
00000001
00000000
000001A5
000000C3
000000E2
00000001
00000000
000001A6
000000C3
000000E3
00000000
00000001
000001A7
000000C4
000000E3
00000000
00000001
000001A8
000000C5
000000E3
00000000
00000001
000001A9
000000C6
000000E3
00000000
00000001
000001AA
000000C7
000000E3
00000000
00000001
000001AB
000000C8
000000E3
00000000
00000000
000001AC
000000C8
000000E4
00000000
00000000
000001AD
000000C8
000000E5
00000000
00000001
000001AE
000000C9
000000E5
00000000
00000001
000001AF
000000CA
000000E5
00000000
00000000
000001B0
000000CA
000000E6
00000000
00000001
000001B1
000000CB
000000E6
00000000
00000001
000001B2
000000CC
000000E6
00000000
00000000
000001B3
000000CC
000000E7
00000000
00000001
000001B4
000000CD
000000E7
00000000
00000001
000001B5
000000CE
000000E7
00000000
00000001
000001B6
000000CF
000000E7
00000000
00000000
000001B7
000000CF
000000E8
00000000
00000000
000001B8
000000CF
000000E9
00000000
00000000
000001B9
000000CF
000000EA
00000000
00000000
000001BA
000000CF
000000EB
00000001
00000000
000001BB
000000CF
000000EC
00000000
00000001
000001BC
000000D0
000000EC
00000000
00000000
000001BD
000000D0
000000ED
00000000
00000000
000001BE
000000D0
000000EE
00000001
00000001
000001BF
000000D1
000000EE
00000001
00000000
000001C0
000000D1
000000EF
00000001
00000001
000001C1
000000D2
000000EF
00000001
00000000
000001C2
000000D2
000000F0
00000001
00000001
000001C3
000000D3
000000F0
00000001
00000001
000001C4
000000D4
000000F0
00000001
00000000
000001C5
000000D4
000000F1
00000001
00000000
000001C6
000000D4
000000F2
00000000
00000000
000001C7
000000D4
000000F3
00000001
00000001
000001C8
000000D5
000000F3
00000001
00000000
000001C9
000000D5
000000F4
00000001
00000000
000001CA
000000D5
000000F5
00000000
00000000
000001CB
000000D5
000000F6
00000001
00000000
000001CC
000000D5
000000F7
00000000
00000001
000001CD
000000D6
000000F7
00000000
00000001
000001CE
000000D7
000000F7
00000000
00000000
000001CF
000000D7
000000F8
00000000
00000001
000001D0
000000D8
000000F8
00000000
00000001
000001D1
000000D9
000000F8
00000000
00000000
000001D2
000000D9
000000F9
00000000
00000001
000001D3
000000DA
000000F9
00000000
00000000
000001D4
000000DA
000000FA
00000000
00000000
000001D5
000000DA
000000FB
00000001
00000001
000001D6
000000DB
000000FB
00000001
00000001
000001D7
000000DC
000000FB
00000001
00000001
000001D8
000000DD
000000FB
00000001
00000000
000001D9
000000DD
000000FC
00000001
00000001
000001DA
000000DE
000000FC
00000001
00000001
000001DB
000000DF
000000FC
00000001
00000001
000001DC
000000E0
000000FC
00000001
00000001
000001DD
000000E1
000000FC
00000001
00000001
000001DE
000000E2
000000FC
00000001
00000001
000001DF
000000E3
000000FC
00000001
00000001
000001E0
000000E4
000000FC
00000001
00000001
000001E1
000000E5
000000FC
00000001
00000000
000001E2
000000E5
000000FD
00000001
00000001
000001E3
000000E6
000000FD
00000001
00000000
000001E4
000000E6
000000FE
00000001
00000001
000001E5
000000E7
000000FE
00000001
00000001
000001E6
000000E8
000000FE
00000001
00000000
000001E7
000000E8
000000FF
00000001
00000001
000001E8
000000E9
000000FF
00000001
00000000
000001E9
000000E9
00000100
00000001
00000001
000001EA
000000EA
00000100
00000001
00000000
000001EB
000000EA
00000101
00000001
00000000
000001EC
000000EA
00000102
00000001
00000001
000001ED
000000EB
00000102
00000001
00000000
000001EE
000000EB
00000103
00000001
00000001
000001EF
000000EC
00000103
00000001
00000001
000001F0
000000ED
00000103
00000001
00000001
000001F1
000000EE
00000103
00000001
00000001
000001F2
000000EF
00000103
00000001
00000000
000001F3
000000EF
00000104
00000001
00000001
000001F4
000000F0
00000104
00000001
00000000
000001F5
000000F0
00000105
00000001
00000000
000001F6
000000F0
00000106
00000001
00000000
000001F7
000000F0
00000107
00000000
00000001
000001F8
000000F1
00000107
00000000
00000001
000001F9
000000F2
00000107
00000000
00000000
000001FA
000000F2
00000108
00000000
00000001
000001FB
000000F3
00000108
00000000
00000001
000001FC
000000F4
00000108
00000000
00000001
000001FD
000000F5
00000108
00000000
00000000
000001FE
000000F5
00000109
00000000
00000000
000001FF
000000F5
0000010A
00000000
00000000
00000200
000000F5
0000010B
00000001
00000000
00000201
000000F5
0000010C
00000000
00000000
00000202
000000F5
0000010D
00000001
00000000
00000203
000000F5
0000010E
00000000
00000000
00000204
000000F5
0000010F
00000001
00000001
00000205
000000F6
0000010F
00000001
00000001
00000206
000000F7
0000010F
00000001
00000001
00000207
000000F8
0000010F
00000001
00000000
00000208
000000F8
00000110
00000001
00000000
00000209
000000F8
00000111
00000001
00000001
0000020A
000000F9
00000111
00000001
00000000
0000020B
000000F9
00000112
00000001
00000000
0000020C
000000F9
00000113
00000000
00000001
0000020D
000000FA
00000113
00000000
00000001
0000020E
000000FB
00000113
00000000
00000000
0000020F
000000FB
00000114
00000000
00000001
00000210
000000FC
00000114
00000000
00000000
00000211
000000FC
00000115
00000000
00000001
00000212
000000FD
00000115
00000000
00000000
00000213
000000FD
00000116
00000000
00000000
00000214
000000FD
00000117
00000001
00000000
00000215
000000FD
00000118
00000000
00000001
00000216
000000FE
00000118
00000000
00000001
00000217
000000FF
00000118
00000000
00000001
00000218
00000100
00000118
00000000
00000000
00000219
00000100
00000119
00000000
00000000
0000021A
00000100
0000011A
00000000
00000001
0000021B
00000101
0000011A
00000000
00000000
0000021C
00000101
0000011B
00000000
00000000
0000021D
00000101
0000011C
00000001
00000001
0000021E
00000102
0000011C
00000001
00000001
0000021F
00000103
0000011C
00000001
00000000
00000220
00000103
0000011D
00000001
00000000
00000221
00000103
0000011E
00000000
00000001
00000222
00000104
0000011E
00000000
00000001
00000223
00000105
0000011E
00000000
00000000
00000224
00000105
0000011F
00000000
00000000
00000225
00000105
00000120
00000001
00000001
00000226
00000106
00000120
00000001
00000001
00000227
00000107
00000120
00000001
00000000
00000228
00000107
00000121
00000001
00000001
00000229
00000108
00000121
00000001
00000000
0000022A
00000108
00000122
00000001
00000000
0000022B
00000108
00000123
00000000
00000000
0000022C
00000108
00000124
00000001
00000000
0000022D
00000108
00000125
00000000
00000001
0000022E
00000109
00000125
00000000
00000000
0000022F
00000109
00000126
00000000
00000001
00000230
0000010A
00000126
00000000
00000001
00000231
0000010B
00000126
00000000
00000000
00000232
0000010B
00000127
00000000
00000001
00000233
0000010C
00000127
00000000
00000000
00000234
0000010C
00000128
00000000
00000000
00000235
0000010C
00000129
00000001
00000000
00000236
0000010C
0000012A
00000000
00000001
00000237
0000010D
0000012A
00000000
00000001
00000238
0000010E
0000012A
00000000
00000001
00000239
0000010F
0000012A
00000000
00000000
0000023A
0000010F
0000012B
00000000
00000000
0000023B
0000010F
0000012C
00000000
00000000
0000023C
0000010F
0000012D
00000001
00000001
0000023D
00000110
0000012D
00000001
00000001
0000023E
00000111
0000012D
00000001
00000000
0000023F
00000111
0000012E
00000001
00000001
00000240
00000112
0000012E
00000001
00000000
00000241
00000112
0000012F
00000001
00000000
00000242
00000112
00000130
00000000
00000001
00000243
00000113
00000130
00000000
00000000
00000244
00000113
00000131
00000000
00000000
00000245
00000113
00000132
00000001
00000000
00000246
00000113
00000133
00000000
00000000
00000247
00000113
00000134
00000001
00000000
00000248
00000113
00000135
00000000
00000000
00000249
00000113
00000136
00000001
00000001
0000024A
00000114
00000136
00000001
00000001
0000024B
00000115
00000136
00000001
00000001
0000024C
00000116
00000136
00000001
00000001
0000024D
00000117
00000136
00000001
00000001
0000024E
00000118
00000136
00000001
00000000
0000024F
00000118
00000137
00000001
00000001
00000250
00000119
00000137
00000001
00000001
00000251
0000011A
00000137
00000001
00000001
00000252
0000011B
00000137
00000001
00000000
00000253
0000011B
00000138
00000001
00000001
00000254
0000011C
00000138
00000001
00000001
00000255
0000011D
00000138
00000001
00000000
00000256
0000011D
00000139
00000001
00000001
00000257
0000011E
00000139
00000001
00000000
00000258
0000011E
0000013A
00000001
00000001
00000259
0000011F
0000013A
00000001
00000000
0000025A
0000011F
0000013B
00000001
00000001
0000025B
00000120
0000013B
00000001
00000000
0000025C
00000120
0000013C
00000001
00000000
0000025D
00000120
0000013D
00000001
00000001
0000025E
00000121
0000013D
00000001
00000000
0000025F
00000121
0000013E
00000001
00000001
00000260
00000122
0000013E
00000001
00000001
00000261
00000123
0000013E
00000001
00000000
00000262
00000123
0000013F
00000001
00000001
00000263
00000124
0000013F
00000001
00000001
00000264
00000125
0000013F
00000001
00000001
00000265
00000126
0000013F
00000001
00000000
00000266
00000126
00000140
00000001
00000000
00000267
00000126
00000141
00000001
00000000
00000268
00000126
00000142
00000000
00000001
00000269
00000127
00000142
00000000
00000000
0000026A
00000127
00000143
00000000
00000000
0000026B
00000127
00000144
00000001
00000001
0000026C
00000128
00000144
00000001
00000001
0000026D
00000129
00000144
00000001
00000001
0000026E
0000012A
00000144
00000001
00000000
0000026F
0000012A
00000145
00000001
00000001
00000270
0000012B
00000145
00000001
00000000
00000271
0000012B
00000146
00000001
00000001
00000272
0000012C
00000146
00000001
00000000
00000273
0000012C
00000147
00000001
00000000
00000274
0000012C
00000148
00000001
00000000
00000275
0000012C
00000149
00000000
00000001
00000276
0000012D
00000149
00000000
00000001
00000277
0000012E
00000149
00000000
00000000
00000278
0000012E
0000014A
00000000
00000001
00000279
0000012F
0000014A
00000000
00000000
0000027A
0000012F
0000014B
00000000
00000001
0000027B
00000130
0000014B
00000000
00000000
0000027C
00000130
0000014C
00000000
00000001
0000027D
00000131
0000014C
00000000
00000001
0000027E
00000132
0000014C
00000000
00000000
0000027F
00000132
0000014D
00000000
00000001
00000280
00000133
0000014D
00000000
00000000
00000281
00000133
0000014E
00000000
00000000
00000282
00000133
0000014F
00000001
00000001
00000283
00000134
0000014F
00000001
00000001
00000284
00000135
0000014F
00000001
00000001
00000285
00000136
0000014F
00000001
00000001
00000286
00000137
0000014F
00000001
00000001
00000287
00000138
0000014F
00000001
00000000
00000288
00000138
00000150
00000001
00000001
00000289
00000139
00000150
00000001
00000001
0000028A
0000013A
00000150
00000001
00000001
0000028B
0000013B
00000150
00000001
00000001
0000028C
0000013C
00000150
00000001
00000001
0000028D
0000013D
00000150
00000001
00000000
0000028E
0000013D
00000151
00000001
00000001
0000028F
0000013E
00000151
00000001
00000000
00000290
0000013E
00000152
00000001
00000001
00000291
0000013F
00000152
00000001
00000001
00000292
00000140
00000152
00000001
00000000
00000293
00000140
00000153
00000001
00000000
00000294
00000140
00000154
00000001
00000000
00000295
00000140
00000155
00000001
00000000
00000296
00000140
00000156
00000001
00000000
00000297
00000140
00000157
00000000
00000000
00000298
00000140
00000158
00000001
00000000
00000299
00000140
00000159
00000000
00000000
0000029A
00000140
0000015A
00000001
00000001
0000029B
00000141
0000015A
00000001
00000001
0000029C
00000142
0000015A
00000001
00000000
0000029D
00000142
0000015B
00000001
00000000
0000029E
00000142
0000015C
00000000
00000000
0000029F
00000142
0000015D
00000001
00000000
000002A0
00000142
0000015E
00000000
00000001
000002A1
00000143
0000015E
00000000
00000000
000002A2
00000143
0000015F
00000000
00000001
000002A3
00000144
0000015F
00000000
00000001
000002A4
00000145
0000015F
00000000
00000001
000002A5
00000146
0000015F
00000000
00000001
000002A6
00000147
0000015F
00000000
00000001
000002A7
00000148
0000015F
00000000
00000001
000002A8
00000149
0000015F
00000000
00000000
000002A9
00000149
00000160
00000000
00000001
000002AA
0000014A
00000160
00000000
00000000
000002AB
0000014A
00000161
00000000
00000001
000002AC
0000014B
00000161
00000000
00000000
000002AD
0000014B
00000162
00000000
00000001
000002AE
0000014C
00000162
00000000
00000001
000002AF
0000014D
00000162
00000000
00000001
000002B0
0000014E
00000162
00000000
00000001
000002B1
0000014F
00000162
00000000
00000000
000002B2
0000014F
00000163
00000000
00000001
000002B3
00000150
00000163
00000000
00000000
000002B4
00000150
00000164
00000000
00000001
000002B5
00000151
00000164
00000000
00000000
000002B6
00000151
00000165
00000000
00000000
000002B7
00000151
00000166
00000000
00000001
000002B8
00000152
00000166
00000000
00000001
000002B9
00000153
00000166
00000000
00000001
000002BA
00000154
00000166
00000000
00000001
000002BB
00000155
00000166
00000000
00000000
000002BC
00000155
00000167
00000000
00000000
000002BD
00000155
00000168
00000000
00000001
000002BE
00000156
00000168
00000000
00000001
000002BF
00000157
00000168
00000000
00000000
000002C0
00000157
00000169
00000000
00000000
000002C1
00000157
0000016A
00000000
00000001
000002C2
00000158
0000016A
00000000
00000001
000002C3
00000159
0000016A
00000000
00000001
000002C4
0000015A
0000016A
00000000
00000001
000002C5
0000015B
0000016A
00000000
00000000
000002C6
0000015B
0000016B
00000000
00000000
000002C7
0000015B
0000016C
00000000
00000000
000002C8
0000015B
0000016D
00000000
00000000
000002C9
0000015B
0000016E
00000001
00000000
000002CA
0000015B
0000016F
00000000
00000001
000002CB
0000015C
0000016F
00000000
00000001
000002CC
0000015D
0000016F
00000000
00000000
000002CD
0000015D
00000170
00000000
00000001
000002CE
0000015E
00000170
00000000
00000001
000002CF
0000015F
00000170
00000000
00000000
000002D0
0000015F
00000171
00000000
00000001
000002D1
00000160
00000171
00000000
00000001
000002D2
00000161
00000171
00000000
00000001
000002D3
00000162
00000171
00000000
00000001
000002D4
00000163
00000171
00000000
00000000
000002D5
00000163
00000172
00000000
00000000
000002D6
00000163
00000173
00000000
00000000
000002D7
00000163
00000174
00000000
00000000
000002D8
00000163
00000175
00000001
00000000
000002D9
00000163
00000176
00000000
00000001
000002DA
00000164
00000176
00000000
00000000
000002DB
00000164
00000177
00000000
00000000
000002DC
00000164
00000178
00000001
00000000
000002DD
00000164
00000179
00000000
00000000
000002DE
00000164
0000017A
00000001
00000001
000002DF
00000165
0000017A
00000001
00000001
000002E0
00000166
0000017A
00000001
00000000
000002E1
00000166
0000017B
00000001
00000000
000002E2
00000166
0000017C
00000001
00000001
000002E3
00000167
0000017C
00000001
00000000
000002E4
00000167
0000017D
00000000
00000000
000002E5
00000167
0000017E
00000001
00000001
000002E6
00000168
0000017E
00000001
00000000
000002E7
00000168
0000017F
00000001
00000001
000002E8
00000169
0000017F
00000001
00000001
000002E9
0000016A
0000017F
00000001
00000000
000002EA
0000016A
00000180
00000001
00000001
000002EB
0000016B
00000180
00000001
00000000
000002EC
0000016B
00000181
00000001
00000001
000002ED
0000016C
00000181
00000001
00000000
000002EE
0000016C
00000182
00000001
00000001
000002EF
0000016D
00000182
00000001
00000000
000002F0
0000016D
00000183
00000001
00000000
000002F1
0000016D
00000184
00000000
00000000
000002F2
0000016D
00000185
00000001
00000000
000002F3
0000016D
00000186
00000000
00000000
000002F4
0000016D
00000187
00000001
00000001
000002F5
0000016E
00000187
00000001
00000001
000002F6
0000016F
00000187
00000001
00000001
000002F7
00000170
00000187
00000001
00000000
000002F8
00000170
00000188
00000001
00000000
000002F9
00000170
00000189
00000001
00000001
000002FA
00000171
00000189
00000001
00000001
000002FB
00000172
00000189
00000001
00000001
000002FC
00000173
00000189
00000001
00000000
000002FD
00000173
0000018A
00000001
00000001
000002FE
00000174
0000018A
00000001
00000001
000002FF
00000175
0000018A
00000001
00000000
00000300
00000175
0000018B
00000001
00000001
00000301
00000176
0000018B
00000001
00000000
00000302
00000176
0000018C
00000001
00000000
00000303
00000176
0000018D
00000001
00000000
00000304
00000176
0000018E
00000000
00000000
00000305
00000176
0000018F
00000001
00000000
00000306
00000176
00000190
00000000
00000001
00000307
00000177
00000190
00000000
00000000
00000308
00000177
00000191
00000000
00000000
00000309
00000177
00000192
00000001
00000001
0000030A
00000178
00000192
00000001
00000000
0000030B
00000178
00000193
00000001
00000000
0000030C
00000178
00000194
00000000
00000001
0000030D
00000179
00000194
00000000
00000001
0000030E
0000017A
00000194
00000000
00000001
0000030F
0000017B
00000194
00000000
00000001
00000310
0000017C
00000194
00000000
00000000
00000311
0000017C
00000195
00000000
00000001
00000312
0000017D
00000195
00000000
00000000
00000313
0000017D
00000196
00000000
00000001
00000314
0000017E
00000196
00000000
00000001
00000315
0000017F
00000196
00000000
00000001
00000316
00000180
00000196
00000000
00000001
00000317
00000181
00000196
00000000
00000001
00000318
00000182
00000196
00000000
00000000
00000319
00000182
00000197
00000000
00000001
0000031A
00000183
00000197
00000000
00000000
0000031B
00000183
00000198
00000000
00000001
0000031C
00000184
00000198
00000000
00000001
0000031D
00000185
00000198
00000000
00000001
0000031E
00000186
00000198
00000000
00000001
0000031F
00000187
00000198
00000000
00000001
00000320
00000188
00000198
00000000
00000000
00000321
00000188
00000199
00000000
00000000
00000322
00000188
0000019A
00000000
00000001
00000323
00000189
0000019A
00000000
00000001
00000324
0000018A
0000019A
00000000
00000000
00000325
0000018A
0000019B
00000000
00000001
00000326
0000018B
0000019B
00000000
00000001
00000327
0000018C
0000019B
00000000
00000000
00000328
0000018C
0000019C
00000000
00000001
00000329
0000018D
0000019C
00000000
00000001
0000032A
0000018E
0000019C
00000000
00000001
0000032B
0000018F
0000019C
00000000
00000000
0000032C
0000018F
0000019D
00000000
00000000
0000032D
0000018F
0000019E
00000000
00000001
0000032E
00000190
0000019E
00000000
00000001
0000032F
00000191
0000019E
00000000
00000001
00000330
00000192
0000019E
00000000
00000000
00000331
00000192
0000019F
00000000
00000000
00000332
00000192
000001A0
00000000
00000000
00000333
00000192
000001A1
00000000
00000001
00000334
00000193
000001A1
00000000
00000001
00000335
00000194
000001A1
00000000
00000000
00000336
00000194
000001A2
00000000
00000000
00000337
00000194
000001A3
00000000
00000001
00000338
00000195
000001A3
00000000
00000001
00000339
00000196
000001A3
00000000
00000001
0000033A
00000197
000001A3
00000000
00000001
0000033B
00000198
000001A3
00000000
00000000
0000033C
00000198
000001A4
00000000
00000001
0000033D
00000199
000001A4
00000000
00000001
0000033E
0000019A
000001A4
00000000
00000000
0000033F
0000019A
000001A5
00000000
00000000
00000340
0000019A
000001A6
00000000
00000000
00000341
0000019A
000001A7
00000000
00000000
00000342
0000019A
000001A8
00000001
00000001
00000343
0000019B
000001A8
00000001
00000001
00000344
0000019C
000001A8
00000001
00000001
00000345
0000019D
000001A8
00000001
00000001
00000346
0000019E
000001A8
00000001
00000001
00000347
0000019F
000001A8
00000001
00000001
00000348
000001A0
000001A8
00000001
00000001
00000349
000001A1
000001A8
00000001
00000001
0000034A
000001A2
000001A8
00000001
00000001
0000034B
000001A3
000001A8
00000001
00000000
0000034C
000001A3
000001A9
00000001
00000001
0000034D
000001A4
000001A9
00000001
00000000
0000034E
000001A4
000001AA
00000001
00000000
0000034F
000001A4
000001AB
00000001
00000001
00000350
000001A5
000001AB
00000001
00000001
00000351
000001A6
000001AB
00000001
00000001
00000352
000001A7
000001AB
00000001
00000001
00000353
000001A8
000001AB
00000001
00000000
00000354
000001A8
000001AC
00000001
00000000
00000355
000001A8
000001AD
00000001
00000000
00000356
000001A8
000001AE
00000001
00000001
00000357
000001A9
000001AE
00000001
00000001
00000358
000001AA
000001AE
00000001
00000001
00000359
000001AB
000001AE
00000001
00000000
0000035A
000001AB
000001AF
00000001
00000001
0000035B
000001AC
000001AF
00000001
00000001
0000035C
000001AD
000001AF
00000001
00000000
0000035D
000001AD
000001B0
00000001
00000001
0000035E
000001AE
000001B0
00000001
00000001
0000035F
000001AF
000001B0
00000001
00000000
00000360
000001AF
000001B1
00000001
00000001
00000361
000001B0
000001B1
00000001
00000001
00000362
000001B1
000001B1
00000001
00000001
00000363
000001B2
000001B1
00000001
00000001
00000364
000001B3
000001B1
00000001
00000000
00000365
000001B3
000001B2
00000001
00000000
00000366
000001B3
000001B3
00000001
00000001
00000367
000001B4
000001B3
00000001
00000000
00000368
000001B4
000001B4
00000001
00000001
00000369
000001B5
000001B4
00000001
00000000
0000036A
000001B5
000001B5
00000001
00000000
0000036B
000001B5
000001B6
00000001
00000001
0000036C
000001B6
000001B6
00000001
00000001
0000036D
000001B7
000001B6
00000001
00000001
0000036E
000001B8
000001B6
00000001
00000001
0000036F
000001B9
000001B6
00000001
00000001
00000370
000001BA
000001B6
00000001
00000001
00000371
000001BB
000001B6
00000001
00000000
00000372
000001BB
000001B7
00000001
00000000
00000373
000001BB
000001B8
00000001
00000001
00000374
000001BC
000001B8
00000001
00000001
00000375
000001BD
000001B8
00000001
00000001
00000376
000001BE
000001B8
00000001
00000001
00000377
000001BF
000001B8
00000001
00000000
00000378
000001BF
000001B9
00000001
00000001
00000379
000001C0
000001B9
00000001
00000000
0000037A
000001C0
000001BA
00000001
00000000
0000037B
000001C0
000001BB
00000001
00000000
0000037C
000001C0
000001BC
00000001
00000000
0000037D
000001C0
000001BD
00000000
00000001
0000037E
000001C1
000001BD
00000000
00000001
0000037F
000001C2
000001BD
00000000
00000001
00000380
000001C3
000001BD
00000000
00000000
00000381
000001C3
000001BE
00000000
00000001
00000382
000001C4
000001BE
00000000
00000000
00000383
000001C4
000001BF
00000000
00000001
00000384
000001C5
000001BF
00000000
00000001
00000385
000001C6
000001BF
00000000
00000000
00000386
000001C6
000001C0
00000000
00000000
00000387
000001C6
000001C1
00000000
00000000
00000388
000001C6
000001C2
00000001
00000001
00000389
000001C7
000001C2
00000001
00000000
0000038A
000001C7
000001C3
00000001
00000000
0000038B
000001C7
000001C4
00000000
00000001
0000038C
000001C8
000001C4
00000000
00000000
0000038D
000001C8
000001C5
00000000
00000001
0000038E
000001C9
000001C5
00000000
00000001
0000038F
000001CA
000001C5
00000000
00000001
00000390
000001CB
000001C5
00000000
00000000
00000391
000001CB
000001C6
00000000
00000000
00000392
000001CB
000001C7
00000000
00000000
00000393
000001CB
000001C8
00000001
00000001
00000394
000001CC
000001C8
00000001
00000001
00000395
000001CD
000001C8
00000001
00000001
00000396
000001CE
000001C8
00000001
00000001
00000397
000001CF
000001C8
00000001
00000001
00000398
000001D0
000001C8
00000001
00000000
00000399
000001D0
000001C9
00000001
00000000
0000039A
000001D0
000001CA
00000001
00000001
0000039B
000001D1
000001CA
00000001
00000000
0000039C
000001D1
000001CB
00000001
00000001
0000039D
000001D2
000001CB
00000001
00000001
0000039E
000001D3
000001CB
00000001
00000000
0000039F
000001D3
000001CC
00000001
00000000
000003A0
000001D3
000001CD
00000001
00000001
000003A1
000001D4
000001CD
00000001
00000000
000003A2
000001D4
000001CE
00000001
00000000
000003A3
000001D4
000001CF
00000000
00000001
000003A4
000001D5
000001CF
00000000
00000000
000003A5
000001D5
000001D0
00000000
00000000
000003A6
000001D5
000001D1
00000001
00000000
000003A7
000001D5
000001D2
00000000
00000000
000003A8
000001D5
000001D3
00000001
00000001
000003A9
000001D6
000001D3
00000001
00000001
000003AA
000001D7
000001D3
00000001
00000001
000003AB
000001D8
000001D3
00000001
00000000
000003AC
000001D8
000001D4
00000001
00000001
000003AD
000001D9
000001D4
00000001
00000001
000003AE
000001DA
000001D4
00000001
00000001
000003AF
000001DB
000001D4
00000001
00000001
000003B0
000001DC
000001D4
00000001
00000000
000003B1
000001DC
000001D5
00000001
00000001
000003B2
000001DD
000001D5
00000001
00000000
000003B3
000001DD
000001D6
00000001
00000000
000003B4
000001DD
000001D7
00000001
00000001
000003B5
000001DE
000001D7
00000001
00000000
000003B6
000001DE
000001D8
00000001
00000000
000003B7
000001DE
000001D9
00000000
00000000
000003B8
000001DE
000001DA
00000001
00000000
000003B9
000001DE
000001DB
00000000
00000001
000003BA
000001DF
000001DB
00000000
00000000
000003BB
000001DF
000001DC
00000000
00000001
000003BC
000001E0
000001DC
00000000
00000000
000003BD
000001E0
000001DD
00000000
00000000
000003BE
000001E0
000001DE
00000001
00000000
000003BF
000001E0
000001DF
00000000
00000001
000003C0
000001E1
000001DF
00000000
00000001
000003C1
000001E2
000001DF
00000000
00000000
000003C2
000001E2
000001E0
00000000
00000000
000003C3
000001E2
000001E1
00000001
00000001
000003C4
000001E3
000001E1
00000001
00000000
000003C5
000001E3
000001E2
00000001
00000000
000003C6
000001E3
000001E3
00000000
00000001
000003C7
000001E4
000001E3
00000000
00000000
000003C8
000001E4
000001E4
00000000
00000001
000003C9
000001E5
000001E4
00000000
00000000
000003CA
000001E5
000001E5
00000000
00000000
000003CB
000001E5
000001E6
00000001
00000001
000003CC
000001E6
000001E6
00000001
00000000
000003CD
000001E6
000001E7
00000001
00000001
000003CE
000001E7
000001E7
00000001
00000000
000003CF
000001E7
000001E8
00000001
00000001
000003D0
000001E8
000001E8
00000001
00000001
000003D1
000001E9
000001E8
00000001
00000001
000003D2
000001EA
000001E8
00000001
00000001
000003D3
000001EB
000001E8
00000001
00000001
000003D4
000001EC
000001E8
00000001
00000001
000003D5
000001ED
000001E8
00000001
00000001
000003D6
000001EE
000001E8
00000001
00000001
000003D7
000001EF
000001E8
00000001
00000001
000003D8
000001F0
000001E8
00000001
00000001
000003D9
000001F1
000001E8
00000001
00000000
000003DA
000001F1
000001E9
00000001
00000000
000003DB
000001F1
000001EA
00000001
00000001
000003DC
000001F2
000001EA
00000001
00000000
000003DD
000001F2
000001EB
00000001
00000001
000003DE
000001F3
000001EB
00000001
00000001
000003DF
000001F4
000001EB
00000001
00000001
000003E0
000001F5
000001EB
00000001
00000000
000003E1
000001F5
000001EC
00000001
00000001
000003E2
000001F6
000001EC
00000001
00000000
000003E3
000001F6
000001ED
00000001
00000000
000003E4
000001F6
000001EE
00000001
00000000
000003E5
000001F6
000001EF
00000001
00000000
000003E6
000001F6
000001F0
00000000
00000001
000003E7
000001F7
000001F0
00000000
00000000
000003E8
000001F7
000001F1
00000000
00000000
000003E9
000001F7
000001F2
00000001
00000001
000003EA
000001F8
000001F2
00000001
00000000
000003EB
000001F8
000001F3
00000001
00000000
000003EC
000001F8
000001F4
00000000
00000001
000003ED
000001F9
000001F4
00000000
00000000
000003EE
000001F9
000001F5
00000000
00000000
000003EF
000001F9
000001F6
00000001
00000001
000003F0
000001FA
000001F6
00000001
00000001
000003F1
000001FB
000001F6
00000001
00000001
000003F2
000001FC
000001F6
00000001
00000000
000003F3
000001FC
000001F7
00000001
00000001
000003F4
000001FD
000001F7
00000001
00000000
000003F5
000001FD
000001F8
00000001
00000001
000003F6
000001FE
000001F8
00000001
00000000
000003F7
000001FE
000001F9
00000001
00000001
000003F8
000001FF
000001F9
00000001
00000000
000003F9
000001FF
000001FA
00000001
00000001
000003FA
00000200
000001FA
00000001
00000000
000003FB
00000200
000001FB
00000001
00000000
000003FC
00000200
000001FC
00000000
00000000
000003FD
00000200
000001FD
00000001
00000000
000003FE
00000200
000001FE
00000000
00000000
000003FF
00000200
000001FF
00000001
00000001
00000400
00000201
000001FF
00000001
00000000
00000401
00000201
00000200
00000001
00000001
00000402
00000202
00000200
00000001
00000001
00000403
00000203
00000200
00000001
00000001
00000404
00000204
00000200
00000001
00000001
00000405
00000205
00000200
00000001
00000000
00000406
00000205
00000201
00000001
00000000
00000407
00000205
00000202
00000001
00000000
00000408
00000205
00000203
00000001
00000000
00000409
00000205
00000204
00000000
00000000
0000040A
00000205
00000205
00000001
00000000
0000040B
00000205
00000206
00000000
00000000
0000040C
00000205
00000207
00000001
00000000
0000040D
00000205
00000208
00000000
00000001
0000040E
00000206
00000208
00000000
00000001
0000040F
00000207
00000208
00000000
00000000
00000410
00000207
00000209
00000000
00000001
00000411
00000208
00000209
00000000
00000000
00000412
00000208
0000020A
00000000
00000000
00000413
00000208
0000020B
00000001
00000000
00000414
00000208
0000020C
00000000
00000001
00000415
00000209
0000020C
00000000
00000001
00000416
0000020A
0000020C
00000000
00000001
00000417
0000020B
0000020C
00000000
00000000
00000418
0000020B
0000020D
00000000
00000000
00000419
0000020B
0000020E
00000000
00000001
0000041A
0000020C
0000020E
00000000
00000001
0000041B
0000020D
0000020E
00000000
00000000
0000041C
0000020D
0000020F
00000000
00000000
0000041D
0000020D
00000210
00000000
00000001
0000041E
0000020E
00000210
00000000
00000001
0000041F
0000020F
00000210
00000000
00000001
00000420
00000210
00000210
00000000
00000001
00000421
00000211
00000210
00000000
00000000
00000422
00000211
00000211
00000000
00000000
00000423
00000211
00000212
00000000
00000000
00000424
00000211
00000213
00000001
00000000
00000425
00000211
00000214
00000000
00000000
00000426
00000211
00000215
00000001
00000000
00000427
00000211
00000216
00000000
00000001
00000428
00000212
00000216
00000000
00000000
00000429
00000212
00000217
00000000
00000001
0000042A
00000213
00000217
00000000
00000000
0000042B
00000213
00000218
00000000
00000001
0000042C
00000214
00000218
00000000
00000000
0000042D
00000214
00000219
00000000
00000001
0000042E
00000215
00000219
00000000
00000000
0000042F
00000215
0000021A
00000000
00000000
00000430
00000215
0000021B
00000001
00000000
00000431
00000215
0000021C
00000000
00000000
00000432
00000215
0000021D
00000001
00000001
00000433
00000216
0000021D
00000001
00000001
00000434
00000217
0000021D
00000001
00000000
00000435
00000217
0000021E
00000001
00000001
00000436
00000218
0000021E
00000001
00000001
00000437
00000219
0000021E
00000001
00000001
00000438
0000021A
0000021E
00000001
00000000
00000439
0000021A
0000021F
00000001
00000000
0000043A
0000021A
00000220
00000001
00000001
0000043B
0000021B
00000220
00000001
00000001
0000043C
0000021C
00000220
00000001
00000000
0000043D
0000021C
00000221
00000001
00000001
0000043E
0000021D
00000221
00000001
00000000
0000043F
0000021D
00000222
00000001
00000001
00000440
0000021E
00000222
00000001
00000000
00000441
0000021E
00000223
00000001
00000000
00000442
0000021E
00000224
00000000
00000001
00000443
0000021F
00000224
00000000
00000001
00000444
00000220
00000224
00000000
00000000
00000445
00000220
00000225
00000000
00000000
00000446
00000220
00000226
00000001
00000000
00000447
00000220
00000227
00000000
00000001
00000448
00000221
00000227
00000000
00000001
00000449
00000222
00000227
00000000
00000000
0000044A
00000222
00000228
00000000
00000000
0000044B
00000222
00000229
00000000
00000001
0000044C
00000223
00000229
00000000
00000000
0000044D
00000223
0000022A
00000000
00000000
0000044E
00000223
0000022B
00000001
00000000
0000044F
00000223
0000022C
00000000
00000001
00000450
00000224
0000022C
00000000
00000001
00000451
00000225
0000022C
00000000
00000000
00000452
00000225
0000022D
00000000
00000000
00000453
00000225
0000022E
00000001
00000000
00000454
00000225
0000022F
00000000
00000001
00000455
00000226
0000022F
00000000
00000000
00000456
00000226
00000230
00000000
00000001
00000457
00000227
00000230
00000000
00000000
00000458
00000227
00000231
00000000
00000000
00000459
00000227
00000232
00000001
00000001
0000045A
00000228
00000232
00000001
00000001
0000045B
00000229
00000232
00000001
00000000
0000045C
00000229
00000233
00000001
00000001
0000045D
0000022A
00000233
00000001
00000000
0000045E
0000022A
00000234
00000001
00000000
0000045F
0000022A
00000235
00000000
00000000
00000460
0000022A
00000236
00000001
00000000
00000461
0000022A
00000237
00000000
00000001
00000462
0000022B
00000237
00000000
00000000
00000463
0000022B
00000238
00000000
00000000
00000464
0000022B
00000239
00000001
00000000
00000465
0000022B
0000023A
00000000
00000000
00000466
0000022B
0000023B
00000001
00000000
00000467
0000022B
0000023C
00000000
00000000
00000468
0000022B
0000023D
00000001
00000001
00000469
0000022C
0000023D
00000001
00000001
0000046A
0000022D
0000023D
00000001
00000001
0000046B
0000022E
0000023D
00000001
00000000
0000046C
0000022E
0000023E
00000001
00000000
0000046D
0000022E
0000023F
00000001
00000000
0000046E
0000022E
00000240
00000000
00000001
0000046F
0000022F
00000240
00000000
00000001
00000470
00000230
00000240
00000000
00000001
00000471
00000231
00000240
00000000
00000001
00000472
00000232
00000240
00000000
00000000
00000473
00000232
00000241
00000000
00000001
00000474
00000233
00000241
00000000
00000000
00000475
00000233
00000242
00000000
00000000
00000476
00000233
00000243
00000000
00000001
00000477
00000234
00000243
00000000
00000001
00000478
00000235
00000243
00000000
00000001
00000479
00000236
00000243
00000000
00000001
0000047A
00000237
00000243
00000000
00000000
0000047B
00000237
00000244
00000000
00000001
0000047C
00000238
00000244
00000000
00000000
0000047D
00000238
00000245
00000000
00000001
0000047E
00000239
00000245
00000000
00000000
0000047F
00000239
00000246
00000000
00000000
00000480
00000239
00000247
00000000
00000000
00000481
00000239
00000248
00000001
00000001
00000482
0000023A
00000248
00000001
00000001
00000483
0000023B
00000248
00000001
00000001
00000484
0000023C
00000248
00000001
00000000
00000485
0000023C
00000249
00000001
00000000
00000486
0000023C
0000024A
00000001
00000000
00000487
0000023C
0000024B
00000000
00000001
00000488
0000023D
0000024B
00000000
00000000
00000489
0000023D
0000024C
00000000
00000001
0000048A
0000023E
0000024C
00000000
00000000
0000048B
0000023E
0000024D
00000000
00000000
0000048C
0000023E
0000024E
00000001
00000000
0000048D
0000023E
0000024F
00000000
00000000
0000048E
0000023E
00000250
00000001
00000000
0000048F
0000023E
00000251
00000000
00000000
00000490
0000023E
00000252
00000001
00000001
00000491
0000023F
00000252
00000001
00000000
00000492
0000023F
00000253
00000001
00000001
00000493
00000240
00000253
00000001
00000001
00000494
00000241
00000253
00000001
00000001
00000495
00000242
00000253
00000001
00000000
00000496
00000242
00000254
00000001
00000001
00000497
00000243
00000254
00000001
00000000
00000498
00000243
00000255
00000001
00000000
00000499
00000243
00000256
00000001
00000000
0000049A
00000243
00000257
00000000
00000000
0000049B
00000243
00000258
00000001
00000000
0000049C
00000243
00000259
00000000
00000000
0000049D
00000243
0000025A
00000001
00000001
0000049E
00000244
0000025A
00000001
00000001
0000049F
00000245
0000025A
00000001
00000001
000004A0
00000246
0000025A
00000001
00000001
000004A1
00000247
0000025A
00000001
00000000
000004A2
00000247
0000025B
00000001
00000000
000004A3
00000247
0000025C
00000001
00000001
000004A4
00000248
0000025C
00000001
00000001
000004A5
00000249
0000025C
00000001
00000000
000004A6
00000249
0000025D
00000001
00000000
000004A7
00000249
0000025E
00000001
00000000
000004A8
00000249
0000025F
00000000
00000000
000004A9
00000249
00000260
00000001
00000000
000004AA
00000249
00000261
00000000
00000001
000004AB
0000024A
00000261
00000000
00000001
000004AC
0000024B
00000261
00000000
00000000
000004AD
0000024B
00000262
00000000
00000000
000004AE
0000024B
00000263
00000000
00000000
000004AF
0000024B
00000264
00000001
00000000
000004B0
0000024B
00000265
00000000
00000001
000004B1
0000024C
00000265
00000000
00000000
000004B2
0000024C
00000266
00000000
00000001
000004B3
0000024D
00000266
00000000
00000000
000004B4
0000024D
00000267
00000001
00000000
000004B5
0000024D
00000268
00000000
00000001
000004B6
0000024E
00000268
00000000
00000001
000004B7
0000024F
00000268
00000000
00000001
000004B8
00000250
00000268
00000000
00000001
000004B9
00000251
00000268
00000000
00000001
000004BA
00000252
00000268
00000000
00000001
000004BB
00000253
00000268
00000000
00000000
000004BC
00000253
00000269
00000000
00000001
000004BD
00000254
00000269
00000000
00000000
000004BE
00000254
0000026A
00000000
00000001
000004BF
00000255
0000026A
00000000
00000000
000004C0
00000255
0000026B
00000000
00000000
000004C1
00000255
0000026C
00000000
00000000
000004C2
00000255
0000026D
00000000
00000000
000004C3
00000255
0000026E
00000001
00000001
000004C4
00000256
0000026E
00000001
00000000
000004C5
00000256
0000026F
00000001
00000001
000004C6
00000257
0000026F
00000001
00000001
000004C7
00000258
0000026F
00000001
00000000
000004C8
00000258
00000270
00000001
00000000
000004C9
00000258
00000271
00000000
00000001
000004CA
00000259
00000271
00000000
00000001
000004CB
0000025A
00000271
00000000
00000001
000004CC
0000025B
00000271
00000000
00000001
000004CD
0000025C
00000271
00000000
00000001
000004CE
0000025D
00000271
00000000
00000000
000004CF
0000025D
00000272
00000000
00000000
000004D0
0000025D
00000273
00000000
00000001
000004D1
0000025E
00000273
00000000
00000001
000004D2
0000025F
00000273
00000000
00000000
000004D3
0000025F
00000274
00000000
00000000
000004D4
0000025F
00000275
00000000
00000001
000004D5
00000260
00000275
00000000
00000000
000004D6
00000260
00000276
00000000
00000000
000004D7
00000260
00000277
00000001
00000000
000004D8
00000260
00000278
00000000
00000000
000004D9
00000260
00000279
00000001
00000000
000004DA
00000260
0000027A
00000000
00000000
000004DB
00000260
0000027B
00000001
00000001
000004DC
00000261
0000027B
00000001
00000000
000004DD
00000261
0000027C
00000001
00000000
000004DE
00000261
0000027D
00000000
00000001
000004DF
00000262
0000027D
00000000
00000000
000004E0
00000262
0000027E
00000000
00000001
000004E1
00000263
0000027E
00000000
00000001
000004E2
00000264
0000027E
00000000
00000000
000004E3
00000264
0000027F
00000000
00000001
000004E4
00000265
0000027F
00000000
00000001
000004E5
00000266
0000027F
00000000
00000000
000004E6
00000266
00000280
00000000
00000000
000004E7
00000266
00000281
00000000
00000001
000004E8
00000267
00000281
00000000
00000000
000004E9
00000267
00000282
00000000
00000000
000004EA
00000267
00000283
00000001
00000001
000004EB
00000268
00000283
00000001
00000000
000004EC
00000268
00000284
00000001
00000001
000004ED
00000269
00000284
00000001
00000001
000004EE
0000026A
00000284
00000001
00000000
000004EF
0000026A
00000285
00000001
00000000
000004F0
0000026A
00000286
00000000
00000001
000004F1
0000026B
00000286
00000000
00000001
000004F2
0000026C
00000286
00000000
00000000
000004F3
0000026C
00000287
00000000
00000001
000004F4
0000026D
00000287
00000000
00000000
000004F5
0000026D
00000288
00000000
00000001
000004F6
0000026E
00000288
00000000
00000000
000004F7
0000026E
00000289
00000000
00000000
000004F8
0000026E
0000028A
00000001
00000001
000004F9
0000026F
0000028A
00000001
00000000
000004FA
0000026F
0000028B
00000001
00000001
000004FB
00000270
0000028B
00000001
00000001
000004FC
00000271
0000028B
00000001
00000001
000004FD
00000272
0000028B
00000001
00000000
000004FE
00000272
0000028C
00000001
00000001
000004FF
00000273
0000028C
00000001
00000001
00000500
00000274
0000028C
00000001
00000000
00000501
00000274
0000028D
00000001
00000001
00000502
00000275
0000028D
00000001
00000001
00000503
00000276
0000028D
00000001
00000000
00000504
00000276
0000028E
00000001
00000001
00000505
00000277
0000028E
00000001
00000000
00000506
00000277
0000028F
00000001
00000001
00000507
00000278
0000028F
00000001
00000001
00000508
00000279
0000028F
00000001
00000001
00000509
0000027A
0000028F
00000001
00000000
0000050A
0000027A
00000290
00000001
00000001
0000050B
0000027B
00000290
00000001
00000000
0000050C
0000027B
00000291
00000001
00000001
0000050D
0000027C
00000291
00000001
00000001
0000050E
0000027D
00000291
00000001
00000000
0000050F
0000027D
00000292
00000001
00000000
00000510
0000027D
00000293
00000001
00000001
00000511
0000027E
00000293
00000001
00000000
00000512
0000027E
00000294
00000001
00000001
00000513
0000027F
00000294
00000001
00000001
00000514
00000280
00000294
00000001
00000000
00000515
00000280
00000295
00000001
00000000
00000516
00000280
00000296
00000001
00000000
00000517
00000280
00000297
00000000
00000001
00000518
00000281
00000297
00000000
00000000
00000519
00000281
00000298
00000000
00000001
0000051A
00000282
00000298
00000000
00000001
0000051B
00000283
00000298
00000000
00000000
0000051C
00000283
00000299
00000000
00000001
0000051D
00000284
00000299
00000000
00000001
0000051E
00000285
00000299
00000000
00000000
0000051F
00000285
0000029A
00000000
00000000
00000520
00000285
0000029B
00000000
00000000
00000521
00000285
0000029C
00000001
00000000
00000522
00000285
0000029D
00000000
00000000
00000523
00000285
0000029E
00000001
00000000
00000524
00000285
0000029F
00000000
00000001
00000525
00000286
0000029F
00000000
00000001
00000526
00000287
0000029F
00000000
00000000
00000527
00000287
000002A0
00000000
00000001
00000528
00000288
000002A0
00000000
00000001
00000529
00000289
000002A0
00000000
00000000
0000052A
00000289
000002A1
00000000
00000001
0000052B
0000028A
000002A1
00000000
00000000
0000052C
0000028A
000002A2
00000000
00000001
0000052D
0000028B
000002A2
00000000
00000001
0000052E
0000028C
000002A2
00000000
00000001
0000052F
0000028D
000002A2
00000000
00000001
00000530
0000028E
000002A2
00000000
00000001
00000531
0000028F
000002A2
00000000
00000001
00000532
00000290
000002A2
00000000
00000001
00000533
00000291
000002A2
00000000
00000001
00000534
00000292
000002A2
00000000
00000001
00000535
00000293
000002A2
00000000
00000000
00000536
00000293
000002A3
00000000
00000001
00000537
00000294
000002A3
00000000
00000001
00000538
00000295
000002A3
00000000
00000000
00000539
00000295
000002A4
00000000
00000000
0000053A
00000295
000002A5
00000000
00000001
0000053B
00000296
000002A5
00000000
00000001
0000053C
00000297
000002A5
00000000
00000000
0000053D
00000297
000002A6
00000000
00000000
0000053E
00000297
000002A7
00000000
00000001
0000053F
00000298
000002A7
00000000
00000000
00000540
00000298
000002A8
00000000
00000001
00000541
00000299
000002A8
00000000
00000001
00000542
0000029A
000002A8
00000000
00000000
00000543
0000029A
000002A9
00000000
00000000
00000544
0000029A
000002AA
00000000
00000001
00000545
0000029B
000002AA
00000000
00000001
00000546
0000029C
000002AA
00000000
00000000
00000547
0000029C
000002AB
00000000
00000000
00000548
0000029C
000002AC
00000000
00000001
00000549
0000029D
000002AC
00000000
00000000
0000054A
0000029D
000002AD
00000000
00000001
0000054B
0000029E
000002AD
00000000
00000001
0000054C
0000029F
000002AD
00000000
00000001
0000054D
000002A0
000002AD
00000000
00000001
0000054E
000002A1
000002AD
00000000
00000000
0000054F
000002A1
000002AE
00000000
00000000
00000550
000002A1
000002AF
00000000
00000000
00000551
000002A1
000002B0
00000000
00000001
00000552
000002A2
000002B0
00000000
00000001
00000553
000002A3
000002B0
00000000
00000001
00000554
000002A4
000002B0
00000000
00000000
00000555
000002A4
000002B1
00000000
00000000
00000556
000002A4
000002B2
00000000
00000001
00000557
000002A5
000002B2
00000000
00000001
00000558
000002A6
000002B2
00000000
00000001
00000559
000002A7
000002B2
00000000
00000001
0000055A
000002A8
000002B2
00000000
00000000
0000055B
000002A8
000002B3
00000000
00000001
0000055C
000002A9
000002B3
00000000
00000001
0000055D
000002AA
000002B3
00000000
00000001
0000055E
000002AB
000002B3
00000000
00000001
0000055F
000002AC
000002B3
00000000
00000001
00000560
000002AD
000002B3
00000000
00000000
00000561
000002AD
000002B4
00000000
00000000
00000562
000002AD
000002B5
00000000
00000001
00000563
000002AE
000002B5
00000000
00000000
00000564
000002AE
000002B6
00000000
00000001
00000565
000002AF
000002B6
00000000
00000000
00000566
000002AF
000002B7
00000000
00000000
00000567
000002AF
000002B8
00000000
00000000
00000568
000002AF
000002B9
00000001
00000001
00000569
000002B0
000002B9
00000001
00000000
0000056A
000002B0
000002BA
00000001
00000000
0000056B
000002B0
000002BB
00000000
00000001
0000056C
000002B1
000002BB
00000000
00000000
0000056D
000002B1
000002BC
00000000
00000000
0000056E
000002B1
000002BD
00000001
00000000
0000056F
000002B1
000002BE
00000000
00000000
00000570
000002B1
000002BF
00000001
00000000
00000571
000002B1
000002C0
00000000
00000000
00000572
000002B1
000002C1
00000001
00000001
00000573
000002B2
000002C1
00000001
00000000
00000574
000002B2
000002C2
00000001
00000001
00000575
000002B3
000002C2
00000001
00000001
00000576
000002B4
000002C2
00000001
00000001
00000577
000002B5
000002C2
00000001
00000001
00000578
000002B6
000002C2
00000001
00000001
00000579
000002B7
000002C2
00000001
00000001
0000057A
000002B8
000002C2
00000001
00000001
0000057B
000002B9
000002C2
00000001
00000001
0000057C
000002BA
000002C2
00000001
00000000
0000057D
000002BA
000002C3
00000001
00000001
0000057E
000002BB
000002C3
00000001
00000001
0000057F
000002BC
000002C3
00000001
00000000
00000580
000002BC
000002C4
00000001
00000001
00000581
000002BD
000002C4
00000001
00000000
00000582
000002BD
000002C5
00000001
00000000
00000583
000002BD
000002C6
00000001
00000000
00000584
000002BD
000002C7
00000001
00000001
00000585
000002BE
000002C7
00000001
00000000
00000586
000002BE
000002C8
00000001
00000001
00000587
000002BF
000002C8
00000001
00000000
00000588
000002BF
000002C9
00000001
00000000
00000589
000002BF
000002CA
00000000
00000001
0000058A
000002C0
000002CA
00000000
00000000
0000058B
000002C0
000002CB
00000000
00000001
0000058C
000002C1
000002CB
00000000
00000000
0000058D
000002C1
000002CC
00000000
00000001
0000058E
000002C2
000002CC
00000000
00000001
0000058F
000002C3
000002CC
00000000
00000001
00000590
000002C4
000002CC
00000000
00000001
00000591
000002C5
000002CC
00000000
00000000
00000592
000002C5
000002CD
00000000
00000000
00000593
000002C5
000002CE
00000000
00000001
00000594
000002C6
000002CE
00000000
00000001
00000595
000002C7
000002CE
00000000
00000001
00000596
000002C8
000002CE
00000000
00000001
00000597
000002C9
000002CE
00000000
00000000
00000598
000002C9
000002CF
00000000
00000001
00000599
000002CA
000002CF
00000000
00000001
0000059A
000002CB
000002CF
00000000
00000000
0000059B
000002CB
000002D0
00000000
00000000
0000059C
000002CB
000002D1
00000000
00000000
0000059D
000002CB
000002D2
00000000
00000000
0000059E
000002CB
000002D3
00000001
00000001
0000059F
000002CC
000002D3
00000001
00000000
000005A0
000002CC
000002D4
00000001
00000000
000005A1
000002CC
000002D5
00000000
00000001
000005A2
000002CD
000002D5
00000000
00000000
000005A3
000002CD
000002D6
00000000
00000001
000005A4
000002CE
000002D6
00000000
00000001
000005A5
000002CF
000002D6
00000000
00000001
000005A6
000002D0
000002D6
00000000
00000001
000005A7
000002D1
000002D6
00000000
00000000
000005A8
000002D1
000002D7
00000000
00000000
000005A9
000002D1
000002D8
00000000
00000001
000005AA
000002D2
000002D8
00000000
00000001
000005AB
000002D3
000002D8
00000000
00000001
000005AC
000002D4
000002D8
00000000
00000001
000005AD
000002D5
000002D8
00000000
00000001
000005AE
000002D6
000002D8
00000000
00000001
000005AF
000002D7
000002D8
00000000
00000001
000005B0
000002D8
000002D8
00000000
00000001
000005B1
000002D9
000002D8
00000000
00000000
000005B2
000002D9
000002D9
00000000
00000000
000005B3
000002D9
000002DA
00000000
00000000
000005B4
000002D9
000002DB
00000000
00000001
000005B5
000002DA
000002DB
00000000
00000000
000005B6
000002DA
000002DC
00000000
00000000
000005B7
000002DA
000002DD
00000000
00000000
000005B8
000002DA
000002DE
00000001
00000001
000005B9
000002DB
000002DE
00000001
00000000
000005BA
000002DB
000002DF
00000001
00000000
000005BB
000002DB
000002E0
00000000
00000000
000005BC
000002DB
000002E1
00000001
00000001
000005BD
000002DC
000002E1
00000001
00000001
000005BE
000002DD
000002E1
00000001
00000001
000005BF
000002DE
000002E1
00000001
00000000
000005C0
000002DE
000002E2
00000001
00000000
000005C1
000002DE
000002E3
00000001
00000001
000005C2
000002DF
000002E3
00000001
00000000
000005C3
000002DF
000002E4
00000001
00000000
000005C4
000002DF
000002E5
00000000
00000001
000005C5
000002E0
000002E5
00000000
00000000
000005C6
000002E0
000002E6
00000000
00000000
000005C7
000002E0
000002E7
00000001
00000000
000005C8
000002E0
000002E8
00000000
00000001
000005C9
000002E1
000002E8
00000000
00000000
000005CA
000002E1
000002E9
00000000
00000000
000005CB
000002E1
000002EA
00000001
00000001
000005CC
000002E2
000002EA
00000001
00000001
000005CD
000002E3
000002EA
00000001
00000000
000005CE
000002E3
000002EB
00000001
00000001
000005CF
000002E4
000002EB
00000001
00000001
000005D0
000002E5
000002EB
00000001
00000001
000005D1
000002E6
000002EB
00000001
00000001
000005D2
000002E7
000002EB
00000001
00000001
000005D3
000002E8
000002EB
00000001
00000000
000005D4
000002E8
000002EC
00000001
00000000
000005D5
000002E8
000002ED
00000001
00000000
000005D6
000002E8
000002EE
00000001
00000001
000005D7
000002E9
000002EE
00000001
00000001
000005D8
000002EA
000002EE
00000001
00000000
000005D9
000002EA
000002EF
00000001
00000001
000005DA
000002EB
000002EF
00000001
00000001
000005DB
000002EC
000002EF
00000001
00000000
000005DC
000002EC
000002F0
00000001
00000001
000005DD
000002ED
000002F0
00000001
00000000
000005DE
000002ED
000002F1
00000001
00000001
000005DF
000002EE
000002F1
00000001
00000001
000005E0
000002EF
000002F1
00000001
00000000
000005E1
000002EF
000002F2
00000001
00000000
000005E2
000002EF
000002F3
00000001
00000001
000005E3
000002F0
000002F3
00000001
00000001
000005E4
000002F1
000002F3
00000001
00000000
000005E5
000002F1
000002F4
00000001
00000000
000005E6
000002F1
000002F5
00000001
00000001
000005E7
000002F2
000002F5
00000001
00000000
000005E8
000002F2
000002F6
00000001
00000000
000005E9
000002F2
000002F7
00000000
00000001
000005EA
000002F3
000002F7
00000000
00000001
000005EB
000002F4
000002F7
00000000
00000000
000005EC
000002F4
000002F8
00000000
00000001
000005ED
000002F5
000002F8
00000000
00000001
000005EE
000002F6
000002F8
00000000
00000001
000005EF
000002F7
000002F8
00000000
00000001
000005F0
000002F8
000002F8
00000000
00000000
000005F1
000002F8
000002F9
00000000
00000000
000005F2
000002F8
000002FA
00000000
00000001
000005F3
000002F9
000002FA
00000000
00000001
000005F4
000002FA
000002FA
00000000
00000000
000005F5
000002FA
000002FB
00000000
00000001
000005F6
000002FB
000002FB
00000000
00000000
000005F7
000002FB
000002FC
00000000
00000001
000005F8
000002FC
000002FC
00000000
00000000
000005F9
000002FC
000002FD
00000000
00000000
000005FA
000002FC
000002FE
00000000
00000000
000005FB
000002FC
000002FF
00000001
00000000
000005FC
000002FC
00000300
00000000
00000000
000005FD
000002FC
00000301
00000001
00000000
000005FE
000002FC
00000302
00000000
00000000
000005FF
000002FC
00000303
00000001
00000001
00000600
000002FD
00000303
00000001
00000001
00000601
000002FE
00000303
00000001
00000001
00000602
000002FF
00000303
00000001
00000000
00000603
000002FF
00000304
00000001
00000000
00000604
000002FF
00000305
00000001
00000000
00000605
000002FF
00000306
00000000
00000001
00000606
00000300
00000306
00000000
00000000
00000607
00000300
00000307
00000000
00000001
00000608
00000301
00000307
00000000
00000001
00000609
00000302
00000307
00000000
00000001
0000060A
00000303
00000307
00000000
00000001
0000060B
00000304
00000307
00000000
00000001
0000060C
00000305
00000307
00000000
00000001
0000060D
00000306
00000307
00000000
00000000
0000060E
00000306
00000308
00000000
00000001
0000060F
00000307
00000308
00000000
00000001
00000610
00000308
00000308
00000000
00000001
00000611
00000309
00000308
00000000
00000001
00000612
0000030A
00000308
00000000
00000001
00000613
0000030B
00000308
00000000
00000000
00000614
0000030B
00000309
00000000
00000001
00000615
0000030C
00000309
00000000
00000001
00000616
0000030D
00000309
00000000
00000000
00000617
0000030D
0000030A
00000000
00000001
00000618
0000030E
0000030A
00000000
00000000
00000619
0000030E
0000030B
00000000
00000001
0000061A
0000030F
0000030B
00000000
00000000
0000061B
0000030F
0000030C
00000000
00000000
0000061C
0000030F
0000030D
00000000
00000000
0000061D
0000030F
0000030E
00000000
00000001
0000061E
00000310
0000030E
00000000
00000001
0000061F
00000311
0000030E
00000000
00000000
00000620
00000311
0000030F
00000000
00000001
00000621
00000312
0000030F
00000000
00000001
00000622
00000313
0000030F
00000000
00000000
00000623
00000313
00000310
00000000
00000000
00000624
00000313
00000311
00000000
00000001
00000625
00000314
00000311
00000000
00000001
00000626
00000315
00000311
00000000
00000000
00000627
00000315
00000312
00000000
00000000
00000628
00000315
00000313
00000001
00000000
00000629
00000315
00000314
00000000
00000000
0000062A
00000315
00000315
00000001
00000000
0000062B
00000315
00000316
00000000
00000001
0000062C
00000316
00000316
00000000
00000000
0000062D
00000316
00000317
00000000
00000001
0000062E
00000317
00000317
00000000
00000000
0000062F
00000317
00000318
00000000
00000000
00000630
00000317
00000319
00000001
00000001
00000631
00000318
00000319
00000001
00000000
00000632
00000318
0000031A
00000001
00000000
00000633
00000318
0000031B
00000000
00000001
00000634
00000319
0000031B
00000000
00000001
00000635
0000031A
0000031B
00000000
00000001
00000636
0000031B
0000031B
00000000
00000001
00000637
0000031C
0000031B
00000000
00000001
00000638
0000031D
0000031B
00000000
00000000
00000639
0000031D
0000031C
00000000
00000000
0000063A
0000031D
0000031D
00000000
00000001
0000063B
0000031E
0000031D
00000000
00000000
0000063C
0000031E
0000031E
00000000
00000001
0000063D
0000031F
0000031E
00000000
00000000
0000063E
0000031F
0000031F
00000000
00000000
0000063F
0000031F
00000320
00000000
00000001
00000640
00000320
00000320
00000000
00000001
00000641
00000321
00000320
00000000
00000000
00000642
00000321
00000321
00000000
00000001
00000643
00000322
00000321
00000000
00000001
00000644
00000323
00000321
00000000
00000000
00000645
00000323
00000322
00000000
00000001
00000646
00000324
00000322
00000000
00000000
00000647
00000324
00000323
00000000
00000001
00000648
00000325
00000323
00000000
00000000
00000649
00000325
00000324
00000000
00000001
0000064A
00000326
00000324
00000000
00000001
0000064B
00000327
00000324
00000000
00000000
0000064C
00000327
00000325
00000000
00000001
0000064D
00000328
00000325
00000000
00000001
0000064E
00000329
00000325
00000000
00000000
0000064F
00000329
00000326
00000000
00000001
00000650
0000032A
00000326
00000000
00000001
00000651
0000032B
00000326
00000000
00000001
00000652
0000032C
00000326
00000000
00000001
00000653
0000032D
00000326
00000000
00000000
00000654
0000032D
00000327
00000000
00000001
00000655
0000032E
00000327
00000000
00000000
00000656
0000032E
00000328
00000000
00000000
00000657
0000032E
00000329
00000000
00000001
00000658
0000032F
00000329
00000000
00000000
00000659
0000032F
0000032A
00000000
00000000
0000065A
0000032F
0000032B
00000001
00000001
0000065B
00000330
0000032B
00000001
00000000
0000065C
00000330
0000032C
00000000
00000001
0000065D
00000331
0000032C
00000000
00000001
0000065E
00000332
0000032C
00000000
00000001
0000065F
00000333
0000032C
00000000
00000000
00000660
00000333
0000032D
00000000
00000000
00000661
00000333
0000032E
00000000
00000001
00000662
00000334
0000032E
00000000
00000001
00000663
00000335
0000032E
00000000
00000001
00000664
00000336
0000032E
00000000
00000001
00000665
00000337
0000032E
00000000
00000000
00000666
00000337
0000032F
00000000
00000000
00000667
00000337
00000330
00000000
00000000
00000668
00000337
00000331
00000000
00000001
00000669
00000338
00000331
00000000
00000000
0000066A
00000338
00000332
00000000
00000001
0000066B
00000339
00000332
00000000
00000001
0000066C
0000033A
00000332
00000000
00000000
0000066D
0000033A
00000333
00000000
00000001
0000066E
0000033B
00000333
00000000
00000001
0000066F
0000033C
00000333
00000000
00000000
00000670
0000033C
00000334
00000000
00000001
00000671
0000033D
00000334
00000000
00000001
00000672
0000033E
00000334
00000000
00000001
00000673
0000033F
00000334
00000000
00000001
00000674
00000340
00000334
00000000
00000000
00000675
00000340
00000335
00000000
00000000
00000676
00000340
00000336
00000000
00000000
00000677
00000340
00000337
00000000
00000001
00000678
00000341
00000337
00000000
00000001
00000679
00000342
00000337
00000000
00000001
0000067A
00000343
00000337
00000000
00000000
0000067B
00000343
00000338
00000000
00000000
0000067C
00000343
00000339
00000000
00000001
0000067D
00000344
00000339
00000000
00000001
0000067E
00000345
00000339
00000000
00000001
0000067F
00000346
00000339
00000000
00000000
00000680
00000346
0000033A
00000000
00000001
00000681
00000347
0000033A
00000000
00000000
00000682
00000347
0000033B
00000000
00000001
00000683
00000348
0000033B
00000000
00000001
00000684
00000349
0000033B
00000000
00000000
00000685
00000349
0000033C
00000000
00000000
00000686
00000349
0000033D
00000000
00000000
00000687
00000349
0000033E
00000001
00000001
00000688
0000034A
0000033E
00000001
00000000
00000689
0000034A
0000033F
00000001
00000001
0000068A
0000034B
0000033F
00000001
00000000
0000068B
0000034B
00000340
00000000
00000000
0000068C
0000034B
00000341
00000001
00000001
0000068D
0000034C
00000341
00000001
00000001
0000068E
0000034D
00000341
00000001
00000000
0000068F
0000034D
00000342
00000001
00000001
00000690
0000034E
00000342
00000001
00000001
00000691
0000034F
00000342
00000001
00000000
00000692
0000034F
00000343
00000001
00000001
00000693
00000350
00000343
00000001
00000001
00000694
00000351
00000343
00000001
00000000
00000695
00000351
00000344
00000001
00000001
00000696
00000352
00000344
00000001
00000001
00000697
00000353
00000344
00000001
00000001
00000698
00000354
00000344
00000001
00000000
00000699
00000354
00000345
00000001
00000000
0000069A
00000354
00000346
00000001
00000001
0000069B
00000355
00000346
00000001
00000000
0000069C
00000355
00000347
00000001
00000000
0000069D
00000355
00000348
00000001
00000001
0000069E
00000356
00000348
00000001
00000000
0000069F
00000356
00000349
00000000
00000000
000006A0
00000356
0000034A
00000001
00000001
000006A1
00000357
0000034A
00000001
00000000
000006A2
00000357
0000034B
00000001
00000001
000006A3
00000358
0000034B
00000001
00000001
000006A4
00000359
0000034B
00000001
00000000
000006A5
00000359
0000034C
00000001
00000000
000006A6
00000359
0000034D
00000000
00000000
000006A7
00000359
0000034E
00000001
00000001
000006A8
0000035A
0000034E
00000001
00000000
000006A9
0000035A
0000034F
00000001
00000001
000006AA
0000035B
0000034F
00000001
00000001
000006AB
0000035C
0000034F
00000001
00000001
000006AC
0000035D
0000034F
00000001
00000000
000006AD
0000035D
00000350
00000001
00000001
000006AE
0000035E
00000350
00000001
00000001
000006AF
0000035F
00000350
00000001
00000000
000006B0
0000035F
00000351
00000001
00000000
000006B1
0000035F
00000352
00000001
00000001
000006B2
00000360
00000352
00000001
00000001
000006B3
00000361
00000352
00000001
00000000
000006B4
00000361
00000353
00000001
00000001
000006B5
00000362
00000353
00000001
00000001
000006B6
00000363
00000353
00000001
00000000
000006B7
00000363
00000354
00000001
00000000
000006B8
00000363
00000355
00000001
00000001
000006B9
00000364
00000355
00000001
00000001
000006BA
00000365
00000355
00000001
00000001
000006BB
00000366
00000355
00000001
00000001
000006BC
00000367
00000355
00000001
00000000
000006BD
00000367
00000356
00000001
00000000
000006BE
00000367
00000357
00000001
00000000
000006BF
00000367
00000358
00000001
00000001
000006C0
00000368
00000358
00000001
00000000
000006C1
00000368
00000359
00000001
00000000
000006C2
00000368
0000035A
00000000
00000000
000006C3
00000368
0000035B
00000001
00000001
000006C4
00000369
0000035B
00000001
00000001
000006C5
0000036A
0000035B
00000001
00000001
000006C6
0000036B
0000035B
00000001
00000000
000006C7
0000036B
0000035C
00000001
00000000
000006C8
0000036B
0000035D
00000001
00000000
000006C9
0000036B
0000035E
00000000
00000000
000006CA
0000036B
0000035F
00000001
00000001
000006CB
0000036C
0000035F
00000001
00000001
000006CC
0000036D
0000035F
00000001
00000001
000006CD
0000036E
0000035F
00000001
00000000
000006CE
0000036E
00000360
00000001
00000000
000006CF
0000036E
00000361
00000001
00000000
000006D0
0000036E
00000362
00000000
00000001
000006D1
0000036F
00000362
00000000
00000000
000006D2
0000036F
00000363
00000000
00000001
000006D3
00000370
00000363
00000000
00000000
000006D4
00000370
00000364
00000000
00000000
000006D5
00000370
00000365
00000001
00000001
000006D6
00000371
00000365
00000001
00000000
000006D7
00000371
00000366
00000001
00000001
000006D8
00000372
00000366
00000001
00000001
000006D9
00000373
00000366
00000001
00000001
000006DA
00000374
00000366
00000001
00000001
000006DB
00000375
00000366
00000001
00000000
000006DC
00000375
00000367
00000001
00000000
000006DD
00000375
00000368
00000001
00000001
000006DE
00000376
00000368
00000001
00000000
000006DF
00000376
00000369
00000001
00000001
000006E0
00000377
00000369
00000001
00000001
000006E1
00000378
00000369
00000001
00000001
000006E2
00000379
00000369
00000001
00000000
000006E3
00000379
0000036A
00000001
00000001
000006E4
0000037A
0000036A
00000001
00000001
000006E5
0000037B
0000036A
00000001
00000000
000006E6
0000037B
0000036B
00000001
00000000
000006E7
0000037B
0000036C
00000001
00000000
000006E8
0000037B
0000036D
00000000
00000001
000006E9
0000037C
0000036D
00000000
00000000
000006EA
0000037C
0000036E
00000000
00000001
000006EB
0000037D
0000036E
00000000
00000001
000006EC
0000037E
0000036E
00000000
00000000
000006ED
0000037E
0000036F
00000000
00000001
000006EE
0000037F
0000036F
00000000
00000000
000006EF
0000037F
00000370
00000000
00000000
000006F0
0000037F
00000371
00000001
00000000
000006F1
0000037F
00000372
00000000
00000000
000006F2
0000037F
00000373
00000001
00000001
000006F3
00000380
00000373
00000001
00000001
000006F4
00000381
00000373
00000001
00000001
000006F5
00000382
00000373
00000001
00000001
000006F6
00000383
00000373
00000001
00000000
000006F7
00000383
00000374
00000001
00000001
000006F8
00000384
00000374
00000001
00000001
000006F9
00000385
00000374
00000001
00000001
000006FA
00000386
00000374
00000001
00000000
000006FB
00000386
00000375
00000001
00000000
000006FC
00000386
00000376
00000001
00000001
000006FD
00000387
00000376
00000001
00000000
000006FE
00000387
00000377
00000001
00000000
000006FF
00000387
00000378
00000001
00000000
00000700
00000387
00000379
00000000
00000000
00000701
00000387
0000037A
00000001
00000000
00000702
00000387
0000037B
00000000
00000001
00000703
00000388
0000037B
00000000
00000001
00000704
00000389
0000037B
00000000
00000000
00000705
00000389
0000037C
00000000
00000000
00000706
00000389
0000037D
00000000
00000000
00000707
00000389
0000037E
00000001
00000001
00000708
0000038A
0000037E
00000001
00000001
00000709
0000038B
0000037E
00000001
00000000
0000070A
0000038B
0000037F
00000001
00000001
0000070B
0000038C
0000037F
00000001
00000001
0000070C
0000038D
0000037F
00000001
00000000
0000070D
0000038D
00000380
00000001
00000000
0000070E
0000038D
00000381
00000001
00000000
0000070F
0000038D
00000382
00000000
00000001
00000710
0000038E
00000382
00000000
00000000
00000711
0000038E
00000383
00000000
00000001
00000712
0000038F
00000383
00000000
00000000
00000713
0000038F
00000384
00000000
00000000
00000714
0000038F
00000385
00000001
00000001
00000715
00000390
00000385
00000001
00000001
00000716
00000391
00000385
00000001
00000001
00000717
00000392
00000385
00000001
00000001
00000718
00000393
00000385
00000001
00000000
00000719
00000393
00000386
00000001
00000001
0000071A
00000394
00000386
00000001
00000000
0000071B
00000394
00000387
00000001
00000001
0000071C
00000395
00000387
00000001
00000001
0000071D
00000396
00000387
00000001
00000000
0000071E
00000396
00000388
00000001
00000000
0000071F
00000396
00000389
00000001
00000001
00000720
00000397
00000389
00000001
00000000
00000721
00000397
0000038A
00000001
00000001
00000722
00000398
0000038A
00000001
00000000
00000723
00000398
0000038B
00000001
00000001
00000724
00000399
0000038B
00000001
00000000
00000725
00000399
0000038C
00000001
00000000
00000726
00000399
0000038D
00000000
00000001
00000727
0000039A
0000038D
00000000
00000001
00000728
0000039B
0000038D
00000000
00000001
00000729
0000039C
0000038D
00000000
00000001
0000072A
0000039D
0000038D
00000000
00000000
0000072B
0000039D
0000038E
00000000
00000000
0000072C
0000039D
0000038F
00000000
00000001
0000072D
0000039E
0000038F
00000000
00000001
0000072E
0000039F
0000038F
00000000
00000001
0000072F
000003A0
0000038F
00000000
00000001
00000730
000003A1
0000038F
00000000
00000001
00000731
000003A2
0000038F
00000000
00000001
00000732
000003A3
0000038F
00000000
00000001
00000733
000003A4
0000038F
00000000
00000000
00000734
000003A4
00000390
00000000
00000001
00000735
000003A5
00000390
00000000
00000000
00000736
000003A5
00000391
00000000
00000001
00000737
000003A6
00000391
00000000
00000001
00000738
000003A7
00000391
00000000
00000000
00000739
000003A7
00000392
00000000
00000000
0000073A
000003A7
00000393
00000000
00000001
0000073B
000003A8
00000393
00000000
00000001
0000073C
000003A9
00000393
00000000
00000000
0000073D
000003A9
00000394
00000000
00000000
0000073E
000003A9
00000395
00000000
00000001
0000073F
000003AA
00000395
00000000
00000001
00000740
000003AB
00000395
00000000
00000000
00000741
000003AB
00000396
00000000
00000001
00000742
000003AC
00000396
00000000
00000001
00000743
000003AD
00000396
00000000
00000000
00000744
000003AD
00000397
00000000
00000001
00000745
000003AE
00000397
00000000
00000001
00000746
000003AF
00000397
00000000
00000001
00000747
000003B0
00000397
00000000
00000000
00000748
000003B0
00000398
00000000
00000001
00000749
000003B1
00000398
00000000
00000000
0000074A
000003B1
00000399
00000000
00000000
0000074B
000003B1
0000039A
00000000
00000000
0000074C
000003B1
0000039B
00000000
00000000
0000074D
000003B1
0000039C
00000001
00000001
0000074E
000003B2
0000039C
00000001
00000000
0000074F
000003B2
0000039D
00000001
00000000
00000750
000003B2
0000039E
00000000
00000001
00000751
000003B3
0000039E
00000000
00000000
00000752
000003B3
0000039F
00000000
00000001
00000753
000003B4
0000039F
00000000
00000000
00000754
000003B4
000003A0
00000000
00000000
00000755
000003B4
000003A1
00000001
00000001
00000756
000003B5
000003A1
00000001
00000000
00000757
000003B5
000003A2
00000001
00000001
00000758
000003B6
000003A2
00000001
00000000
00000759
000003B6
000003A3
00000001
00000001
0000075A
000003B7
000003A3
00000001
00000000
0000075B
000003B7
000003A4
00000001
00000000
0000075C
000003B7
000003A5
00000000
00000000
0000075D
000003B7
000003A6
00000001
00000001
0000075E
000003B8
000003A6
00000001
00000001
0000075F
000003B9
000003A6
00000001
00000001
00000760
000003BA
000003A6
00000001
00000000
00000761
000003BA
000003A7
00000001
00000001
00000762
000003BB
000003A7
00000001
00000001
00000763
000003BC
000003A7
00000001
00000000
00000764
000003BC
000003A8
00000001
00000000
00000765
000003BC
000003A9
00000001
00000000
00000766
000003BC
000003AA
00000000
00000001
00000767
000003BD
000003AA
00000000
00000000
00000768
000003BD
000003AB
00000000
00000001
00000769
000003BE
000003AB
00000000
00000001
0000076A
000003BF
000003AB
00000000
00000001
0000076B
000003C0
000003AB
00000000
00000000
0000076C
000003C0
000003AC
00000000
00000000
0000076D
000003C0
000003AD
00000000
00000000
0000076E
000003C0
000003AE
00000001
00000001
0000076F
000003C1
000003AE
00000001
00000000
00000770
000003C1
000003AF
00000001
00000000
00000771
000003C1
000003B0
00000000
00000001
00000772
000003C2
000003B0
00000000
00000001
00000773
000003C3
000003B0
00000000
00000001
00000774
000003C4
000003B0
00000000
00000001
00000775
000003C5
000003B0
00000000
00000000
00000776
000003C5
000003B1
00000000
00000000
00000777
000003C5
000003B2
00000000
00000000
00000778
000003C5
000003B3
00000000
00000001
00000779
000003C6
000003B3
00000000
00000000
0000077A
000003C6
000003B4
00000000
00000000
0000077B
000003C6
000003B5
00000001
00000001
0000077C
000003C7
000003B5
00000001
00000000
0000077D
000003C7
000003B6
00000001
00000000
0000077E
000003C7
000003B7
00000000
00000000
0000077F
000003C7
000003B8
00000001
00000001
00000780
000003C8
000003B8
00000001
00000001
00000781
000003C9
000003B8
00000001
00000001
00000782
000003CA
000003B8
00000001
00000001
00000783
000003CB
000003B8
00000001
00000001
00000784
000003CC
000003B8
00000001
00000001
00000785
000003CD
000003B8
00000001
00000000
00000786
000003CD
000003B9
00000001
00000000
00000787
000003CD
000003BA
00000001
00000000
00000788
000003CD
000003BB
00000001
00000001
00000789
000003CE
000003BB
00000001
00000000
0000078A
000003CE
000003BC
00000001
00000000
0000078B
000003CE
000003BD
00000000
00000000
0000078C
000003CE
000003BE
00000001
00000001
0000078D
000003CF
000003BE
00000001
00000000
0000078E
000003CF
000003BF
00000001
00000000
0000078F
000003CF
000003C0
00000000
00000000
00000790
000003CF
000003C1
00000001
00000001
00000791
000003D0
000003C1
00000001
00000001
00000792
000003D1
000003C1
00000001
00000000
00000793
000003D1
000003C2
00000001
00000000
00000794
000003D1
000003C3
00000000
00000001
00000795
000003D2
000003C3
00000000
00000000
00000796
000003D2
000003C4
00000001
00000001
00000797
000003D3
000003C4
00000001
00000001
00000798
000003D4
000003C4
00000001
00000001
00000799
000003D5
000003C4
00000001
00000001
0000079A
000003D6
000003C4
00000001
00000001
0000079B
000003D7
000003C4
00000001
00000000
0000079C
000003D7
000003C5
00000001
00000001
0000079D
000003D8
000003C5
00000001
00000001
0000079E
000003D9
000003C5
00000001
00000001
0000079F
000003DA
000003C5
00000001
00000001
000007A0
000003DB
000003C5
00000001
00000000
000007A1
000003DB
000003C6
00000001
00000001
000007A2
000003DC
000003C6
00000001
00000001
000007A3
000003DD
000003C6
00000001
00000001
000007A4
000003DE
000003C6
00000001
00000000
000007A5
000003DE
000003C7
00000001
00000000
000007A6
000003DE
000003C8
00000001
00000000
000007A7
000003DE
000003C9
00000001
00000000
000007A8
000003DE
000003CA
00000001
00000001
000007A9
000003DF
000003CA
00000001
00000001
000007AA
000003E0
000003CA
00000001
00000001
000007AB
000003E1
000003CA
00000001
00000000
000007AC
000003E1
000003CB
00000001
00000001
000007AD
000003E2
000003CB
00000001
00000000
000007AE
000003E2
000003CC
00000001
00000000
000007AF
000003E2
000003CD
00000001
00000001
000007B0
000003E3
000003CD
00000001
00000001
000007B1
000003E4
000003CD
00000001
00000000
000007B2
000003E4
000003CE
00000001
00000000
000007B3
000003E4
000003CF
00000000
00000001
000007B4
000003E5
000003CF
00000000
00000001
000007B5
000003E6
000003CF
00000000
00000001
000007B6
000003E7
000003CF
00000000
00000001
000007B7
000003E8
000003CF
00000000
00000000
000007B8
000003E8
000003D0
00000000
00000000
000007B9
000003E8
000003D1
00000000
00000001
000007BA
000003E9
000003D1
00000000
00000001
000007BB
000003EA
000003D1
00000000
00000000
000007BC
000003EA
000003D2
00000000
00000000
000007BD
000003EA
000003D3
00000000
00000001
000007BE
000003EB
000003D3
00000000
00000000
000007BF
000003EB
000003D4
00000000
00000001
000007C0
000003EC
000003D4
00000000
00000000
000007C1
000003EC
000003D5
00000000
00000000
000007C2
000003EC
000003D6
00000001
00000000
000007C3
000003EC
000003D7
00000000
00000001
000007C4
000003ED
000003D7
00000000
00000001
000007C5
000003EE
000003D7
00000000
00000000
000007C6
000003EE
000003D8
00000000
00000001
000007C7
000003EF
000003D8
00000000
00000001
000007C8
000003F0
000003D8
00000000
00000001
000007C9
000003F1
000003D8
00000000
00000001
000007CA
000003F2
000003D8
00000000
00000001
000007CB
000003F3
000003D8
00000000
00000001
000007CC
000003F4
000003D8
00000000
00000001
000007CD
000003F5
000003D8
00000000
00000001
000007CE
000003F6
000003D8
00000000
00000001
000007CF
000003F7
000003D8
00000000
00000001
000007D0
000003F8
000003D8
00000000
00000000
000007D1
000003F8
000003D9
00000000
00000001
000007D2
000003F9
000003D9
00000000
00000001
000007D3
000003FA
000003D9
00000000
00000001
000007D4
000003FB
000003D9
00000000
00000000
000007D5
000003FB
000003DA
00000000
00000000
000007D6
000003FB
000003DB
00000000
00000001
000007D7
000003FC
000003DB
00000000
00000001
000007D8
000003FD
000003DB
00000000
00000000
000007D9
000003FD
000003DC
00000000
00000001
000007DA
000003FE
000003DC
00000000
00000001
000007DB
000003FF
000003DC
00000000
00000001
000007DC
00000400
000003DC
00000000
00000001
000007DD
00000401
000003DC
00000000
00000001
000007DE
00000402
000003DC
00000000
00000000
000007DF
00000402
000003DD
00000000
00000000
000007E0
00000402
000003DE
00000000
00000000
000007E1
00000402
000003DF
00000000
00000000
000007E2
00000402
000003E0
00000000
00000000
000007E3
00000402
000003E1
00000000
00000001
000007E4
00000403
000003E1
00000000
00000000
000007E5
00000403
000003E2
00000000
00000000
000007E6
00000403
000003E3
00000001
00000001
000007E7
00000404
000003E3
00000001
00000000
000007E8
00000404
000003E4
00000001
00000001
000007E9
00000405
000003E4
00000001
00000000
000007EA
00000405
000003E5
00000001
00000001
000007EB
00000406
000003E5
00000001
00000001
000007EC
00000407
000003E5
00000001
00000001
000007ED
00000408
000003E5
00000001
00000000
000007EE
00000408
000003E6
00000001
00000001
000007EF
00000409
000003E6
00000001
00000000
000007F0
00000409
000003E7
00000001
00000000
000007F1
00000409
000003E8
00000000
00000001
000007F2
0000040A
000003E8
00000000
00000000
000007F3
0000040A
000003E9
00000001
00000000
000007F4
0000040A
000003EA
00000000
00000000
000007F5
0000040A
000003EB
00000001
00000000
000007F6
0000040A
000003EC
00000000
00000001
000007F7
0000040B
000003EC
00000000
00000001
000007F8
0000040C
000003EC
00000000
00000001
000007F9
0000040D
000003EC
00000000
00000001
000007FA
0000040E
000003EC
00000000
00000000
000007FB
0000040E
000003ED
00000000
00000000
000007FC
0000040E
000003EE
00000000
00000001
000007FD
0000040F
000003EE
00000000
00000001
000007FE
00000410
000003EE
00000000
00000001
000007FF
00000411
000003EE
00000000
00000000
00000800
00000411
000003EF
00000000
00000000
00000801
00000411
000003F0
00000000
00000000
00000802
00000411
000003F1
00000000
00000001
00000803
00000412
000003F1
00000000
00000000
00000804
00000412
000003F2
00000000
00000000
00000805
00000412
000003F3
00000001
00000001
00000806
00000413
000003F3
00000001
00000000
00000807
00000413
000003F4
00000001
00000000
00000808
00000413
000003F5
00000000
00000000
00000809
00000413
000003F6
00000001
00000000
0000080A
00000413
000003F7
00000000
00000001
0000080B
00000414
000003F7
00000000
00000000
0000080C
00000414
000003F8
00000000
00000000
0000080D
00000414
000003F9
00000001
00000001
0000080E
00000415
000003F9
00000001
00000001
0000080F
00000416
000003F9
00000001
00000001
00000810
00000417
000003F9
00000001
00000001
00000811
00000418
000003F9
00000001
00000001
00000812
00000419
000003F9
00000001
00000000
00000813
00000419
000003FA
00000001
00000001
00000814
0000041A
000003FA
00000001
00000000
00000815
0000041A
000003FB
00000001
00000000
00000816
0000041A
000003FC
00000001
00000001
00000817
0000041B
000003FC
00000001
00000000
00000818
0000041B
000003FD
00000001
00000001
00000819
0000041C
000003FD
00000001
00000001
0000081A
0000041D
000003FD
00000001
00000000
0000081B
0000041D
000003FE
00000001
00000000
0000081C
0000041D
000003FF
00000001
00000001
0000081D
0000041E
000003FF
00000001
00000001
0000081E
0000041F
000003FF
00000001
00000000
0000081F
0000041F
00000400
00000001
00000001
00000820
00000420
00000400
00000001
00000001
00000821
00000421
00000400
00000001
00000001
00000822
00000422
00000400
00000001
00000000
00000823
00000422
00000401
00000001
00000000
00000824
00000422
00000402
00000001
00000001
00000825
00000423
00000402
00000001
00000001
00000826
00000424
00000402
00000001
00000001
00000827
00000425
00000402
00000001
00000000
00000828
00000425
00000403
00000001
00000001
00000829
00000426
00000403
00000001
00000000
0000082A
00000426
00000404
00000001
00000001
0000082B
00000427
00000404
00000001
00000001
0000082C
00000428
00000404
00000001
00000000
0000082D
00000428
00000405
00000001
00000000
0000082E
00000428
00000406
00000001
00000000
0000082F
00000428
00000407
00000000
00000001
00000830
00000429
00000407
00000000
00000000
00000831
00000429
00000408
00000000
00000000
00000832
00000429
00000409
00000001
00000001
00000833
0000042A
00000409
00000001
00000000
00000834
0000042A
0000040A
00000001
00000001
00000835
0000042B
0000040A
00000001
00000000
00000836
0000042B
0000040B
00000001
00000000
00000837
0000042B
0000040C
00000000
00000000
00000838
0000042B
0000040D
00000001
00000001
00000839
0000042C
0000040D
00000001
00000001
0000083A
0000042D
0000040D
00000001
00000001
0000083B
0000042E
0000040D
00000001
00000001
0000083C
0000042F
0000040D
00000001
00000001
0000083D
00000430
0000040D
00000001
00000001
0000083E
00000431
0000040D
00000001
00000001
0000083F
00000432
0000040D
00000001
00000001
00000840
00000433
0000040D
00000001
00000000
00000841
00000433
0000040E
00000001
00000001
00000842
00000434
0000040E
00000001
00000000
00000843
00000434
0000040F
00000001
00000000
00000844
00000434
00000410
00000001
00000001
00000845
00000435
00000410
00000001
00000000
00000846
00000435
00000411
00000001
00000000
00000847
00000435
00000412
00000001
00000000
00000848
00000435
00000413
00000000
00000000
00000849
00000435
00000414
00000001
00000000
0000084A
00000435
00000415
00000000
00000001
0000084B
00000436
00000415
00000000
00000000
0000084C
00000436
00000416
00000000
00000000
0000084D
00000436
00000417
00000001
00000001
0000084E
00000437
00000417
00000001
00000001
0000084F
00000438
00000417
00000001
00000000
00000850
00000438
00000418
00000001
00000001
00000851
00000439
00000418
00000001
00000000
00000852
00000439
00000419
00000001
00000000
00000853
00000439
0000041A
00000000
00000001
00000854
0000043A
0000041A
00000000
00000000
00000855
0000043A
0000041B
00000000
00000000
00000856
0000043A
0000041C
00000001
00000001
00000857
0000043B
0000041C
00000001
00000000
00000858
0000043B
0000041D
00000001
00000001
00000859
0000043C
0000041D
00000001
00000000
0000085A
0000043C
0000041E
00000001
00000001
0000085B
0000043D
0000041E
00000001
00000000
0000085C
0000043D
0000041F
00000001
00000000
0000085D
0000043D
00000420
00000000
00000001
0000085E
0000043E
00000420
00000000
00000001
0000085F
0000043F
00000420
00000000
00000001
00000860
00000440
00000420
00000000
00000000
00000861
00000440
00000421
00000000
00000001
00000862
00000441
00000421
00000000
00000000
00000863
00000441
00000422
00000000
00000000
00000864
00000441
00000423
00000000
00000001
00000865
00000442
00000423
00000000
00000000
00000866
00000442
00000424
00000000
00000000
00000867
00000442
00000425
00000001
00000001
00000868
00000443
00000425
00000001
00000001
00000869
00000444
00000425
00000001
00000000
0000086A
00000444
00000426
00000001
00000000
0000086B
00000444
00000427
00000001
00000001
0000086C
00000445
00000427
00000001
00000000
0000086D
00000445
00000428
00000000
00000001
0000086E
00000446
00000428
00000000
00000001
0000086F
00000447
00000428
00000000
00000000
00000870
00000447
00000429
00000000
00000001
00000871
00000448
00000429
00000000
00000001
00000872
00000449
00000429
00000000
00000001
00000873
0000044A
00000429
00000000
00000000
00000874
0000044A
0000042A
00000000
00000001
00000875
0000044B
0000042A
00000000
00000000
00000876
0000044B
0000042B
00000000
00000000
00000877
0000044B
0000042C
00000000
00000001
00000878
0000044C
0000042C
00000000
00000001
00000879
0000044D
0000042C
00000000
00000000
0000087A
0000044D
0000042D
00000000
00000001
0000087B
0000044E
0000042D
00000000
00000001
0000087C
0000044F
0000042D
00000000
00000000
0000087D
0000044F
0000042E
00000000
00000001
0000087E
00000450
0000042E
00000000
00000001
0000087F
00000451
0000042E
00000000
00000000
00000880
00000451
0000042F
00000000
00000000
00000881
00000451
00000430
00000000
00000001
00000882
00000452
00000430
00000000
00000000
00000883
00000452
00000431
00000000
00000000
00000884
00000452
00000432
00000001
00000000
00000885
00000452
00000433
00000000
00000001
00000886
00000453
00000433
00000000
00000000
00000887
00000453
00000434
00000000
00000000
00000888
00000453
00000435
00000001
00000001
00000889
00000454
00000435
00000001
00000001
0000088A
00000455
00000435
00000001
00000001
0000088B
00000456
00000435
00000001
00000000
0000088C
00000456
00000436
00000001
00000000
0000088D
00000456
00000437
00000001
00000000
0000088E
00000456
00000438
00000000
00000001
0000088F
00000457
00000438
00000000
00000000
00000890
00000457
00000439
00000000
00000001
00000891
00000458
00000439
00000000
00000000
00000892
00000458
0000043A
00000000
00000000
00000893
00000458
0000043B
00000001
00000000
00000894
00000458
0000043C
00000000
00000000
00000895
00000458
0000043D
00000001
00000000
00000896
00000458
0000043E
00000000
00000001
00000897
00000459
0000043E
00000000
00000000
00000898
00000459
0000043F
00000000
00000001
00000899
0000045A
0000043F
00000000
00000000
0000089A
0000045A
00000440
00000001
00000001
0000089B
0000045B
00000440
00000001
00000000
0000089C
0000045B
00000441
00000000
00000001
0000089D
0000045C
00000441
00000000
00000000
0000089E
0000045C
00000442
00000000
00000001
0000089F
0000045D
00000442
00000000
00000000
000008A0
0000045D
00000443
00000001
00000001
000008A1
0000045E
00000443
00000001
00000001
000008A2
0000045F
00000443
00000001
00000001
000008A3
00000460
00000443
00000001
00000001
000008A4
00000461
00000443
00000001
00000001
000008A5
00000462
00000443
00000001
00000000
000008A6
00000462
00000444
00000001
00000000
000008A7
00000462
00000445
00000001
00000001
000008A8
00000463
00000445
00000001
00000001
000008A9
00000464
00000445
00000001
00000000
000008AA
00000464
00000446
00000001
00000000
000008AB
00000464
00000447
00000001
00000000
000008AC
00000464
00000448
00000000
00000001
000008AD
00000465
00000448
00000000
00000000
000008AE
00000465
00000449
00000000
00000000
000008AF
00000465
0000044A
00000001
00000001
000008B0
00000466
0000044A
00000001
00000000
000008B1
00000466
0000044B
00000001
00000000
000008B2
00000466
0000044C
00000000
00000000
000008B3
00000466
0000044D
00000001
00000001
000008B4
00000467
0000044D
00000001
00000000
000008B5
00000467
0000044E
00000001
00000000
000008B6
00000467
0000044F
00000000
00000000
000008B7
00000467
00000450
00000001
00000000
000008B8
00000467
00000451
00000000
00000001
000008B9
00000468
00000451
00000000
00000000
000008BA
00000468
00000452
00000000
00000001
000008BB
00000469
00000452
00000000
00000000
000008BC
00000469
00000453
00000000
00000000
000008BD
00000469
00000454
00000001
00000000
000008BE
00000469
00000455
00000000
00000001
000008BF
0000046A
00000455
00000000
00000001
000008C0
0000046B
00000455
00000000
00000001
000008C1
0000046C
00000455
00000000
00000001
000008C2
0000046D
00000455
00000000
00000001
000008C3
0000046E
00000455
00000000
00000001
000008C4
0000046F
00000455
00000000
00000001
000008C5
00000470
00000455
00000000
00000000
000008C6
00000470
00000456
00000000
00000000
000008C7
00000470
00000457
00000000
00000000
000008C8
00000470
00000458
00000000
00000000
000008C9
00000470
00000459
00000000
00000000
000008CA
00000470
0000045A
00000001
00000000
000008CB
00000470
0000045B
00000000
00000001
000008CC
00000471
0000045B
00000000
00000001
000008CD
00000472
0000045B
00000000
00000001
000008CE
00000473
0000045B
00000000
00000001
000008CF
00000474
0000045B
00000000
00000000
000008D0
00000474
0000045C
00000000
00000000
000008D1
00000474
0000045D
00000000
00000001
000008D2
00000475
0000045D
00000000
00000000
000008D3
00000475
0000045E
00000000
00000001
000008D4
00000476
0000045E
00000000
00000001
000008D5
00000477
0000045E
00000000
00000000
000008D6
00000477
0000045F
00000000
00000000
000008D7
00000477
00000460
00000000
00000000
000008D8
00000477
00000461
00000001
00000000
000008D9
00000477
00000462
00000000
00000000
000008DA
00000477
00000463
00000001
00000001
000008DB
00000478
00000463
00000001
00000001
000008DC
00000479
00000463
00000001
00000000
000008DD
00000479
00000464
00000001
00000001
000008DE
0000047A
00000464
00000001
00000000
000008DF
0000047A
00000465
00000001
00000000
000008E0
0000047A
00000466
00000000
00000000
000008E1
0000047A
00000467
00000001
00000000
000008E2
0000047A
00000468
00000000
00000000
000008E3
0000047A
00000469
00000001
00000001
000008E4
0000047B
00000469
00000001
00000001
000008E5
0000047C
00000469
00000001
00000001
000008E6
0000047D
00000469
00000001
00000001
000008E7
0000047E
00000469
00000001
00000001
000008E8
0000047F
00000469
00000001
00000000
000008E9
0000047F
0000046A
00000001
00000000
000008EA
0000047F
0000046B
00000001
00000001
000008EB
00000480
0000046B
00000001
00000000
000008EC
00000480
0000046C
00000001
00000001
000008ED
00000481
0000046C
00000001
00000001
000008EE
00000482
0000046C
00000001
00000000
000008EF
00000482
0000046D
00000001
00000000
000008F0
00000482
0000046E
00000001
00000000
000008F1
00000482
0000046F
00000000
00000000
000008F2
00000482
00000470
00000001
00000000
000008F3
00000482
00000471
00000000
00000001
000008F4
00000483
00000471
00000000
00000001
000008F5
00000484
00000471
00000000
00000001
000008F6
00000485
00000471
00000000
00000001
000008F7
00000486
00000471
00000000
00000000
000008F8
00000486
00000472
00000000
00000001
000008F9
00000487
00000472
00000000
00000000
000008FA
00000487
00000473
00000000
00000000
000008FB
00000487
00000474
00000000
00000001
000008FC
00000488
00000474
00000000
00000001
000008FD
00000489
00000474
00000000
00000000
000008FE
00000489
00000475
00000000
00000001
000008FF
0000048A
00000475
00000000
00000000
00000900
0000048A
00000476
00000000
00000000
00000901
0000048A
00000477
00000001
00000001
00000902
0000048B
00000477
00000001
00000001
00000903
0000048C
00000477
00000001
00000000
00000904
0000048C
00000478
00000001
00000000
00000905
0000048C
00000479
00000000
00000000
00000906
0000048C
0000047A
00000001
00000000
00000907
0000048C
0000047B
00000000
00000001
00000908
0000048D
0000047B
00000000
00000001
00000909
0000048E
0000047B
00000000
00000001
0000090A
0000048F
0000047B
00000000
00000001
0000090B
00000490
0000047B
00000000
00000000
0000090C
00000490
0000047C
00000000
00000001
0000090D
00000491
0000047C
00000000
00000000
0000090E
00000491
0000047D
00000000
00000001
0000090F
00000492
0000047D
00000000
00000000
00000910
00000492
0000047E
00000000
00000000
00000911
00000492
0000047F
00000000
00000000
00000912
00000492
00000480
00000001
00000001
00000913
00000493
00000480
00000001
00000001
00000914
00000494
00000480
00000001
00000001
00000915
00000495
00000480
00000001
00000001
00000916
00000496
00000480
00000001
00000001
00000917
00000497
00000480
00000001
00000000
00000918
00000497
00000481
00000001
00000000
00000919
00000497
00000482
00000001
00000001
0000091A
00000498
00000482
00000001
00000000
0000091B
00000498
00000483
00000001
00000000
0000091C
00000498
00000484
00000001
00000001
0000091D
00000499
00000484
00000001
00000001
0000091E
0000049A
00000484
00000001
00000001
0000091F
0000049B
00000484
00000001
00000001
00000920
0000049C
00000484
00000001
00000001
00000921
0000049D
00000484
00000001
00000000
00000922
0000049D
00000485
00000001
00000000
00000923
0000049D
00000486
00000001
00000000
00000924
0000049D
00000487
00000001
00000000
00000925
0000049D
00000488
00000000
00000000
00000926
0000049D
00000489
00000001
00000000
00000927
0000049D
0000048A
00000000
00000000
00000928
0000049D
0000048B
00000001
00000001
00000929
0000049E
0000048B
00000001
00000000
0000092A
0000049E
0000048C
00000001
00000000
0000092B
0000049E
0000048D
00000000
00000001
0000092C
0000049F
0000048D
00000000
00000000
0000092D
0000049F
0000048E
00000000
00000001
0000092E
000004A0
0000048E
00000000
00000000
0000092F
000004A0
0000048F
00000000
00000001
00000930
000004A1
0000048F
00000000
00000000
00000931
000004A1
00000490
00000000
00000001
00000932
000004A2
00000490
00000000
00000000
00000933
000004A2
00000491
00000000
00000000
00000934
000004A2
00000492
00000001
00000000
00000935
000004A2
00000493
00000000
00000001
00000936
000004A3
00000493
00000000
00000001
00000937
000004A4
00000493
00000000
00000001
00000938
000004A5
00000493
00000000
00000000
00000939
000004A5
00000494
00000000
00000001
0000093A
000004A6
00000494
00000000
00000000
0000093B
000004A6
00000495
00000000
00000001
0000093C
000004A7
00000495
00000000
00000001
0000093D
000004A8
00000495
00000000
00000001
0000093E
000004A9
00000495
00000000
00000001
0000093F
000004AA
00000495
00000000
00000001
00000940
000004AB
00000495
00000000
00000000
00000941
000004AB
00000496
00000000
00000001
00000942
000004AC
00000496
00000000
00000001
00000943
000004AD
00000496
00000000
00000001
00000944
000004AE
00000496
00000000
00000000
00000945
000004AE
00000497
00000000
00000000
00000946
000004AE
00000498
00000000
00000001
00000947
000004AF
00000498
00000000
00000001
00000948
000004B0
00000498
00000000
00000000
00000949
000004B0
00000499
00000000
00000000
0000094A
000004B0
0000049A
00000000
00000000
0000094B
000004B0
0000049B
00000000
00000001
0000094C
000004B1
0000049B
00000000
00000001
0000094D
000004B2
0000049B
00000000
00000000
0000094E
000004B2
0000049C
00000000
00000000
0000094F
000004B2
0000049D
00000000
00000000
00000950
000004B2
0000049E
00000001
00000001
00000951
000004B3
0000049E
00000001
00000001
00000952
000004B4
0000049E
00000001
00000001
00000953
000004B5
0000049E
00000001
00000000
00000954
000004B5
0000049F
00000001
00000001
00000955
000004B6
0000049F
00000001
00000001
00000956
000004B7
0000049F
00000001
00000000
00000957
000004B7
000004A0
00000001
00000001
00000958
000004B8
000004A0
00000001
00000001
00000959
000004B9
000004A0
00000001
00000000
0000095A
000004B9
000004A1
00000001
00000001
0000095B
000004BA
000004A1
00000001
00000000
0000095C
000004BA
000004A2
00000001
00000001
0000095D
000004BB
000004A2
00000001
00000000
0000095E
000004BB
000004A3
00000001
00000000
0000095F
000004BB
000004A4
00000001
00000000
00000960
000004BB
000004A5
00000000
00000001
00000961
000004BC
000004A5
00000000
00000001
00000962
000004BD
000004A5
00000000
00000001
00000963
000004BE
000004A5
00000000
00000001
00000964
000004BF
000004A5
00000000
00000001
00000965
000004C0
000004A5
00000000
00000001
00000966
000004C1
000004A5
00000000
00000001
00000967
000004C2
000004A5
00000000
00000001
00000968
000004C3
000004A5
00000000
00000001
00000969
000004C4
000004A5
00000000
00000001
0000096A
000004C5
000004A5
00000000
00000000
0000096B
000004C5
000004A6
00000000
00000000
0000096C
000004C5
000004A7
00000000
00000001
0000096D
000004C6
000004A7
00000000
00000000
0000096E
000004C6
000004A8
00000000
00000001
0000096F
000004C7
000004A8
00000000
00000000
00000970
000004C7
000004A9
00000000
00000000
00000971
000004C7
000004AA
00000000
00000000
00000972
000004C7
000004AB
00000000
00000000
00000973
000004C7
000004AC
00000001
00000001
00000974
000004C8
000004AC
00000001
00000001
00000975
000004C9
000004AC
00000001
00000001
00000976
000004CA
000004AC
00000001
00000000
00000977
000004CA
000004AD
00000001
00000000
00000978
000004CA
000004AE
00000001
00000000
00000979
000004CA
000004AF
00000000
00000001
0000097A
000004CB
000004AF
00000000
00000000
0000097B
000004CB
000004B0
00000000
00000001
0000097C
000004CC
000004B0
00000000
00000001
0000097D
000004CD
000004B0
00000000
00000000
0000097E
000004CD
000004B1
00000000
00000001
0000097F
000004CE
000004B1
00000000
00000001
00000980
000004CF
000004B1
00000000
00000001
00000981
000004D0
000004B1
00000000
00000000
00000982
000004D0
000004B2
00000000
00000001
00000983
000004D1
000004B2
00000000
00000001
00000984
000004D2
000004B2
00000000
00000000
00000985
000004D2
000004B3
00000000
00000000
00000986
000004D2
000004B4
00000000
00000000
00000987
000004D2
000004B5
00000000
00000001
00000988
000004D3
000004B5
00000000
00000001
00000989
000004D4
000004B5
00000000
00000001
0000098A
000004D5
000004B5
00000000
00000001
0000098B
000004D6
000004B5
00000000
00000000
0000098C
000004D6
000004B6
00000000
00000001
0000098D
000004D7
000004B6
00000000
00000000
0000098E
000004D7
000004B7
00000000
00000001
0000098F
000004D8
000004B7
00000000
00000000
00000990
000004D8
000004B8
00000000
00000000
00000991
000004D8
000004B9
00000000
00000000
00000992
000004D8
000004BA
00000001
00000000
00000993
000004D8
000004BB
00000000
00000001
00000994
000004D9
000004BB
00000000
00000000
00000995
000004D9
000004BC
00000000
00000000
00000996
000004D9
000004BD
00000001
00000000
00000997
000004D9
000004BE
00000000
00000000
00000998
000004D9
000004BF
00000001
00000000
00000999
000004D9
000004C0
00000000
00000001
0000099A
000004DA
000004C0
00000000
00000001
0000099B
000004DB
000004C0
00000000
00000001
0000099C
000004DC
000004C0
00000000
00000001
0000099D
000004DD
000004C0
00000000
00000000
0000099E
000004DD
000004C1
00000000
00000000
0000099F
000004DD
000004C2
00000000
00000000
000009A0
000004DD
000004C3
00000000
00000000
000009A1
000004DD
000004C4
00000001
00000000
000009A2
000004DD
000004C5
00000000
00000000
000009A3
000004DD
000004C6
00000001
00000001
000009A4
000004DE
000004C6
00000001
00000000
000009A5
000004DE
000004C7
00000001
00000001
000009A6
000004DF
000004C7
00000001
00000001
000009A7
000004E0
000004C7
00000001
00000000
000009A8
000004E0
000004C8
00000001
00000001
000009A9
000004E1
000004C8
00000001
00000000
000009AA
000004E1
000004C9
00000001
00000000
000009AB
000004E1
000004CA
00000000
00000001
000009AC
000004E2
000004CA
00000000
00000001
000009AD
000004E3
000004CA
00000000
00000000
000009AE
000004E3
000004CB
00000000
00000000
000009AF
000004E3
000004CC
00000001
00000000
000009B0
000004E3
000004CD
00000000
00000000
000009B1
000004E3
000004CE
00000001
00000001
000009B2
000004E4
000004CE
00000001
00000001
000009B3
000004E5
000004CE
00000001
00000001
000009B4
000004E6
000004CE
00000001
00000000
000009B5
000004E6
000004CF
00000001
00000000
000009B6
000004E6
000004D0
00000001
00000001
000009B7
000004E7
000004D0
00000001
00000001
000009B8
000004E8
000004D0
00000001
00000001
000009B9
000004E9
000004D0
00000001
00000001
000009BA
000004EA
000004D0
00000001
00000000
000009BB
000004EA
000004D1
00000001
00000000
000009BC
000004EA
000004D2
00000001
00000000
000009BD
000004EA
000004D3
00000001
00000001
000009BE
000004EB
000004D3
00000001
00000001
000009BF
000004EC
000004D3
00000001
00000001
000009C0
000004ED
000004D3
00000001
00000001
000009C1
000004EE
000004D3
00000001
00000000
000009C2
000004EE
000004D4
00000001
00000000
000009C3
000004EE
000004D5
00000001
00000000
000009C4
000004EE
000004D6
00000000
00000000
000009C5
000004EE
000004D7
00000001
00000001
000009C6
000004EF
000004D7
00000001
00000001
000009C7
000004F0
000004D7
00000001
00000000
000009C8
000004F0
000004D8
00000001
00000001
000009C9
000004F1
000004D8
00000001
00000000
000009CA
000004F1
000004D9
00000001
00000000
000009CB
000004F1
000004DA
00000000
00000000
000009CC
000004F1
000004DB
00000001
00000000
000009CD
000004F1
000004DC
00000000
00000001
000009CE
000004F2
000004DC
00000000
00000001
000009CF
000004F3
000004DC
00000000
00000000
000009D0
000004F3
000004DD
00000000
00000000
000009D1
000004F3
000004DE
00000001
00000000
000009D2
000004F3
000004DF
00000000
00000000
000009D3
000004F3
000004E0
00000001
00000000
000009D4
000004F3
000004E1
00000000
00000001
000009D5
000004F4
000004E1
00000000
00000000
000009D6
000004F4
000004E2
00000000
00000001
000009D7
000004F5
000004E2
00000000
00000001
000009D8
000004F6
000004E2
00000000
00000001
000009D9
000004F7
000004E2
00000000
00000001
000009DA
000004F8
000004E2
00000000
00000001
000009DB
000004F9
000004E2
00000000
00000000
000009DC
000004F9
000004E3
00000000
00000001
000009DD
000004FA
000004E3
00000000
00000001
000009DE
000004FB
000004E3
00000000
00000001
000009DF
000004FC
000004E3
00000000
00000001
000009E0
000004FD
000004E3
00000000
00000001
000009E1
000004FE
000004E3
00000000
00000000
000009E2
000004FE
000004E4
00000000
00000000
000009E3
000004FE
000004E5
00000000
00000001
000009E4
000004FF
000004E5
00000000
00000001
000009E5
00000500
000004E5
00000000
00000001
000009E6
00000501
000004E5
00000000
00000001
000009E7
00000502
000004E5
00000000
00000000
000009E8
00000502
000004E6
00000000
00000000
000009E9
00000502
000004E7
00000000
00000000
000009EA
00000502
000004E8
00000000
00000001
000009EB
00000503
000004E8
00000000
00000000
000009EC
00000503
000004E9
00000000
00000001
000009ED
00000504
000004E9
00000000
00000001
000009EE
00000505
000004E9
00000000
00000001
000009EF
00000506
000004E9
00000000
00000000
000009F0
00000506
000004EA
00000000
00000000
000009F1
00000506
000004EB
00000000
00000000
000009F2
00000506
000004EC
00000000
00000001
000009F3
00000507
000004EC
00000000
00000000
000009F4
00000507
000004ED
00000000
00000000
000009F5
00000507
000004EE
00000001
00000001
000009F6
00000508
000004EE
00000001
00000001
000009F7
00000509
000004EE
00000001
00000000
000009F8
00000509
000004EF
00000001
00000000
000009F9
00000509
000004F0
00000001
00000001
000009FA
0000050A
000004F0
00000001
00000000
000009FB
0000050A
000004F1
00000001
00000001
000009FC
0000050B
000004F1
00000001
00000000
000009FD
0000050B
000004F2
00000000
00000000
000009FE
0000050B
000004F3
00000001
00000001
000009FF
0000050C
000004F3
00000001
00000001
00000A00
0000050D
000004F3
00000001
00000000
00000A01
0000050D
000004F4
00000001
00000001
00000A02
0000050E
000004F4
00000001
00000001
00000A03
0000050F
000004F4
00000001
00000001
00000A04
00000510
000004F4
00000001
00000000
00000A05
00000510
000004F5
00000001
00000000
00000A06
00000510
000004F6
00000001
00000000
00000A07
00000510
000004F7
00000001
00000000
00000A08
00000510
000004F8
00000000
00000000
00000A09
00000510
000004F9
00000001
00000001
00000A0A
00000511
000004F9
00000001
00000001
00000A0B
00000512
000004F9
00000001
00000001
00000A0C
00000513
000004F9
00000001
00000001
00000A0D
00000514
000004F9
00000001
00000001
00000A0E
00000515
000004F9
00000001
00000001
00000A0F
00000516
000004F9
00000001
00000001
00000A10
00000517
000004F9
00000001
00000001
00000A11
00000518
000004F9
00000001
00000001
00000A12
00000519
000004F9
00000001
00000000
00000A13
00000519
000004FA
00000001
00000001
00000A14
0000051A
000004FA
00000001
00000001
00000A15
0000051B
000004FA
00000001
00000000
00000A16
0000051B
000004FB
00000001
00000001
00000A17
0000051C
000004FB
00000001
00000000
00000A18
0000051C
000004FC
00000001
00000000
00000A19
0000051C
000004FD
00000001
00000001
00000A1A
0000051D
000004FD
00000001
00000001
00000A1B
0000051E
000004FD
00000001
00000000
00000A1C
0000051E
000004FE
00000001
00000000
00000A1D
0000051E
000004FF
00000001
00000000
00000A1E
0000051E
00000500
00000001
00000001
00000A1F
0000051F
00000500
00000001
00000000
00000A20
0000051F
00000501
00000001
00000000
00000A21
0000051F
00000502
00000000
00000000
00000A22
0000051F
00000503
00000001
00000001
00000A23
00000520
00000503
00000001
00000000
00000A24
00000520
00000504
00000001
00000000
00000A25
00000520
00000505
00000000
00000001
00000A26
00000521
00000505
00000000
00000001
00000A27
00000522
00000505
00000000
00000000
00000A28
00000522
00000506
00000000
00000001
00000A29
00000523
00000506
00000000
00000001
00000A2A
00000524
00000506
00000000
00000000
00000A2B
00000524
00000507
00000000
00000001
00000A2C
00000525
00000507
00000000
00000001
00000A2D
00000526
00000507
00000000
00000001
00000A2E
00000527
00000507
00000000
00000000
00000A2F
00000527
00000508
00000000
00000000
00000A30
00000527
00000509
00000000
00000001
00000A31
00000528
00000509
00000000
00000001
00000A32
00000529
00000509
00000000
00000001
00000A33
0000052A
00000509
00000000
00000001
00000A34
0000052B
00000509
00000000
00000000
00000A35
0000052B
0000050A
00000000
00000001
00000A36
0000052C
0000050A
00000000
00000000
00000A37
0000052C
0000050B
00000000
00000001
00000A38
0000052D
0000050B
00000000
00000000
00000A39
0000052D
0000050C
00000000
00000001
00000A3A
0000052E
0000050C
00000000
00000001
00000A3B
0000052F
0000050C
00000000
00000000
00000A3C
0000052F
0000050D
00000000
00000000
00000A3D
0000052F
0000050E
00000000
00000000
00000A3E
0000052F
0000050F
00000000
00000000
00000A3F
0000052F
00000510
00000001
00000000
00000A40
0000052F
00000511
00000000
00000001
00000A41
00000530
00000511
00000000
00000000
00000A42
00000530
00000512
00000000
00000000
00000A43
00000530
00000513
00000001
00000001
00000A44
00000531
00000513
00000001
00000000
00000A45
00000531
00000514
00000001
00000000
00000A46
00000531
00000515
00000000
00000000
00000A47
00000531
00000516
00000001
00000000
00000A48
00000531
00000517
00000000
00000001
00000A49
00000532
00000517
00000000
00000001
00000A4A
00000533
00000517
00000000
00000000
00000A4B
00000533
00000518
00000000
00000001
00000A4C
00000534
00000518
00000000
00000000
00000A4D
00000534
00000519
00000000
00000000
00000A4E
00000534
0000051A
00000001
00000001
00000A4F
00000535
0000051A
00000001
00000000
00000A50
00000535
0000051B
00000001
00000000
00000A51
00000535
0000051C
00000000
00000000
00000A52
00000535
0000051D
00000001
00000000
00000A53
00000535
0000051E
00000000
00000000
00000A54
00000535
0000051F
00000001
00000001
00000A55
00000536
0000051F
00000001
00000001
00000A56
00000537
0000051F
00000001
00000000
00000A57
00000537
00000520
00000001
00000001
00000A58
00000538
00000520
00000001
00000000
00000A59
00000538
00000521
00000001
00000000
00000A5A
00000538
00000522
00000000
00000001
00000A5B
00000539
00000522
00000000
00000000
00000A5C
00000539
00000523
00000000
00000001
00000A5D
0000053A
00000523
00000000
00000000
00000A5E
0000053A
00000524
00000000
00000001
00000A5F
0000053B
00000524
00000000
00000001
00000A60
0000053C
00000524
00000000
00000001
00000A61
0000053D
00000524
00000000
00000001
00000A62
0000053E
00000524
00000000
00000001
00000A63
0000053F
00000524
00000000
00000000
00000A64
0000053F
00000525
00000000
00000000
00000A65
0000053F
00000526
00000000
00000001
00000A66
00000540
00000526
00000000
00000000
00000A67
00000540
00000527
00000000
00000001
00000A68
00000541
00000527
00000000
00000001
00000A69
00000542
00000527
00000000
00000001
00000A6A
00000543
00000527
00000000
00000000
00000A6B
00000543
00000528
00000000
00000000
00000A6C
00000543
00000529
00000000
00000000
00000A6D
00000543
0000052A
00000000
00000000
00000A6E
00000543
0000052B
00000001
00000000
00000A6F
00000543
0000052C
00000000
00000000
00000A70
00000543
0000052D
00000001
00000001
00000A71
00000544
0000052D
00000001
00000001
00000A72
00000545
0000052D
00000001
00000001
00000A73
00000546
0000052D
00000001
00000001
00000A74
00000547
0000052D
00000001
00000001
00000A75
00000548
0000052D
00000001
00000001
00000A76
00000549
0000052D
00000001
00000000
00000A77
00000549
0000052E
00000001
00000001
00000A78
0000054A
0000052E
00000001
00000000
00000A79
0000054A
0000052F
00000001
00000000
00000A7A
0000054A
00000530
00000001
00000000
00000A7B
0000054A
00000531
00000001
00000000
00000A7C
0000054A
00000532
00000000
00000000
00000A7D
0000054A
00000533
00000001
00000001
00000A7E
0000054B
00000533
00000001
00000001
00000A7F
0000054C
00000533
00000001
00000001
00000A80
0000054D
00000533
00000001
00000001
00000A81
0000054E
00000533
00000001
00000000
00000A82
0000054E
00000534
00000001
00000000
00000A83
0000054E
00000535
00000001
00000000
00000A84
0000054E
00000536
00000001
00000001
00000A85
0000054F
00000536
00000001
00000000
00000A86
0000054F
00000537
00000001
00000000
00000A87
0000054F
00000538
00000000
00000000
00000A88
0000054F
00000539
00000001
00000000
00000A89
0000054F
0000053A
00000000
00000001
00000A8A
00000550
0000053A
00000000
00000001
00000A8B
00000551
0000053A
00000000
00000000
00000A8C
00000551
0000053B
00000000
00000001
00000A8D
00000552
0000053B
00000000
00000000
00000A8E
00000552
0000053C
00000000
00000001
00000A8F
00000553
0000053C
00000000
00000000
00000A90
00000553
0000053D
00000000
00000000
00000A91
00000553
0000053E
00000001
00000001
00000A92
00000554
0000053E
00000001
00000000
00000A93
00000554
0000053F
00000001
00000001
00000A94
00000555
0000053F
00000001
00000000
00000A95
00000555
00000540
00000000
00000000
00000A96
00000555
00000541
00000001
00000000
00000A97
00000555
00000542
00000000
00000001
00000A98
00000556
00000542
00000000
00000000
00000A99
00000556
00000543
00000001
00000001
00000A9A
00000557
00000543
00000001
00000000
00000A9B
00000557
00000544
00000000
00000000
00000A9C
00000557
00000545
00000001
00000001
00000A9D
00000558
00000545
00000001
00000000
00000A9E
00000558
00000546
00000001
00000000
00000A9F
00000558
00000547
00000000
00000000
00000AA0
00000558
00000548
00000001
00000000
00000AA1
00000558
00000549
00000000
00000001
00000AA2
00000559
00000549
00000000
00000000
00000AA3
00000559
0000054A
00000000
00000001
00000AA4
0000055A
0000054A
00000000
00000001
00000AA5
0000055B
0000054A
00000000
00000000
00000AA6
0000055B
0000054B
00000000
00000000
00000AA7
0000055B
0000054C
00000001
00000001
00000AA8
0000055C
0000054C
00000001
00000001
00000AA9
0000055D
0000054C
00000001
00000000
00000AAA
0000055D
0000054D
00000001
00000000
00000AAB
0000055D
0000054E
00000000
00000001
00000AAC
0000055E
0000054E
00000000
00000001
00000AAD
0000055F
0000054E
00000000
00000000
00000AAE
0000055F
0000054F
00000000
00000001
00000AAF
00000560
0000054F
00000000
00000001
00000AB0
00000561
0000054F
00000000
00000000
00000AB1
00000561
00000550
00000000
00000001
00000AB2
00000562
00000550
00000000
00000001
00000AB3
00000563
00000550
00000000
00000000
00000AB4
00000563
00000551
00000000
00000001
00000AB5
00000564
00000551
00000000
00000001
00000AB6
00000565
00000551
00000000
00000000
00000AB7
00000565
00000552
00000000
00000001
00000AB8
00000566
00000552
00000000
00000000
00000AB9
00000566
00000553
00000000
00000000
00000ABA
00000566
00000554
00000000
00000000
00000ABB
00000566
00000555
00000001
00000000
00000ABC
00000566
00000556
00000000
00000000
00000ABD
00000566
00000557
00000001
00000000
00000ABE
00000566
00000558
00000000
00000001
00000ABF
00000567
00000558
00000000
00000001
00000AC0
00000568
00000558
00000000
00000000
00000AC1
00000568
00000559
00000000
00000001
00000AC2
00000569
00000559
00000000
00000000
00000AC3
00000569
0000055A
00000000
00000001
00000AC4
0000056A
0000055A
00000000
00000001
00000AC5
0000056B
0000055A
00000000
00000000
00000AC6
0000056B
0000055B
00000000
00000001
00000AC7
0000056C
0000055B
00000000
00000001
00000AC8
0000056D
0000055B
00000000
00000000
00000AC9
0000056D
0000055C
00000000
00000000
00000ACA
0000056D
0000055D
00000000
00000000
00000ACB
0000056D
0000055E
00000001
00000000
00000ACC
0000056D
0000055F
00000000
00000000
00000ACD
0000056D
00000560
00000001
00000000
00000ACE
0000056D
00000561
00000000
00000001
00000ACF
0000056E
00000561
00000000
00000000
00000AD0
0000056E
00000562
00000000
00000001
00000AD1
0000056F
00000562
00000000
00000001
00000AD2
00000570
00000562
00000000
00000001
00000AD3
00000571
00000562
00000000
00000001
00000AD4
00000572
00000562
00000000
00000000
00000AD5
00000572
00000563
00000000
00000000
00000AD6
00000572
00000564
00000000
00000001
00000AD7
00000573
00000564
00000000
00000000
00000AD8
00000573
00000565
00000000
00000000
00000AD9
00000573
00000566
00000001
00000000
00000ADA
00000573
00000567
00000000
00000000
00000ADB
00000573
00000568
00000001
00000001
00000ADC
00000574
00000568
00000001
00000000
00000ADD
00000574
00000569
00000001
00000000
00000ADE
00000574
0000056A
00000000
00000001
00000ADF
00000575
0000056A
00000000
00000000
00000AE0
00000575
0000056B
00000000
00000000
00000AE1
00000575
0000056C
00000001
00000001
00000AE2
00000576
0000056C
00000001
00000001
00000AE3
00000577
0000056C
00000001
00000000
00000AE4
00000577
0000056D
00000001
00000001
00000AE5
00000578
0000056D
00000001
00000000
00000AE6
00000578
0000056E
00000001
00000001
00000AE7
00000579
0000056E
00000001
00000001
00000AE8
0000057A
0000056E
00000001
00000001
00000AE9
0000057B
0000056E
00000001
00000000
00000AEA
0000057B
0000056F
00000001
00000001
00000AEB
0000057C
0000056F
00000001
00000001
00000AEC
0000057D
0000056F
00000001
00000000
00000AED
0000057D
00000570
00000001
00000001
00000AEE
0000057E
00000570
00000001
00000001
00000AEF
0000057F
00000570
00000001
00000001
00000AF0
00000580
00000570
00000001
00000000
00000AF1
00000580
00000571
00000001
00000000
00000AF2
00000580
00000572
00000001
00000000
00000AF3
00000580
00000573
00000001
00000001
00000AF4
00000581
00000573
00000001
00000001
00000AF5
00000582
00000573
00000001
00000001
00000AF6
00000583
00000573
00000001
00000000
00000AF7
00000583
00000574
00000001
00000001
00000AF8
00000584
00000574
00000001
00000001
00000AF9
00000585
00000574
00000001
00000000
00000AFA
00000585
00000575
00000001
00000001
00000AFB
00000586
00000575
00000001
00000001
00000AFC
00000587
00000575
00000001
00000000
00000AFD
00000587
00000576
00000001
00000001
00000AFE
00000588
00000576
00000001
00000001
00000AFF
00000589
00000576
00000001
00000001
00000B00
0000058A
00000576
00000001
00000001
00000B01
0000058B
00000576
00000001
00000001
00000B02
0000058C
00000576
00000001
00000001
00000B03
0000058D
00000576
00000001
00000001
00000B04
0000058E
00000576
00000001
00000000
00000B05
0000058E
00000577
00000001
00000001
00000B06
0000058F
00000577
00000001
00000001
00000B07
00000590
00000577
00000001
00000000
00000B08
00000590
00000578
00000001
00000000
00000B09
00000590
00000579
00000001
00000001
00000B0A
00000591
00000579
00000001
00000000
00000B0B
00000591
0000057A
00000001
00000000
00000B0C
00000591
0000057B
00000001
00000000
00000B0D
00000591
0000057C
00000001
00000001
00000B0E
00000592
0000057C
00000001
00000001
00000B0F
00000593
0000057C
00000001
00000001
00000B10
00000594
0000057C
00000001
00000001
00000B11
00000595
0000057C
00000001
00000001
00000B12
00000596
0000057C
00000001
00000000
00000B13
00000596
0000057D
00000001
00000000
00000B14
00000596
0000057E
00000001
00000001
00000B15
00000597
0000057E
00000001
00000000
00000B16
00000597
0000057F
00000001
00000001
00000B17
00000598
0000057F
00000001
00000001
00000B18
00000599
0000057F
00000001
00000000
00000B19
00000599
00000580
00000001
00000001
00000B1A
0000059A
00000580
00000001
00000001
00000B1B
0000059B
00000580
00000001
00000000
00000B1C
0000059B
00000581
00000001
00000001
00000B1D
0000059C
00000581
00000001
00000001
00000B1E
0000059D
00000581
00000001
00000000
00000B1F
0000059D
00000582
00000001
00000000
00000B20
0000059D
00000583
00000001
00000001
00000B21
0000059E
00000583
00000001
00000000
00000B22
0000059E
00000584
00000001
00000001
00000B23
0000059F
00000584
00000001
00000000
00000B24
0000059F
00000585
00000001
00000000
00000B25
0000059F
00000586
00000000
00000001
00000B26
000005A0
00000586
00000000
00000001
00000B27
000005A1
00000586
00000000
00000000
00000B28
000005A1
00000587
00000000
00000000
00000B29
000005A1
00000588
00000001
00000000
00000B2A
000005A1
00000589
00000000
00000001
00000B2B
000005A2
00000589
00000000
00000000
00000B2C
000005A2
0000058A
00000000
00000001
00000B2D
000005A3
0000058A
00000000
00000001
00000B2E
000005A4
0000058A
00000000
00000000
00000B2F
000005A4
0000058B
00000000
00000001
00000B30
000005A5
0000058B
00000000
00000001
00000B31
000005A6
0000058B
00000000
00000001
00000B32
000005A7
0000058B
00000000
00000001
00000B33
000005A8
0000058B
00000000
00000001
00000B34
000005A9
0000058B
00000000
00000000
00000B35
000005A9
0000058C
00000000
00000000
00000B36
000005A9
0000058D
00000000
00000000
00000B37
000005A9
0000058E
00000000
00000001
00000B38
000005AA
0000058E
00000000
00000000
00000B39
000005AA
0000058F
00000000
00000000
00000B3A
000005AA
00000590
00000001
00000000
00000B3B
000005AA
00000591
00000000
00000000
00000B3C
000005AA
00000592
00000001
00000001
00000B3D
000005AB
00000592
00000001
00000001
00000B3E
000005AC
00000592
00000001
00000001
00000B3F
000005AD
00000592
00000001
00000000
00000B40
000005AD
00000593
00000001
00000000
00000B41
000005AD
00000594
00000001
00000000
00000B42
000005AD
00000595
00000000
00000001
00000B43
000005AE
00000595
00000000
00000000
00000B44
000005AE
00000596
00000000
00000001
00000B45
000005AF
00000596
00000000
00000000
00000B46
000005AF
00000597
00000000
00000001
00000B47
000005B0
00000597
00000000
00000001
00000B48
000005B1
00000597
00000000
00000000
00000B49
000005B1
00000598
00000000
00000000
00000B4A
000005B1
00000599
00000001
00000000
00000B4B
000005B1
0000059A
00000000
00000001
00000B4C
000005B2
0000059A
00000000
00000001
00000B4D
000005B3
0000059A
00000000
00000000
00000B4E
000005B3
0000059B
00000000
00000001
00000B4F
000005B4
0000059B
00000000
00000000
00000B50
000005B4
0000059C
00000000
00000000
00000B51
000005B4
0000059D
00000001
00000001
00000B52
000005B5
0000059D
00000001
00000000
00000B53
000005B5
0000059E
00000000
00000001
00000B54
000005B6
0000059E
00000000
00000000
00000B55
000005B6
0000059F
00000000
00000000
00000B56
000005B6
000005A0
00000001
00000001
00000B57
000005B7
000005A0
00000001
00000000
00000B58
000005B7
000005A1
00000001
00000001
00000B59
000005B8
000005A1
00000001
00000001
00000B5A
000005B9
000005A1
00000001
00000001
00000B5B
000005BA
000005A1
00000001
00000000
00000B5C
000005BA
000005A2
00000001
00000001
00000B5D
000005BB
000005A2
00000001
00000001
00000B5E
000005BC
000005A2
00000001
00000000
00000B5F
000005BC
000005A3
00000001
00000001
00000B60
000005BD
000005A3
00000001
00000001
00000B61
000005BE
000005A3
00000001
00000000
00000B62
000005BE
000005A4
00000001
00000001
00000B63
000005BF
000005A4
00000001
00000000
00000B64
000005BF
000005A5
00000001
00000001
00000B65
000005C0
000005A5
00000001
00000001
00000B66
000005C1
000005A5
00000001
00000001
00000B67
000005C2
000005A5
00000001
00000001
00000B68
000005C3
000005A5
00000001
00000000
00000B69
000005C3
000005A6
00000001
00000000
00000B6A
000005C3
000005A7
00000001
00000001
00000B6B
000005C4
000005A7
00000001
00000000
00000B6C
000005C4
000005A8
00000001
00000001
00000B6D
000005C5
000005A8
00000001
00000000
00000B6E
000005C5
000005A9
00000001
00000000
00000B6F
000005C5
000005AA
00000001
00000000
00000B70
000005C5
000005AB
00000000
00000001
00000B71
000005C6
000005AB
00000000
00000001
00000B72
000005C7
000005AB
00000000
00000000
00000B73
000005C7
000005AC
00000000
00000001
00000B74
000005C8
000005AC
00000000
00000001
00000B75
000005C9
000005AC
00000000
00000000
00000B76
000005C9
000005AD
00000000
00000000
00000B77
000005C9
000005AE
00000000
00000000
00000B78
000005C9
000005AF
00000001
00000001
00000B79
000005CA
000005AF
00000001
00000001
00000B7A
000005CB
000005AF
00000001
00000000
00000B7B
000005CB
000005B0
00000001
00000001
00000B7C
000005CC
000005B0
00000001
00000001
00000B7D
000005CD
000005B0
00000001
00000001
00000B7E
000005CE
000005B0
00000001
00000000
00000B7F
000005CE
000005B1
00000001
00000000
00000B80
000005CE
000005B2
00000001
00000001
00000B81
000005CF
000005B2
00000001
00000001
00000B82
000005D0
000005B2
00000001
00000001
00000B83
000005D1
000005B2
00000001
00000000
00000B84
000005D1
000005B3
00000001
00000001
00000B85
000005D2
000005B3
00000001
00000000
00000B86
000005D2
000005B4
00000001
00000001
00000B87
000005D3
000005B4
00000001
00000000
00000B88
000005D3
000005B5
00000001
00000001
00000B89
000005D4
000005B5
00000001
00000000
00000B8A
000005D4
000005B6
00000001
00000001
00000B8B
000005D5
000005B6
00000001
00000001
00000B8C
000005D6
000005B6
00000001
00000000
00000B8D
000005D6
000005B7
00000001
00000000
00000B8E
000005D6
000005B8
00000001
00000001
00000B8F
000005D7
000005B8
00000001
00000001
00000B90
000005D8
000005B8
00000001
00000000
00000B91
000005D8
000005B9
00000001
00000001
00000B92
000005D9
000005B9
00000001
00000001
00000B93
000005DA
000005B9
00000001
00000001
00000B94
000005DB
000005B9
00000001
00000001
00000B95
000005DC
000005B9
00000001
00000000
00000B96
000005DC
000005BA
00000001
00000000
00000B97
000005DC
000005BB
00000001
00000001
00000B98
000005DD
000005BB
00000001
00000001
00000B99
000005DE
000005BB
00000001
00000001
00000B9A
000005DF
000005BB
00000001
00000001
00000B9B
000005E0
000005BB
00000001
00000001
00000B9C
000005E1
000005BB
00000001
00000001
00000B9D
000005E2
000005BB
00000001
00000001
00000B9E
000005E3
000005BB
00000001
00000001
00000B9F
000005E4
000005BB
00000001
00000000
00000BA0
000005E4
000005BC
00000001
00000000
00000BA1
000005E4
000005BD
00000001
00000001
00000BA2
000005E5
000005BD
00000001
00000001
00000BA3
000005E6
000005BD
00000001
00000001
00000BA4
000005E7
000005BD
00000001
00000000
00000BA5
000005E7
000005BE
00000001
00000001
00000BA6
000005E8
000005BE
00000001
00000001
00000BA7
000005E9
000005BE
00000001
00000001
00000BA8
000005EA
000005BE
00000001
00000000
00000BA9
000005EA
000005BF
00000001
00000000
00000BAA
000005EA
000005C0
00000001
00000001
00000BAB
000005EB
000005C0
00000001
00000001
00000BAC
000005EC
000005C0
00000001
00000001
00000BAD
000005ED
000005C0
00000001
00000000
00000BAE
000005ED
000005C1
00000001
00000000
00000BAF
000005ED
000005C2
00000001
00000000
00000BB0
000005ED
000005C3
00000001
00000001
00000BB1
000005EE
000005C3
00000001
00000000
00000BB2
000005EE
000005C4
00000001
00000001
00000BB3
000005EF
000005C4
00000001
00000000
00000BB4
000005EF
000005C5
00000001
00000000
00000BB5
000005EF
000005C6
00000000
00000000
00000BB6
000005EF
000005C7
00000001
00000000
00000BB7
000005EF
000005C8
00000000
00000001
00000BB8
000005F0
000005C8
00000000
00000001
00000BB9
000005F1
000005C8
00000000
00000001
00000BBA
000005F2
000005C8
00000000
00000001
00000BBB
000005F3
000005C8
00000000
00000000
00000BBC
000005F3
000005C9
00000000
00000000
00000BBD
000005F3
000005CA
00000000
00000000
00000BBE
000005F3
000005CB
00000000
00000001
00000BBF
000005F4
000005CB
00000000
00000001
00000BC0
000005F5
000005CB
00000000
00000001
00000BC1
000005F6
000005CB
00000000
00000001
00000BC2
000005F7
000005CB
00000000
00000001
00000BC3
000005F8
000005CB
00000000
00000000
00000BC4
000005F8
000005CC
00000000
00000000
00000BC5
000005F8
000005CD
00000000
00000000
00000BC6
000005F8
000005CE
00000000
00000001
00000BC7
000005F9
000005CE
00000000
00000000
00000BC8
000005F9
000005CF
00000000
00000001
00000BC9
000005FA
000005CF
00000000
00000000
00000BCA
000005FA
000005D0
00000000
00000001
00000BCB
000005FB
000005D0
00000000
00000001
00000BCC
000005FC
000005D0
00000000
00000000
00000BCD
000005FC
000005D1
00000000
00000000
00000BCE
000005FC
000005D2
00000001
00000000
00000BCF
000005FC
000005D3
00000000
00000000
00000BD0
000005FC
000005D4
00000001
00000000
00000BD1
000005FC
000005D5
00000000
00000001
00000BD2
000005FD
000005D5
00000000
00000000
00000BD3
000005FD
000005D6
00000000
00000000
00000BD4
000005FD
000005D7
00000001
00000000
00000BD5
000005FD
000005D8
00000000
00000001
00000BD6
000005FE
000005D8
00000000
00000001
00000BD7
000005FF
000005D8
00000000
00000000
00000BD8
000005FF
000005D9
00000000
00000000
00000BD9
000005FF
000005DA
00000000
00000000
00000BDA
000005FF
000005DB
00000001
00000000
00000BDB
000005FF
000005DC
00000000
00000001
00000BDC
00000600
000005DC
00000000
00000001
00000BDD
00000601
000005DC
00000000
00000001
00000BDE
00000602
000005DC
00000000
00000001
00000BDF
00000603
000005DC
00000000
00000001
00000BE0
00000604
000005DC
00000000
00000001
00000BE1
00000605
000005DC
00000000
00000000
00000BE2
00000605
000005DD
00000000
00000001
00000BE3
00000606
000005DD
00000000
00000001
00000BE4
00000607
000005DD
00000000
00000000
00000BE5
00000607
000005DE
00000000
00000001
00000BE6
00000608
000005DE
00000000
00000000
00000BE7
00000608
000005DF
00000000
00000000
00000BE8
00000608
000005E0
00000000
00000001
00000BE9
00000609
000005E0
00000000
00000001
00000BEA
0000060A
000005E0
00000000
00000001
00000BEB
0000060B
000005E0
00000000
00000000
00000BEC
0000060B
000005E1
00000000
00000000
00000BED
0000060B
000005E2
00000000
00000000
00000BEE
0000060B
000005E3
00000000
00000001
00000BEF
0000060C
000005E3
00000000
00000000
00000BF0
0000060C
000005E4
00000000
00000000
00000BF1
0000060C
000005E5
00000001
00000000
00000BF2
0000060C
000005E6
00000000
00000000
00000BF3
0000060C
000005E7
00000001
00000000
00000BF4
0000060C
000005E8
00000000
00000000
00000BF5
0000060C
000005E9
00000001
00000001
00000BF6
0000060D
000005E9
00000001
00000001
00000BF7
0000060E
000005E9
00000001
00000001
00000BF8
0000060F
000005E9
00000001
00000000
00000BF9
0000060F
000005EA
00000001
00000001
00000BFA
00000610
000005EA
00000001
00000001
00000BFB
00000611
000005EA
00000001
00000001
00000BFC
00000612
000005EA
00000001
00000001
00000BFD
00000613
000005EA
00000001
00000001
00000BFE
00000614
000005EA
00000001
00000001
00000BFF
00000615
000005EA
00000001
00000000
00000C00
00000615
000005EB
00000001
00000000
00000C01
00000615
000005EC
00000001
00000001
00000C02
00000616
000005EC
00000001
00000001
00000C03
00000617
000005EC
00000001
00000000
00000C04
00000617
000005ED
00000001
00000000
00000C05
00000617
000005EE
00000001
00000001
00000C06
00000618
000005EE
00000001
00000000
00000C07
00000618
000005EF
00000001
00000001
00000C08
00000619
000005EF
00000001
00000001
00000C09
0000061A
000005EF
00000001
00000001
00000C0A
0000061B
000005EF
00000001
00000000
00000C0B
0000061B
000005F0
00000001
00000000
00000C0C
0000061B
000005F1
00000001
00000001
00000C0D
0000061C
000005F1
00000001
00000000
00000C0E
0000061C
000005F2
00000001
00000001
00000C0F
0000061D
000005F2
00000001
00000001
00000C10
0000061E
000005F2
00000001
00000000
00000C11
0000061E
000005F3
00000001
00000001
00000C12
0000061F
000005F3
00000001
00000000
00000C13
0000061F
000005F4
00000001
00000000
00000C14
0000061F
000005F5
00000000
00000001
00000C15
00000620
000005F5
00000000
00000001
00000C16
00000621
000005F5
00000000
00000000
00000C17
00000621
000005F6
00000000
00000000
00000C18
00000621
000005F7
00000001
00000000
00000C19
00000621
000005F8
00000000
00000000
00000C1A
00000621
000005F9
00000001
00000000
00000C1B
00000621
000005FA
00000000
00000001
00000C1C
00000622
000005FA
00000000
00000000
00000C1D
00000622
000005FB
00000000
00000000
00000C1E
00000622
000005FC
00000001
00000001
00000C1F
00000623
000005FC
00000001
00000000
00000C20
00000623
000005FD
00000001
00000001
00000C21
00000624
000005FD
00000001
00000000
00000C22
00000624
000005FE
00000001
00000000
00000C23
00000624
000005FF
00000000
00000000
00000C24
00000624
00000600
00000001
00000000
00000C25
00000624
00000601
00000000
00000001
00000C26
00000625
00000601
00000000
00000001
00000C27
00000626
00000601
00000000
00000000
00000C28
00000626
00000602
00000000
00000000
00000C29
00000626
00000603
00000000
00000001
00000C2A
00000627
00000603
00000000
00000001
00000C2B
00000628
00000603
00000000
00000001
00000C2C
00000629
00000603
00000000
00000001
00000C2D
0000062A
00000603
00000000
00000000
00000C2E
0000062A
00000604
00000000
00000000
00000C2F
0000062A
00000605
00000000
00000001
00000C30
0000062B
00000605
00000000
00000000
00000C31
0000062B
00000606
00000000
00000000
00000C32
0000062B
00000607
00000001
00000000
00000C33
0000062B
00000608
00000000
00000001
00000C34
0000062C
00000608
00000000
00000001
00000C35
0000062D
00000608
00000000
00000000
00000C36
0000062D
00000609
00000000
00000001
00000C37
0000062E
00000609
00000000
00000000
00000C38
0000062E
0000060A
00000000
00000001
00000C39
0000062F
0000060A
00000000
00000001
00000C3A
00000630
0000060A
00000000
00000001
00000C3B
00000631
0000060A
00000000
00000000
00000C3C
00000631
0000060B
00000000
00000001
00000C3D
00000632
0000060B
00000000
00000000
00000C3E
00000632
0000060C
00000000
00000000
00000C3F
00000632
0000060D
00000000
00000001
00000C40
00000633
0000060D
00000000
00000001
00000C41
00000634
0000060D
00000000
00000001
00000C42
00000635
0000060D
00000000
00000001
00000C43
00000636
0000060D
00000000
00000001
00000C44
00000637
0000060D
00000000
00000001
00000C45
00000638
0000060D
00000000
00000001
00000C46
00000639
0000060D
00000000
00000001
00000C47
0000063A
0000060D
00000000
00000000
00000C48
0000063A
0000060E
00000000
00000001
00000C49
0000063B
0000060E
00000000
00000001
00000C4A
0000063C
0000060E
00000000
00000000
00000C4B
0000063C
0000060F
00000000
00000001
00000C4C
0000063D
0000060F
00000000
00000000
00000C4D
0000063D
00000610
00000000
00000000
00000C4E
0000063D
00000611
00000000
00000000
00000C4F
0000063D
00000612
00000000
00000000
00000C50
0000063D
00000613
00000000
00000001
00000C51
0000063E
00000613
00000000
00000000
00000C52
0000063E
00000614
00000000
00000001
00000C53
0000063F
00000614
00000000
00000001
00000C54
00000640
00000614
00000000
00000001
00000C55
00000641
00000614
00000000
00000001
00000C56
00000642
00000614
00000000
00000001
00000C57
00000643
00000614
00000000
00000000
00000C58
00000643
00000615
00000000
00000001
00000C59
00000644
00000615
00000000
00000001
00000C5A
00000645
00000615
00000000
00000000
00000C5B
00000645
00000616
00000000
00000000
00000C5C
00000645
00000617
00000000
00000000
00000C5D
00000645
00000618
00000000
00000001
00000C5E
00000646
00000618
00000000
00000000
00000C5F
00000646
00000619
00000000
00000001
00000C60
00000647
00000619
00000000
00000000
00000C61
00000647
0000061A
00000000
00000001
00000C62
00000648
0000061A
00000000
00000000
00000C63
00000648
0000061B
00000000
00000001
00000C64
00000649
0000061B
00000000
00000001
00000C65
0000064A
0000061B
00000000
00000000
00000C66
0000064A
0000061C
00000000
00000000
00000C67
0000064A
0000061D
00000001
00000001
00000C68
0000064B
0000061D
00000001
00000001
00000C69
0000064C
0000061D
00000001
00000000
00000C6A
0000064C
0000061E
00000001
00000001
00000C6B
0000064D
0000061E
00000001
00000001
00000C6C
0000064E
0000061E
00000001
00000000
00000C6D
0000064E
0000061F
00000001
00000000
00000C6E
0000064E
00000620
00000001
00000000
00000C6F
0000064E
00000621
00000000
00000001
00000C70
0000064F
00000621
00000000
00000001
00000C71
00000650
00000621
00000000
00000000
00000C72
00000650
00000622
00000000
00000001
00000C73
00000651
00000622
00000000
00000001
00000C74
00000652
00000622
00000000
00000000
00000C75
00000652
00000623
00000000
00000000
00000C76
00000652
00000624
00000000
00000000
00000C77
00000652
00000625
00000001
00000000
00000C78
00000652
00000626
00000000
00000000
00000C79
00000652
00000627
00000001
00000000
00000C7A
00000652
00000628
00000000
00000001
00000C7B
00000653
00000628
00000000
00000000
00000C7C
00000653
00000629
00000000
00000001
00000C7D
00000654
00000629
00000000
00000001
00000C7E
00000655
00000629
00000000
00000001
00000C7F
00000656
00000629
00000000
00000001
00000C80
00000657
00000629
00000000
00000000
00000C81
00000657
0000062A
00000000
00000000
00000C82
00000657
0000062B
00000000
00000001
00000C83
00000658
0000062B
00000000
00000001
00000C84
00000659
0000062B
00000000
00000001
00000C85
0000065A
0000062B
00000000
00000001
00000C86
0000065B
0000062B
00000000
00000000
00000C87
0000065B
0000062C
00000000
00000001
00000C88
0000065C
0000062C
00000000
00000000
00000C89
0000065C
0000062D
00000000
00000000
00000C8A
0000065C
0000062E
00000000
00000000
00000C8B
0000065C
0000062F
00000000
00000001
00000C8C
0000065D
0000062F
00000000
00000000
00000C8D
0000065D
00000630
00000000
00000001
00000C8E
0000065E
00000630
00000000
00000001
00000C8F
0000065F
00000630
00000000
00000001
00000C90
00000660
00000630
00000000
00000000
00000C91
00000660
00000631
00000000
00000000
00000C92
00000660
00000632
00000000
00000001
00000C93
00000661
00000632
00000000
00000001
00000C94
00000662
00000632
00000000
00000000
00000C95
00000662
00000633
00000000
00000000
00000C96
00000662
00000634
00000001
00000000
00000C97
00000662
00000635
00000000
00000001
00000C98
00000663
00000635
00000000
00000000
00000C99
00000663
00000636
00000000
00000000
00000C9A
00000663
00000637
00000001
00000000
00000C9B
00000663
00000638
00000000
00000001
00000C9C
00000664
00000638
00000000
00000001
00000C9D
00000665
00000638
00000000
00000000
00000C9E
00000665
00000639
00000000
00000001
00000C9F
00000666
00000639
00000000
00000001
00000CA0
00000667
00000639
00000000
00000001
00000CA1
00000668
00000639
00000000
00000001
00000CA2
00000669
00000639
00000000
00000001
00000CA3
0000066A
00000639
00000000
00000001
00000CA4
0000066B
00000639
00000000
00000000
00000CA5
0000066B
0000063A
00000000
00000000
00000CA6
0000066B
0000063B
00000000
00000000
00000CA7
0000066B
0000063C
00000000
00000001
00000CA8
0000066C
0000063C
00000000
00000001
00000CA9
0000066D
0000063C
00000000
00000001
00000CAA
0000066E
0000063C
00000000
00000000
00000CAB
0000066E
0000063D
00000000
00000000
00000CAC
0000066E
0000063E
00000000
00000001
00000CAD
0000066F
0000063E
00000000
00000001
00000CAE
00000670
0000063E
00000000
00000000
00000CAF
00000670
0000063F
00000000
00000001
00000CB0
00000671
0000063F
00000000
00000000
00000CB1
00000671
00000640
00000000
00000001
00000CB2
00000672
00000640
00000000
00000001
00000CB3
00000673
00000640
00000000
00000000
00000CB4
00000673
00000641
00000000
00000001
00000CB5
00000674
00000641
00000000
00000000
00000CB6
00000674
00000642
00000000
00000001
00000CB7
00000675
00000642
00000000
00000000
00000CB8
00000675
00000643
00000000
00000000
00000CB9
00000675
00000644
00000001
00000001
00000CBA
00000676
00000644
00000001
00000000
00000CBB
00000676
00000645
00000000
00000001
00000CBC
00000677
00000645
00000000
00000001
00000CBD
00000678
00000645
00000000
00000000
00000CBE
00000678
00000646
00000000
00000001
00000CBF
00000679
00000646
00000000
00000000
00000CC0
00000679
00000647
00000000
00000000
00000CC1
00000679
00000648
00000001
00000001
00000CC2
0000067A
00000648
00000001
00000001
00000CC3
0000067B
00000648
00000001
00000001
00000CC4
0000067C
00000648
00000001
00000001
00000CC5
0000067D
00000648
00000001
00000001
00000CC6
0000067E
00000648
00000001
00000000
00000CC7
0000067E
00000649
00000001
00000000
00000CC8
0000067E
0000064A
00000001
00000001
00000CC9
0000067F
0000064A
00000001
00000001
00000CCA
00000680
0000064A
00000001
00000001
00000CCB
00000681
0000064A
00000001
00000000
00000CCC
00000681
0000064B
00000001
00000001
00000CCD
00000682
0000064B
00000001
00000000
00000CCE
00000682
0000064C
00000001
00000000
00000CCF
00000682
0000064D
00000001
00000000
00000CD0
00000682
0000064E
00000000
00000001
00000CD1
00000683
0000064E
00000000
00000001
00000CD2
00000684
0000064E
00000000
00000001
00000CD3
00000685
0000064E
00000000
00000000
00000CD4
00000685
0000064F
00000000
00000001
00000CD5
00000686
0000064F
00000000
00000001
00000CD6
00000687
0000064F
00000000
00000000
00000CD7
00000687
00000650
00000000
00000001
00000CD8
00000688
00000650
00000000
00000001
00000CD9
00000689
00000650
00000000
00000001
00000CDA
0000068A
00000650
00000000
00000000
00000CDB
0000068A
00000651
00000000
00000001
00000CDC
0000068B
00000651
00000000
00000000
00000CDD
0000068B
00000652
00000000
00000000
00000CDE
0000068B
00000653
00000000
00000000
00000CDF
0000068B
00000654
00000000
00000001
00000CE0
0000068C
00000654
00000000
00000001
00000CE1
0000068D
00000654
00000000
00000001
00000CE2
0000068E
00000654
00000000
00000001
00000CE3
0000068F
00000654
00000000
00000001
00000CE4
00000690
00000654
00000000
00000001
00000CE5
00000691
00000654
00000000
00000000
00000CE6
00000691
00000655
00000000
00000000
00000CE7
00000691
00000656
00000000
00000001
00000CE8
00000692
00000656
00000000
00000000
00000CE9
00000692
00000657
00000000
00000001
00000CEA
00000693
00000657
00000000
00000001
00000CEB
00000694
00000657
00000000
00000000
00000CEC
00000694
00000658
00000000
00000000
00000CED
00000694
00000659
00000000
00000001
00000CEE
00000695
00000659
00000000
00000001
00000CEF
00000696
00000659
00000000
00000000
00000CF0
00000696
0000065A
00000000
00000001
00000CF1
00000697
0000065A
00000000
00000000
00000CF2
00000697
0000065B
00000000
00000001
00000CF3
00000698
0000065B
00000000
00000000
00000CF4
00000698
0000065C
00000000
00000000
00000CF5
00000698
0000065D
00000001
00000001
00000CF6
00000699
0000065D
00000001
00000000
00000CF7
00000699
0000065E
00000001
00000000
00000CF8
00000699
0000065F
00000000
00000001
00000CF9
0000069A
0000065F
00000000
00000001
00000CFA
0000069B
0000065F
00000000
00000000
00000CFB
0000069B
00000660
00000000
00000000
00000CFC
0000069B
00000661
00000000
00000001
00000CFD
0000069C
00000661
00000000
00000000
00000CFE
0000069C
00000662
00000000
00000001
00000CFF
0000069D
00000662
00000000
00000000
00000D00
0000069D
00000663
00000000
00000001
00000D01
0000069E
00000663
00000000
00000000
00000D02
0000069E
00000664
00000000
00000000
00000D03
0000069E
00000665
00000001
00000001
00000D04
0000069F
00000665
00000001
00000001
00000D05
000006A0
00000665
00000001
00000000
00000D06
000006A0
00000666
00000001
00000001
00000D07
000006A1
00000666
00000001
00000000
00000D08
000006A1
00000667
00000001
00000000
00000D09
000006A1
00000668
00000001
00000000
00000D0A
000006A1
00000669
00000000
00000000
00000D0B
000006A1
0000066A
00000001
00000000
00000D0C
000006A1
0000066B
00000000
00000001
00000D0D
000006A2
0000066B
00000000
00000001
00000D0E
000006A3
0000066B
00000000
00000000
00000D0F
000006A3
0000066C
00000000
00000000
00000D10
000006A3
0000066D
00000000
00000000
00000D11
000006A3
0000066E
00000001
00000001
00000D12
000006A4
0000066E
00000001
00000001
00000D13
000006A5
0000066E
00000001
00000001
00000D14
000006A6
0000066E
00000001
00000001
00000D15
000006A7
0000066E
00000001
00000001
00000D16
000006A8
0000066E
00000001
00000001
00000D17
000006A9
0000066E
00000001
00000000
00000D18
000006A9
0000066F
00000001
00000001
00000D19
000006AA
0000066F
00000001
00000000
00000D1A
000006AA
00000670
00000001
00000001
00000D1B
000006AB
00000670
00000001
00000001
00000D1C
000006AC
00000670
00000001
00000000
00000D1D
000006AC
00000671
00000001
00000001
00000D1E
000006AD
00000671
00000001
00000000
00000D1F
000006AD
00000672
00000001
00000000
00000D20
000006AD
00000673
00000001
00000001
00000D21
000006AE
00000673
00000001
00000001
00000D22
000006AF
00000673
00000001
00000001
00000D23
000006B0
00000673
00000001
00000000
00000D24
000006B0
00000674
00000001
00000001
00000D25
000006B1
00000674
00000001
00000001
00000D26
000006B2
00000674
00000001
00000000
00000D27
000006B2
00000675
00000001
00000000
00000D28
000006B2
00000676
00000001
00000001
00000D29
000006B3
00000676
00000001
00000001
00000D2A
000006B4
00000676
00000001
00000000
00000D2B
000006B4
00000677
00000001
00000001
00000D2C
000006B5
00000677
00000001
00000000
00000D2D
000006B5
00000678
00000001
00000001
00000D2E
000006B6
00000678
00000001
00000001
00000D2F
000006B7
00000678
00000001
00000000
00000D30
000006B7
00000679
00000001
00000001
00000D31
000006B8
00000679
00000001
00000001
00000D32
000006B9
00000679
00000001
00000000
00000D33
000006B9
0000067A
00000001
00000000
00000D34
000006B9
0000067B
00000001
00000000
00000D35
000006B9
0000067C
00000000
00000000
00000D36
000006B9
0000067D
00000001
00000001
00000D37
000006BA
0000067D
00000001
00000000
00000D38
000006BA
0000067E
00000001
00000001
00000D39
000006BB
0000067E
00000001
00000000
00000D3A
000006BB
0000067F
00000001
00000000
00000D3B
000006BB
00000680
00000000
00000000
00000D3C
000006BB
00000681
00000001
00000001
00000D3D
000006BC
00000681
00000001
00000001
00000D3E
000006BD
00000681
00000001
00000001
00000D3F
000006BE
00000681
00000001
00000000
00000D40
000006BE
00000682
00000001
00000001
00000D41
000006BF
00000682
00000001
00000001
00000D42
000006C0
00000682
00000001
00000001
00000D43
000006C1
00000682
00000001
00000000
00000D44
000006C1
00000683
00000001
00000001
00000D45
000006C2
00000683
00000001
00000000
00000D46
000006C2
00000684
00000001
00000000
00000D47
000006C2
00000685
00000001
00000001
00000D48
000006C3
00000685
00000001
00000001
00000D49
000006C4
00000685
00000001
00000001
00000D4A
000006C5
00000685
00000001
00000001
00000D4B
000006C6
00000685
00000001
00000001
00000D4C
000006C7
00000685
00000001
00000000
00000D4D
000006C7
00000686
00000001
00000000
00000D4E
000006C7
00000687
00000001
00000001
00000D4F
000006C8
00000687
00000001
00000000
00000D50
000006C8
00000688
00000001
00000000
00000D51
000006C8
00000689
00000001
00000001
00000D52
000006C9
00000689
00000001
00000000
00000D53
000006C9
0000068A
00000001
00000001
00000D54
000006CA
0000068A
00000001
00000000
00000D55
000006CA
0000068B
00000001
00000001
00000D56
000006CB
0000068B
00000001
00000001
00000D57
000006CC
0000068B
00000001
00000001
00000D58
000006CD
0000068B
00000001
00000000
00000D59
000006CD
0000068C
00000001
00000000
00000D5A
000006CD
0000068D
00000001
00000001
00000D5B
000006CE
0000068D
00000001
00000001
00000D5C
000006CF
0000068D
00000001
00000001
00000D5D
000006D0
0000068D
00000001
00000001
00000D5E
000006D1
0000068D
00000001
00000001
00000D5F
000006D2
0000068D
00000001
00000001
00000D60
000006D3
0000068D
00000001
00000001
00000D61
000006D4
0000068D
00000001
00000001
00000D62
000006D5
0000068D
00000001
00000001
00000D63
000006D6
0000068D
00000001
00000000
00000D64
000006D6
0000068E
00000001
00000001
00000D65
000006D7
0000068E
00000001
00000000
00000D66
000006D7
0000068F
00000001
00000001
00000D67
000006D8
0000068F
00000001
00000001
00000D68
000006D9
0000068F
00000001
00000001
00000D69
000006DA
0000068F
00000001
00000000
00000D6A
000006DA
00000690
00000001
00000001
00000D6B
000006DB
00000690
00000001
00000001
00000D6C
000006DC
00000690
00000001
00000001
00000D6D
000006DD
00000690
00000001
00000001
00000D6E
000006DE
00000690
00000001
00000001
00000D6F
000006DF
00000690
00000001
00000000
00000D70
000006DF
00000691
00000001
00000001
00000D71
000006E0
00000691
00000001
00000001
00000D72
000006E1
00000691
00000001
00000001
00000D73
000006E2
00000691
00000001
00000001
00000D74
000006E3
00000691
00000001
00000001
00000D75
000006E4
00000691
00000001
00000000
00000D76
000006E4
00000692
00000001
00000001
00000D77
000006E5
00000692
00000001
00000001
00000D78
000006E6
00000692
00000001
00000001
00000D79
000006E7
00000692
00000001
00000001
00000D7A
000006E8
00000692
00000001
00000000
00000D7B
000006E8
00000693
00000001
00000000
00000D7C
000006E8
00000694
00000001
00000001
00000D7D
000006E9
00000694
00000001
00000001
00000D7E
000006EA
00000694
00000001
00000001
00000D7F
000006EB
00000694
00000001
00000001
00000D80
000006EC
00000694
00000001
00000000
00000D81
000006EC
00000695
00000001
00000001
00000D82
000006ED
00000695
00000001
00000001
00000D83
000006EE
00000695
00000001
00000000
00000D84
000006EE
00000696
00000001
00000001
00000D85
000006EF
00000696
00000001
00000001
00000D86
000006F0
00000696
00000001
00000001
00000D87
000006F1
00000696
00000001
00000000
00000D88
000006F1
00000697
00000001
00000001
00000D89
000006F2
00000697
00000001
00000001
00000D8A
000006F3
00000697
00000001
00000000
00000D8B
000006F3
00000698
00000001
00000000
00000D8C
000006F3
00000699
00000001
00000001
00000D8D
000006F4
00000699
00000001
00000000
00000D8E
000006F4
0000069A
00000001
00000001
00000D8F
000006F5
0000069A
00000001
00000001
00000D90
000006F6
0000069A
00000001
00000001
00000D91
000006F7
0000069A
00000001
00000001
00000D92
000006F8
0000069A
00000001
00000000
00000D93
000006F8
0000069B
00000001
00000001
00000D94
000006F9
0000069B
00000001
00000001
00000D95
000006FA
0000069B
00000001
00000001
00000D96
000006FB
0000069B
00000001
00000001
00000D97
000006FC
0000069B
00000001
00000001
00000D98
000006FD
0000069B
00000001
00000001
00000D99
000006FE
0000069B
00000001
00000001
00000D9A
000006FF
0000069B
00000001
00000000
00000D9B
000006FF
0000069C
00000001
00000001
00000D9C
00000700
0000069C
00000001
00000001
00000D9D
00000701
0000069C
00000001
00000000
00000D9E
00000701
0000069D
00000001
00000000
00000D9F
00000701
0000069E
00000001
00000001
00000DA0
00000702
0000069E
00000001
00000001
00000DA1
00000703
0000069E
00000001
00000001
00000DA2
00000704
0000069E
00000001
00000000
00000DA3
00000704
0000069F
00000001
00000000
00000DA4
00000704
000006A0
00000001
00000000
00000DA5
00000704
000006A1
00000001
00000000
00000DA6
00000704
000006A2
00000001
00000001
00000DA7
00000705
000006A2
00000001
00000001
00000DA8
00000706
000006A2
00000001
00000000
00000DA9
00000706
000006A3
00000001
00000000
00000DAA
00000706
000006A4
00000001
00000001
00000DAB
00000707
000006A4
00000001
00000000
00000DAC
00000707
000006A5
00000001
00000000
00000DAD
00000707
000006A6
00000000
00000001
00000DAE
00000708
000006A6
00000000
00000000
00000DAF
00000708
000006A7
00000000
00000000
00000DB0
00000708
000006A8
00000001
00000001
00000DB1
00000709
000006A8
00000001
00000001
00000DB2
0000070A
000006A8
00000001
00000001
00000DB3
0000070B
000006A8
00000001
00000001
00000DB4
0000070C
000006A8
00000001
00000000
00000DB5
0000070C
000006A9
00000001
00000000
00000DB6
0000070C
000006AA
00000001
00000000
00000DB7
0000070C
000006AB
00000001
00000000
00000DB8
0000070C
000006AC
00000000
00000001
00000DB9
0000070D
000006AC
00000000
00000000
00000DBA
0000070D
000006AD
00000000
00000001
00000DBB
0000070E
000006AD
00000000
00000001
00000DBC
0000070F
000006AD
00000000
00000000
00000DBD
0000070F
000006AE
00000000
00000001
00000DBE
00000710
000006AE
00000000
00000000
00000DBF
00000710
000006AF
00000000
00000001
00000DC0
00000711
000006AF
00000000
00000001
00000DC1
00000712
000006AF
00000000
00000001
00000DC2
00000713
000006AF
00000000
00000000
00000DC3
00000713
000006B0
00000000
00000001
00000DC4
00000714
000006B0
00000000
00000001
00000DC5
00000715
000006B0
00000000
00000000
00000DC6
00000715
000006B1
00000000
00000001
00000DC7
00000716
000006B1
00000000
00000000
00000DC8
00000716
000006B2
00000000
00000000
00000DC9
00000716
000006B3
00000000
00000001
00000DCA
00000717
000006B3
00000000
00000000
00000DCB
00000717
000006B4
00000000
00000000
00000DCC
00000717
000006B5
00000001
00000001
00000DCD
00000718
000006B5
00000001
00000001
00000DCE
00000719
000006B5
00000001
00000000
00000DCF
00000719
000006B6
00000001
00000001
00000DD0
0000071A
000006B6
00000001
00000000
00000DD1
0000071A
000006B7
00000001
00000001
00000DD2
0000071B
000006B7
00000001
00000000
00000DD3
0000071B
000006B8
00000001
00000001
00000DD4
0000071C
000006B8
00000001
00000000
00000DD5
0000071C
000006B9
00000001
00000001
00000DD6
0000071D
000006B9
00000001
00000000
00000DD7
0000071D
000006BA
00000001
00000000
00000DD8
0000071D
000006BB
00000000
00000001
00000DD9
0000071E
000006BB
00000000
00000001
00000DDA
0000071F
000006BB
00000000
00000000
00000DDB
0000071F
000006BC
00000000
00000000
00000DDC
0000071F
000006BD
00000000
00000001
00000DDD
00000720
000006BD
00000000
00000001
00000DDE
00000721
000006BD
00000000
00000000
00000DDF
00000721
000006BE
00000000
00000001
00000DE0
00000722
000006BE
00000000
00000000
00000DE1
00000722
000006BF
00000000
00000001
00000DE2
00000723
000006BF
00000000
00000000
00000DE3
00000723
000006C0
00000000
00000001
00000DE4
00000724
000006C0
00000000
00000000
00000DE5
00000724
000006C1
00000000
00000001
00000DE6
00000725
000006C1
00000000
00000000
00000DE7
00000725
000006C2
00000000
00000000
00000DE8
00000725
000006C3
00000001
00000000
00000DE9
00000725
000006C4
00000000
00000000
00000DEA
00000725
000006C5
00000001
00000000
00000DEB
00000725
000006C6
00000000
00000000
00000DEC
00000725
000006C7
00000001
00000000
00000DED
00000725
000006C8
00000000
00000000
00000DEE
00000725
000006C9
00000001
00000000
00000DEF
00000725
000006CA
00000000
00000001
00000DF0
00000726
000006CA
00000000
00000001
00000DF1
00000727
000006CA
00000000
00000001
00000DF2
00000728
000006CA
00000000
00000001
00000DF3
00000729
000006CA
00000000
00000001
00000DF4
0000072A
000006CA
00000000
00000000
00000DF5
0000072A
000006CB
00000000
00000001
00000DF6
0000072B
000006CB
00000000
00000001
00000DF7
0000072C
000006CB
00000000
00000001
00000DF8
0000072D
000006CB
00000000
00000001
00000DF9
0000072E
000006CB
00000000
00000000
00000DFA
0000072E
000006CC
00000000
00000001
00000DFB
0000072F
000006CC
00000000
00000000
00000DFC
0000072F
000006CD
00000000
00000001
00000DFD
00000730
000006CD
00000000
00000000
00000DFE
00000730
000006CE
00000000
00000001
00000DFF
00000731
000006CE
00000000
00000000
00000E00
00000731
000006CF
00000000
00000000
00000E01
00000731
000006D0
00000000
00000000
00000E02
00000731
000006D1
00000000
00000001
00000E03
00000732
000006D1
00000000
00000000
00000E04
00000732
000006D2
00000000
00000001
00000E05
00000733
000006D2
00000000
00000000
00000E06
00000733
000006D3
00000001
00000000
00000E07
00000733
000006D4
00000000
00000001
00000E08
00000734
000006D4
00000000
00000001
00000E09
00000735
000006D4
00000000
00000001
00000E0A
00000736
000006D4
00000000
00000001
00000E0B
00000737
000006D4
00000000
00000001
00000E0C
00000738
000006D4
00000000
00000000
00000E0D
00000738
000006D5
00000000
00000000
00000E0E
00000738
000006D6
00000000
00000000
00000E0F
00000738
000006D7
00000000
00000001
00000E10
00000739
000006D7
00000000
00000000
00000E11
00000739
000006D8
00000000
00000000
00000E12
00000739
000006D9
00000001
00000000
00000E13
00000739
000006DA
00000000
00000001
00000E14
0000073A
000006DA
00000000
00000001
00000E15
0000073B
000006DA
00000000
00000000
00000E16
0000073B
000006DB
00000000
00000001
00000E17
0000073C
000006DB
00000000
00000000
00000E18
0000073C
000006DC
00000000
00000001
00000E19
0000073D
000006DC
00000000
00000000
00000E1A
0000073D
000006DD
00000000
00000001
00000E1B
0000073E
000006DD
00000000
00000000
00000E1C
0000073E
000006DE
00000000
00000001
00000E1D
0000073F
000006DE
00000000
00000000
00000E1E
0000073F
000006DF
00000000
00000000
00000E1F
0000073F
000006E0
00000001
00000001
00000E20
00000740
000006E0
00000001
00000000
00000E21
00000740
000006E1
00000001
00000000
00000E22
00000740
000006E2
00000000
00000001
00000E23
00000741
000006E2
00000000
00000001
00000E24
00000742
000006E2
00000000
00000001
00000E25
00000743
000006E2
00000000
00000001
00000E26
00000744
000006E2
00000000
00000001
00000E27
00000745
000006E2
00000000
00000001
00000E28
00000746
000006E2
00000000
00000001
00000E29
00000747
000006E2
00000000
00000000
00000E2A
00000747
000006E3
00000000
00000001
00000E2B
00000748
000006E3
00000000
00000000
00000E2C
00000748
000006E4
00000000
00000000
00000E2D
00000748
000006E5
00000000
00000001
00000E2E
00000749
000006E5
00000000
00000000
00000E2F
00000749
000006E6
00000000
00000000
00000E30
00000749
000006E7
00000000
00000001
00000E31
0000074A
000006E7
00000000
00000001
00000E32
0000074B
000006E7
00000000
00000000
00000E33
0000074B
000006E8
00000000
00000000
00000E34
0000074B
000006E9
00000000
00000001
00000E35
0000074C
000006E9
00000000
00000001
00000E36
0000074D
000006E9
00000000
00000000
00000E37
0000074D
000006EA
00000000
00000001
00000E38
0000074E
000006EA
00000000
00000000
00000E39
0000074E
000006EB
00000000
00000000
00000E3A
0000074E
000006EC
00000001
00000000
00000E3B
0000074E
000006ED
00000000
00000001
00000E3C
0000074F
000006ED
00000000
00000001
00000E3D
00000750
000006ED
00000000
00000001
00000E3E
00000751
000006ED
00000000
00000000
00000E3F
00000751
000006EE
00000000
00000000
00000E40
00000751
000006EF
00000000
00000000
00000E41
00000751
000006F0
00000001
00000000
00000E42
00000751
000006F1
00000000
00000000
00000E43
00000751
000006F2
00000001
00000000
00000E44
00000751
000006F3
00000000
00000001
00000E45
00000752
000006F3
00000000
00000001
00000E46
00000753
000006F3
00000000
00000001
00000E47
00000754
000006F3
00000000
00000001
00000E48
00000755
000006F3
00000000
00000000
00000E49
00000755
000006F4
00000000
00000001
00000E4A
00000756
000006F4
00000000
00000001
00000E4B
00000757
000006F4
00000000
00000000
00000E4C
00000757
000006F5
00000000
00000001
00000E4D
00000758
000006F5
00000000
00000000
00000E4E
00000758
000006F6
00000000
00000000
00000E4F
00000758
000006F7
00000000
00000000
00000E50
00000758
000006F8
00000000
00000001
00000E51
00000759
000006F8
00000000
00000000
00000E52
00000759
000006F9
00000001
00000001
00000E53
0000075A
000006F9
00000001
00000000
00000E54
0000075A
000006FA
00000000
00000000
00000E55
0000075A
000006FB
00000001
00000000
00000E56
0000075A
000006FC
00000000
00000001
00000E57
0000075B
000006FC
00000000
00000000
00000E58
0000075B
000006FD
00000000
00000001
00000E59
0000075C
000006FD
00000000
00000001
00000E5A
0000075D
000006FD
00000000
00000001
00000E5B
0000075E
000006FD
00000000
00000000
00000E5C
0000075E
000006FE
00000000
00000000
00000E5D
0000075E
000006FF
00000000
00000001
00000E5E
0000075F
000006FF
00000000
00000001
00000E5F
00000760
000006FF
00000000
00000001
00000E60
00000761
000006FF
00000000
00000000
00000E61
00000761
00000700
00000000
00000001
00000E62
00000762
00000700
00000000
00000001
00000E63
00000763
00000700
00000000
00000001
00000E64
00000764
00000700
00000000
00000001
00000E65
00000765
00000700
00000000
00000001
00000E66
00000766
00000700
00000000
00000001
00000E67
00000767
00000700
00000000
00000000
00000E68
00000767
00000701
00000000
00000001
00000E69
00000768
00000701
00000000
00000000
00000E6A
00000768
00000702
00000000
00000001
00000E6B
00000769
00000702
00000000
00000001
00000E6C
0000076A
00000702
00000000
00000001
00000E6D
0000076B
00000702
00000000
00000000
00000E6E
0000076B
00000703
00000000
00000001
00000E6F
0000076C
00000703
00000000
00000000
00000E70
0000076C
00000704
00000000
00000001
00000E71
0000076D
00000704
00000000
00000000
00000E72
0000076D
00000705
00000000
00000001
00000E73
0000076E
00000705
00000000
00000000
00000E74
0000076E
00000706
00000000
00000001
00000E75
0000076F
00000706
00000000
00000001
00000E76
00000770
00000706
00000000
00000001
00000E77
00000771
00000706
00000000
00000001
00000E78
00000772
00000706
00000000
00000001
00000E79
00000773
00000706
00000000
00000001
00000E7A
00000774
00000706
00000000
00000001
00000E7B
00000775
00000706
00000000
00000000
00000E7C
00000775
00000707
00000000
00000001
00000E7D
00000776
00000707
00000000
00000000
00000E7E
00000776
00000708
00000000
00000001
00000E7F
00000777
00000708
00000000
00000001
00000E80
00000778
00000708
00000000
00000001
00000E81
00000779
00000708
00000000
00000000
00000E82
00000779
00000709
00000000
00000001
00000E83
0000077A
00000709
00000000
00000001
00000E84
0000077B
00000709
00000000
00000001
00000E85
0000077C
00000709
00000000
00000000
00000E86
0000077C
0000070A
00000000
00000001
00000E87
0000077D
0000070A
00000000
00000000
00000E88
0000077D
0000070B
00000000
00000000
00000E89
0000077D
0000070C
00000000
00000001
00000E8A
0000077E
0000070C
00000000
00000001
00000E8B
0000077F
0000070C
00000000
00000001
00000E8C
00000780
0000070C
00000000
00000001
00000E8D
00000781
0000070C
00000000
00000000
00000E8E
00000781
0000070D
00000000
00000000
00000E8F
00000781
0000070E
00000000
00000000
00000E90
00000781
0000070F
00000000
00000000
00000E91
00000781
00000710
00000000
00000000
00000E92
00000781
00000711
00000001
00000000
00000E93
00000781
00000712
00000000
00000000
00000E94
00000781
00000713
00000001
00000001
00000E95
00000782
00000713
00000001
00000001
00000E96
00000783
00000713
00000001
00000001
00000E97
00000784
00000713
00000001
00000001
00000E98
00000785
00000713
00000001
00000000
00000E99
00000785
00000714
00000001
00000000
00000E9A
00000785
00000715
00000001
00000001
00000E9B
00000786
00000715
00000001
00000001
00000E9C
00000787
00000715
00000001
00000000
00000E9D
00000787
00000716
00000001
00000000
00000E9E
00000787
00000717
00000001
00000001
00000E9F
00000788
00000717
00000001
00000000
00000EA0
00000788
00000718
00000001
00000000
00000EA1
00000788
00000719
00000000
00000001
00000EA2
00000789
00000719
00000000
00000001
00000EA3
0000078A
00000719
00000000
00000001
00000EA4
0000078B
00000719
00000000
00000001
00000EA5
0000078C
00000719
00000000
00000000
00000EA6
0000078C
0000071A
00000000
00000001
00000EA7
0000078D
0000071A
00000000
00000000
00000EA8
0000078D
0000071B
00000000
00000001
00000EA9
0000078E
0000071B
00000000
00000001
00000EAA
0000078F
0000071B
00000000
00000000
00000EAB
0000078F
0000071C
00000000
00000001
00000EAC
00000790
0000071C
00000000
00000001
00000EAD
00000791
0000071C
00000000
00000001
00000EAE
00000792
0000071C
00000000
00000001
00000EAF
00000793
0000071C
00000000
00000001
00000EB0
00000794
0000071C
00000000
00000000
00000EB1
00000794
0000071D
00000000
00000001
00000EB2
00000795
0000071D
00000000
00000000
00000EB3
00000795
0000071E
00000000
00000000
00000EB4
00000795
0000071F
00000000
00000001
00000EB5
00000796
0000071F
00000000
00000001
00000EB6
00000797
0000071F
00000000
00000000
00000EB7
00000797
00000720
00000000
00000001
00000EB8
00000798
00000720
00000000
00000000
00000EB9
00000798
00000721
00000000
00000000
00000EBA
00000798
00000722
00000000
00000001
00000EBB
00000799
00000722
00000000
00000000
00000EBC
00000799
00000723
00000000
00000001
00000EBD
0000079A
00000723
00000000
00000000
00000EBE
0000079A
00000724
00000000
00000000
00000EBF
0000079A
00000725
00000001
00000001
00000EC0
0000079B
00000725
00000001
00000000
00000EC1
0000079B
00000726
00000001
00000000
00000EC2
0000079B
00000727
00000000
00000001
00000EC3
0000079C
00000727
00000000
00000000
00000EC4
0000079C
00000728
00000000
00000001
00000EC5
0000079D
00000728
00000000
00000001
00000EC6
0000079E
00000728
00000000
00000000
00000EC7
0000079E
00000729
00000000
00000000
00000EC8
0000079E
0000072A
00000001
00000000
00000EC9
0000079E
0000072B
00000000
00000000
00000ECA
0000079E
0000072C
00000001
00000001
00000ECB
0000079F
0000072C
00000001
00000000
00000ECC
0000079F
0000072D
00000000
00000001
00000ECD
000007A0
0000072D
00000000
00000001
00000ECE
000007A1
0000072D
00000000
00000001
00000ECF
000007A2
0000072D
00000000
00000001
00000ED0
000007A3
0000072D
00000000
00000000
00000ED1
000007A3
0000072E
00000000
00000000
00000ED2
000007A3
0000072F
00000000
00000000
00000ED3
000007A3
00000730
00000001
00000001
00000ED4
000007A4
00000730
00000001
00000001
00000ED5
000007A5
00000730
00000001
00000000
00000ED6
000007A5
00000731
00000001
00000000
00000ED7
000007A5
00000732
00000000
00000001
00000ED8
000007A6
00000732
00000000
00000000
00000ED9
000007A6
00000733
00000000
00000000
00000EDA
000007A6
00000734
00000001
00000001
00000EDB
000007A7
00000734
00000001
00000001
00000EDC
000007A8
00000734
00000001
00000001
00000EDD
000007A9
00000734
00000001
00000001
00000EDE
000007AA
00000734
00000001
00000001
00000EDF
000007AB
00000734
00000001
00000001
00000EE0
000007AC
00000734
00000001
00000000
00000EE1
000007AC
00000735
00000001
00000001
00000EE2
000007AD
00000735
00000001
00000000
00000EE3
000007AD
00000736
00000001
00000001
00000EE4
000007AE
00000736
00000001
00000001
00000EE5
000007AF
00000736
00000001
00000000
00000EE6
000007AF
00000737
00000001
00000001
00000EE7
000007B0
00000737
00000001
00000001
00000EE8
000007B1
00000737
00000001
00000000
00000EE9
000007B1
00000738
00000001
00000000
00000EEA
000007B1
00000739
00000001
00000000
00000EEB
000007B1
0000073A
00000001
00000001
00000EEC
000007B2
0000073A
00000001
00000000
00000EED
000007B2
0000073B
00000001
00000000
00000EEE
000007B2
0000073C
00000000
00000000
00000EEF
000007B2
0000073D
00000001
00000001
00000EF0
000007B3
0000073D
00000001
00000000
00000EF1
000007B3
0000073E
00000001
00000001
00000EF2
000007B4
0000073E
00000001
00000001
00000EF3
000007B5
0000073E
00000001
00000000
00000EF4
000007B5
0000073F
00000001
00000000
00000EF5
000007B5
00000740
00000000
00000001
00000EF6
000007B6
00000740
00000000
00000001
00000EF7
000007B7
00000740
00000000
00000001
00000EF8
000007B8
00000740
00000000
00000001
00000EF9
000007B9
00000740
00000000
00000000
00000EFA
000007B9
00000741
00000000
00000001
00000EFB
000007BA
00000741
00000000
00000001
00000EFC
000007BB
00000741
00000000
00000001
00000EFD
000007BC
00000741
00000000
00000000
00000EFE
000007BC
00000742
00000000
00000000
00000EFF
000007BC
00000743
00000000
00000000
00000F00
000007BC
00000744
00000000
00000000
00000F01
000007BC
00000745
00000001
00000000
00000F02
000007BC
00000746
00000000
00000001
00000F03
000007BD
00000746
00000000
00000000
00000F04
000007BD
00000747
00000000
00000000
00000F05
000007BD
00000748
00000001
00000000
00000F06
000007BD
00000749
00000000
00000001
00000F07
000007BE
00000749
00000000
00000001
00000F08
000007BF
00000749
00000000
00000001
00000F09
000007C0
00000749
00000000
00000001
00000F0A
000007C1
00000749
00000000
00000001
00000F0B
000007C2
00000749
00000000
00000001
00000F0C
000007C3
00000749
00000000
00000000
00000F0D
000007C3
0000074A
00000000
00000000
00000F0E
000007C3
0000074B
00000000
00000001
00000F0F
000007C4
0000074B
00000000
00000001
00000F10
000007C5
0000074B
00000000
00000001
00000F11
000007C6
0000074B
00000000
00000000
00000F12
000007C6
0000074C
00000000
00000000
00000F13
000007C6
0000074D
00000000
00000000
00000F14
000007C6
0000074E
00000000
00000000
00000F15
000007C6
0000074F
00000001
00000000
00000F16
000007C6
00000750
00000000
00000000
00000F17
000007C6
00000751
00000001
00000001
00000F18
000007C7
00000751
00000001
00000001
00000F19
000007C8
00000751
00000001
00000001
00000F1A
000007C9
00000751
00000001
00000000
00000F1B
000007C9
00000752
00000001
00000000
00000F1C
000007C9
00000753
00000001
00000000
00000F1D
000007C9
00000754
00000000
00000001
00000F1E
000007CA
00000754
00000000
00000000
00000F1F
000007CA
00000755
00000000
00000000
00000F20
000007CA
00000756
00000001
00000000
00000F21
000007CA
00000757
00000000
00000001
00000F22
000007CB
00000757
00000000
00000000
00000F23
000007CB
00000758
00000000
00000000
00000F24
000007CB
00000759
00000001
00000001
00000F25
000007CC
00000759
00000001
00000001
00000F26
000007CD
00000759
00000001
00000000
00000F27
000007CD
0000075A
00000001
00000000
00000F28
000007CD
0000075B
00000001
00000001
00000F29
000007CE
0000075B
00000001
00000001
00000F2A
000007CF
0000075B
00000001
00000000
00000F2B
000007CF
0000075C
00000001
00000001
00000F2C
000007D0
0000075C
00000001
00000000
00000F2D
000007D0
0000075D
00000001
00000001
00000F2E
000007D1
0000075D
00000001
00000000
00000F2F
000007D1
0000075E
00000001
00000000
00000F30
000007D1
0000075F
00000000
00000000
00000F31
000007D1
00000760
00000001
00000000
00000F32
000007D1
00000761
00000000
00000000
00000F33
000007D1
00000762
00000001
00000001
00000F34
000007D2
00000762
00000001
00000001
00000F35
000007D3
00000762
00000001
00000001
00000F36
000007D4
00000762
00000001
00000000
00000F37
000007D4
00000763
00000001
00000001
00000F38
000007D5
00000763
00000001
00000000
00000F39
000007D5
00000764
00000001
00000001
00000F3A
000007D6
00000764
00000001
00000000
00000F3B
000007D6
00000765
00000001
00000000
00000F3C
000007D6
00000766
00000000
00000001
00000F3D
000007D7
00000766
00000000
00000001
00000F3E
000007D8
00000766
00000000
00000000
00000F3F
000007D8
00000767
00000000
00000001
00000F40
000007D9
00000767
00000000
00000001
00000F41
000007DA
00000767
00000000
00000000
00000F42
000007DA
00000768
00000000
00000001
00000F43
000007DB
00000768
00000000
00000000
00000F44
000007DB
00000769
00000000
00000001
00000F45
000007DC
00000769
00000000
00000001
00000F46
000007DD
00000769
00000000
00000000
00000F47
000007DD
0000076A
00000000
00000000
00000F48
000007DD
0000076B
00000000
00000001
00000F49
000007DE
0000076B
00000000
00000001
00000F4A
000007DF
0000076B
00000000
00000001
00000F4B
000007E0
0000076B
00000000
00000000
00000F4C
000007E0
0000076C
00000000
00000000
00000F4D
000007E0
0000076D
00000000
00000001
00000F4E
000007E1
0000076D
00000000
00000000
00000F4F
000007E1
0000076E
00000000
00000000
00000F50
000007E1
0000076F
00000001
00000000
00000F51
000007E1
00000770
00000000
00000000
00000F52
000007E1
00000771
00000001
00000000
00000F53
000007E1
00000772
00000000
00000001
00000F54
000007E2
00000772
00000000
00000001
00000F55
000007E3
00000772
00000000
00000001
00000F56
000007E4
00000772
00000000
00000000
00000F57
000007E4
00000773
00000000
00000000
00000F58
000007E4
00000774
00000000
00000001
00000F59
000007E5
00000774
00000000
00000001
00000F5A
000007E6
00000774
00000000
00000001
00000F5B
000007E7
00000774
00000000
00000000
00000F5C
000007E7
00000775
00000000
00000001
00000F5D
000007E8
00000775
00000000
00000001
00000F5E
000007E9
00000775
00000000
00000000
00000F5F
000007E9
00000776
00000000
00000001
00000F60
000007EA
00000776
00000000
00000000
00000F61
000007EA
00000777
00000000
00000000
00000F62
000007EA
00000778
00000000
00000001
00000F63
000007EB
00000778
00000000
00000001
00000F64
000007EC
00000778
00000000
00000001
00000F65
000007ED
00000778
00000000
00000001
00000F66
000007EE
00000778
00000000
00000000
00000F67
000007EE
00000779
00000000
00000001
00000F68
000007EF
00000779
00000000
00000001
00000F69
000007F0
00000779
00000000
00000000
00000F6A
000007F0
0000077A
00000000
00000000
00000F6B
000007F0
0000077B
00000000
00000001
00000F6C
000007F1
0000077B
00000000
00000001
00000F6D
000007F2
0000077B
00000000
00000001
00000F6E
000007F3
0000077B
00000000
00000001
00000F6F
000007F4
0000077B
00000000
00000000
00000F70
000007F4
0000077C
00000000
00000001
00000F71
000007F5
0000077C
00000000
00000000
00000F72
000007F5
0000077D
00000000
00000000
00000F73
000007F5
0000077E
00000000
00000001
00000F74
000007F6
0000077E
00000000
00000001
00000F75
000007F7
0000077E
00000000
00000000
00000F76
000007F7
0000077F
00000000
00000001
00000F77
000007F8
0000077F
00000000
00000001
00000F78
000007F9
0000077F
00000000
00000001
00000F79
000007FA
0000077F
00000000
00000001
00000F7A
000007FB
0000077F
00000000
00000000
00000F7B
000007FB
00000780
00000000
00000001
00000F7C
000007FC
00000780
00000000
00000000
00000F7D
000007FC
00000781
00000000
00000001
00000F7E
000007FD
00000781
00000000
00000001
00000F7F
000007FE
00000781
00000000
00000001
00000F80
000007FF
00000781
00000000
00000001
00000F81
00000800
00000781
00000000
00000000
00000F82
00000800
00000782
00000000
00000000
00000F83
00000800
00000783
00000000
00000000
00000F84
00000800
00000784
00000000
00000001
00000F85
00000801
00000784
00000000
00000001
00000F86
00000802
00000784
00000000
00000000
00000F87
00000802
00000785
00000000
00000001
00000F88
00000803
00000785
00000000
00000001
00000F89
00000804
00000785
00000000
00000001
00000F8A
00000805
00000785
00000000
00000001
00000F8B
00000806
00000785
00000000
00000001
00000F8C
00000807
00000785
00000000
00000000
00000F8D
00000807
00000786
00000000
00000000
00000F8E
00000807
00000787
00000000
00000001
00000F8F
00000808
00000787
00000000
00000001
00000F90
00000809
00000787
00000000
00000001
00000F91
0000080A
00000787
00000000
00000001
00000F92
0000080B
00000787
00000000
00000001
00000F93
0000080C
00000787
00000000
00000000
00000F94
0000080C
00000788
00000000
00000001
00000F95
0000080D
00000788
00000000
00000001
00000F96
0000080E
00000788
00000000
00000001
00000F97
0000080F
00000788
00000000
00000000
00000F98
0000080F
00000789
00000000
00000001
00000F99
00000810
00000789
00000000
00000000
00000F9A
00000810
0000078A
00000000
00000001
00000F9B
00000811
0000078A
00000000
00000000
00000F9C
00000811
0000078B
00000000
00000001
00000F9D
00000812
0000078B
00000000
00000001
00000F9E
00000813
0000078B
00000000
00000001
00000F9F
00000814
0000078B
00000000
00000000
00000FA0
00000814
0000078C
00000000
00000001
00000FA1
00000815
0000078C
00000000
00000000
00000FA2
00000815
0000078D
00000000
00000001
00000FA3
00000816
0000078D
00000000
00000000
00000FA4
00000816
0000078E
00000000
00000001
00000FA5
00000817
0000078E
00000000
00000001
00000FA6
00000818
0000078E
00000000
00000000
00000FA7
00000818
0000078F
00000000
00000001
00000FA8
00000819
0000078F
00000000
00000001
00000FA9
0000081A
0000078F
00000000
00000000
00000FAA
0000081A
00000790
00000000
00000000
00000FAB
0000081A
00000791
00000000
00000001
00000FAC
0000081B
00000791
00000000
00000001
00000FAD
0000081C
00000791
00000000
00000001
00000FAE
0000081D
00000791
00000000
00000001
00000FAF
0000081E
00000791
00000000
00000000
00000FB0
0000081E
00000792
00000000
00000000
00000FB1
0000081E
00000793
00000000
00000000
00000FB2
0000081E
00000794
00000000
00000000
00000FB3
0000081E
00000795
00000000
00000000
00000FB4
0000081E
00000796
00000001
00000000
00000FB5
0000081E
00000797
00000000
00000001
00000FB6
0000081F
00000797
00000000
00000001
00000FB7
00000820
00000797
00000000
00000000
00000FB8
00000820
00000798
00000000
00000000
00000FB9
00000820
00000799
00000001
00000001
00000FBA
00000821
00000799
00000001
00000000
00000FBB
00000821
0000079A
00000001
00000001
00000FBC
00000822
0000079A
00000001
00000000
00000FBD
00000822
0000079B
00000000
00000001
00000FBE
00000823
0000079B
00000000
00000000
00000FBF
00000823
0000079C
00000001
00000001
00000FC0
00000824
0000079C
00000001
00000001
00000FC1
00000825
0000079C
00000001
00000001
00000FC2
00000826
0000079C
00000001
00000000
00000FC3
00000826
0000079D
00000001
00000000
00000FC4
00000826
0000079E
00000001
00000001
00000FC5
00000827
0000079E
00000001
00000001
00000FC6
00000828
0000079E
00000001
00000000
00000FC7
00000828
0000079F
00000001
00000001
00000FC8
00000829
0000079F
00000001
00000000
00000FC9
00000829
000007A0
00000001
00000000
00000FCA
00000829
000007A1
00000000
00000000
00000FCB
00000829
000007A2
00000001
00000001
00000FCC
0000082A
000007A2
00000001
00000000
00000FCD
0000082A
000007A3
00000001
00000000
00000FCE
0000082A
000007A4
00000000
00000001
00000FCF
0000082B
000007A4
00000000
00000000
00000FD0
0000082B
000007A5
00000000
00000000
00000FD1
0000082B
000007A6
00000001
00000000
00000FD2
0000082B
000007A7
00000000
00000001
00000FD3
0000082C
000007A7
00000000
00000001
00000FD4
0000082D
000007A7
00000000
00000001
00000FD5
0000082E
000007A7
00000000
00000001
00000FD6
0000082F
000007A7
00000000
00000000
00000FD7
0000082F
000007A8
00000000
00000001
00000FD8
00000830
000007A8
00000000
00000001
00000FD9
00000831
000007A8
00000000
00000000
00000FDA
00000831
000007A9
00000000
00000001
00000FDB
00000832
000007A9
00000000
00000000
00000FDC
00000832
000007AA
00000000
00000001
00000FDD
00000833
000007AA
00000000
00000000
00000FDE
00000833
000007AB
00000000
00000000
00000FDF
00000833
000007AC
00000000
00000001
00000FE0
00000834
000007AC
00000000
00000000
00000FE1
00000834
000007AD
00000000
00000001
00000FE2
00000835
000007AD
00000000
00000000
00000FE3
00000835
000007AE
00000000
00000001
00000FE4
00000836
000007AE
00000000
00000001
00000FE5
00000837
000007AE
00000000
00000000
00000FE6
00000837
000007AF
00000000
00000001
00000FE7
00000838
000007AF
00000000
00000001
00000FE8
00000839
000007AF
00000000
00000001
00000FE9
0000083A
000007AF
00000000
00000001
00000FEA
0000083B
000007AF
00000000
00000001
00000FEB
0000083C
000007AF
00000000
00000001
00000FEC
0000083D
000007AF
00000000
00000000
00000FED
0000083D
000007B0
00000000
00000000
00000FEE
0000083D
000007B1
00000000
00000001
00000FEF
0000083E
000007B1
00000000
00000001
00000FF0
0000083F
000007B1
00000000
00000000
00000FF1
0000083F
000007B2
00000000
00000000
00000FF2
0000083F
000007B3
00000000
00000000
00000FF3
0000083F
000007B4
00000000
00000001
00000FF4
00000840
000007B4
00000000
00000000
00000FF5
00000840
000007B5
00000000
00000001
00000FF6
00000841
000007B5
00000000
00000000
00000FF7
00000841
000007B6
00000000
00000000
00000FF8
00000841
000007B7
00000001
00000000
00000FF9
00000841
000007B8
00000000
00000000
00000FFA
00000841
000007B9
00000001
00000001
00000FFB
00000842
000007B9
00000001
00000001
00000FFC
00000843
000007B9
00000001
00000001
00000FFD
00000844
000007B9
00000001
00000000
00000FFE
00000844
000007BA
00000001
00000001
00000FFF
00000845
000007BA
00000001
00000000
00001000
00000845
000007BB
00000001
00000001
00001001
00000846
000007BB
00000001
00000000
00001002
00000846
000007BC
00000001
00000000
00001003
00000846
000007BD
00000001
00000001
00001004
00000847
000007BD
00000001
00000001
00001005
00000848
000007BD
00000001
00000001
00001006
00000849
000007BD
00000001
00000001
00001007
0000084A
000007BD
00000001
00000000
00001008
0000084A
000007BE
00000001
00000001
00001009
0000084B
000007BE
00000001
00000000
0000100A
0000084B
000007BF
00000001
00000000
0000100B
0000084B
000007C0
00000001
00000000
0000100C
0000084B
000007C1
00000000
00000000
0000100D
0000084B
000007C2
00000001
00000001
0000100E
0000084C
000007C2
00000001
00000000
0000100F
0000084C
000007C3
00000001
00000000
00001010
0000084C
000007C4
00000000
00000000
00001011
0000084C
000007C5
00000001
00000001
00001012
0000084D
000007C5
00000001
00000000
00001013
0000084D
000007C6
00000001
00000000
00001014
0000084D
000007C7
00000000
00000000
00001015
0000084D
000007C8
00000001
00000000
00001016
0000084D
000007C9
00000000
00000001
00001017
0000084E
000007C9
00000000
00000000
00001018
0000084E
000007CA
00000000
00000000
00001019
0000084E
000007CB
00000001
00000001
0000101A
0000084F
000007CB
00000001
00000000
0000101B
0000084F
000007CC
00000001
00000000
0000101C
0000084F
000007CD
00000000
00000001
0000101D
00000850
000007CD
00000000
00000000
0000101E
00000850
000007CE
00000000
00000000
0000101F
00000850
000007CF
00000001
00000000
00001020
00000850
000007D0
00000000
00000001
00001021
00000851
000007D0
00000000
00000000
00001022
00000851
000007D1
00000000
00000000
00001023
00000851
000007D2
00000001
00000001
00001024
00000852
000007D2
00000001
00000001
00001025
00000853
000007D2
00000001
00000000
00001026
00000853
000007D3
00000001
00000001
00001027
00000854
000007D3
00000001
00000000
00001028
00000854
000007D4
00000001
00000000
00001029
00000854
000007D5
00000000
00000001
0000102A
00000855
000007D5
00000000
00000001
0000102B
00000856
000007D5
00000000
00000000
0000102C
00000856
000007D6
00000000
00000001
0000102D
00000857
000007D6
00000000
00000001
0000102E
00000858
000007D6
00000000
00000000
0000102F
00000858
000007D7
00000000
00000000
00001030
00000858
000007D8
00000000
00000000
00001031
00000858
000007D9
00000001
00000000
00001032
00000858
000007DA
00000000
00000000
00001033
00000858
000007DB
00000001
00000000
00001034
00000858
000007DC
00000000
00000000
00001035
00000858
000007DD
00000001
00000001
00001036
00000859
000007DD
00000001
00000001
00001037
0000085A
000007DD
00000001
00000001
00001038
0000085B
000007DD
00000001
00000001
00001039
0000085C
000007DD
00000001
00000000
0000103A
0000085C
000007DE
00000001
00000001
0000103B
0000085D
000007DE
00000001
00000001
0000103C
0000085E
000007DE
00000001
00000000
0000103D
0000085E
000007DF
00000001
00000000
0000103E
0000085E
000007E0
00000001
00000001
0000103F
0000085F
000007E0
00000001
00000001
00001040
00000860
000007E0
00000001
00000001
00001041
00000861
000007E0
00000001
00000000
00001042
00000861
000007E1
00000001
00000000
00001043
00000861
000007E2
00000001
00000000
00001044
00000861
000007E3
00000001
00000000
00001045
00000861
000007E4
00000000
00000001
00001046
00000862
000007E4
00000000
00000001
00001047
00000863
000007E4
00000000
00000000
00001048
00000863
000007E5
00000000
00000001
00001049
00000864
000007E5
00000000
00000000
0000104A
00000864
000007E6
00000000
00000000
0000104B
00000864
000007E7
00000001
00000000
0000104C
00000864
000007E8
00000000
00000001
0000104D
00000865
000007E8
00000000
00000000
0000104E
00000865
000007E9
00000000
00000001
0000104F
00000866
000007E9
00000000
00000001
00001050
00000867
000007E9
00000000
00000001
00001051
00000868
000007E9
00000000
00000001
00001052
00000869
000007E9
00000000
00000000
00001053
00000869
000007EA
00000000
00000000
00001054
00000869
000007EB
00000000
00000001
00001055
0000086A
000007EB
00000000
00000000
00001056
0000086A
000007EC
00000000
00000000
00001057
0000086A
000007ED
00000000
00000000
00001058
0000086A
000007EE
00000001
00000000
00001059
0000086A
000007EF
00000000
00000001
0000105A
0000086B
000007EF
00000000
00000001
0000105B
0000086C
000007EF
00000000
00000000
0000105C
0000086C
000007F0
00000000
00000001
0000105D
0000086D
000007F0
00000000
00000000
0000105E
0000086D
000007F1
00000000
00000001
0000105F
0000086E
000007F1
00000000
00000001
00001060
0000086F
000007F1
00000000
00000000
00001061
0000086F
000007F2
00000000
00000001
00001062
00000870
000007F2
00000000
00000000
00001063
00000870
000007F3
00000000
00000000
00001064
00000870
000007F4
00000001
00000001
00001065
00000871
000007F4
00000001
00000001
00001066
00000872
000007F4
00000001
00000001
00001067
00000873
000007F4
00000001
00000001
00001068
00000874
000007F4
00000001
00000001
00001069
00000875
000007F4
00000001
00000001
0000106A
00000876
000007F4
00000001
00000001
0000106B
00000877
000007F4
00000001
00000000
0000106C
00000877
000007F5
00000001
00000001
0000106D
00000878
000007F5
00000001
00000001
0000106E
00000879
000007F5
00000001
00000000
0000106F
00000879
000007F6
00000001
00000001
00001070
0000087A
000007F6
00000001
00000001
00001071
0000087B
000007F6
00000001
00000001
00001072
0000087C
000007F6
00000001
00000001
00001073
0000087D
000007F6
00000001
00000001
00001074
0000087E
000007F6
00000001
00000001
00001075
0000087F
000007F6
00000001
00000001
00001076
00000880
000007F6
00000001
00000000
00001077
00000880
000007F7
00000001
00000000
00001078
00000880
000007F8
00000001
00000000
00001079
00000880
000007F9
00000001
00000000
0000107A
00000880
000007FA
00000001
00000001
0000107B
00000881
000007FA
00000001
00000001
0000107C
00000882
000007FA
00000001
00000000
0000107D
00000882
000007FB
00000001
00000000
0000107E
00000882
000007FC
00000001
00000000
0000107F
00000882
000007FD
00000001
00000001
00001080
00000883
000007FD
00000001
00000001
00001081
00000884
000007FD
00000001
00000001
00001082
00000885
000007FD
00000001
00000000
00001083
00000885
000007FE
00000001
00000001
00001084
00000886
000007FE
00000001
00000000
00001085
00000886
000007FF
00000001
00000000
00001086
00000886
00000800
00000001
00000001
00001087
00000887
00000800
00000001
00000000
00001088
00000887
00000801
00000000
00000000
00001089
00000887
00000802
00000001
00000000
0000108A
00000887
00000803
00000000
00000001
0000108B
00000888
00000803
00000000
00000001
0000108C
00000889
00000803
00000000
00000001
0000108D
0000088A
00000803
00000000
00000001
0000108E
0000088B
00000803
00000000
00000001
0000108F
0000088C
00000803
00000000
00000000
00001090
0000088C
00000804
00000000
00000001
00001091
0000088D
00000804
00000000
00000000
00001092
0000088D
00000805
00000000
00000001
00001093
0000088E
00000805
00000000
00000001
00001094
0000088F
00000805
00000000
00000001
00001095
00000890
00000805
00000000
00000000
00001096
00000890
00000806
00000000
00000001
00001097
00000891
00000806
00000000
00000000
00001098
00000891
00000807
00000000
00000001
00001099
00000892
00000807
00000000
00000001
0000109A
00000893
00000807
00000000
00000001
0000109B
00000894
00000807
00000000
00000001
0000109C
00000895
00000807
00000000
00000001
0000109D
00000896
00000807
00000000
00000000
0000109E
00000896
00000808
00000000
00000000
0000109F
00000896
00000809
00000000
00000001
000010A0
00000897
00000809
00000000
00000001
000010A1
00000898
00000809
00000000
00000001
000010A2
00000899
00000809
00000000
00000001
000010A3
0000089A
00000809
00000000
00000001
000010A4
0000089B
00000809
00000000
00000001
000010A5
0000089C
00000809
00000000
00000000
000010A6
0000089C
0000080A
00000000
00000000
000010A7
0000089C
0000080B
00000000
00000000
000010A8
0000089C
0000080C
00000000
00000001
000010A9
0000089D
0000080C
00000000
00000000
000010AA
0000089D
0000080D
00000000
00000001
000010AB
0000089E
0000080D
00000000
00000001
000010AC
0000089F
0000080D
00000000
00000001
000010AD
000008A0
0000080D
00000000
00000000
000010AE
000008A0
0000080E
00000000
00000000
000010AF
000008A0
0000080F
00000000
00000000
000010B0
000008A0
00000810
00000000
00000000
000010B1
000008A0
00000811
00000001
00000001
000010B2
000008A1
00000811
00000001
00000000
000010B3
000008A1
00000812
00000001
00000001
000010B4
000008A2
00000812
00000001
00000001
000010B5
000008A3
00000812
00000001
00000001
000010B6
000008A4
00000812
00000001
00000000
000010B7
000008A4
00000813
00000001
00000001
000010B8
000008A5
00000813
00000001
00000001
000010B9
000008A6
00000813
00000001
00000001
000010BA
000008A7
00000813
00000001
00000000
000010BB
000008A7
00000814
00000001
00000000
000010BC
000008A7
00000815
00000001
00000001
000010BD
000008A8
00000815
00000001
00000000
000010BE
000008A8
00000816
00000001
00000000
000010BF
000008A8
00000817
00000000
00000000
000010C0
000008A8
00000818
00000001
00000000
000010C1
000008A8
00000819
00000000
00000001
000010C2
000008A9
00000819
00000000
00000001
000010C3
000008AA
00000819
00000000
00000001
000010C4
000008AB
00000819
00000000
00000000
000010C5
000008AB
0000081A
00000000
00000000
000010C6
000008AB
0000081B
00000000
00000001
000010C7
000008AC
0000081B
00000000
00000000
000010C8
000008AC
0000081C
00000000
00000001
000010C9
000008AD
0000081C
00000000
00000001
000010CA
000008AE
0000081C
00000000
00000001
000010CB
000008AF
0000081C
00000000
00000000
000010CC
000008AF
0000081D
00000000
00000001
000010CD
000008B0
0000081D
00000000
00000000
000010CE
000008B0
0000081E
00000000
00000000
000010CF
000008B0
0000081F
00000000
00000001
000010D0
000008B1
0000081F
00000000
00000000
000010D1
000008B1
00000820
00000000
00000000
000010D2
000008B1
00000821
00000001
00000000
000010D3
000008B1
00000822
00000000
00000000
000010D4
000008B1
00000823
00000001
00000001
000010D5
000008B2
00000823
00000001
00000000
000010D6
000008B2
00000824
00000001
00000000
000010D7
000008B2
00000825
00000000
00000000
000010D8
000008B2
00000826
00000001
00000001
000010D9
000008B3
00000826
00000001
00000001
000010DA
000008B4
00000826
00000001
00000000
000010DB
000008B4
00000827
00000001
00000000
000010DC
000008B4
00000828
00000000
00000000
000010DD
000008B4
00000829
00000001
00000001
000010DE
000008B5
00000829
00000001
00000001
000010DF
000008B6
00000829
00000001
00000001
000010E0
000008B7
00000829
00000001
00000000
000010E1
000008B7
0000082A
00000001
00000001
000010E2
000008B8
0000082A
00000001
00000001
000010E3
000008B9
0000082A
00000001
00000001
000010E4
000008BA
0000082A
00000001
00000000
000010E5
000008BA
0000082B
00000001
00000000
000010E6
000008BA
0000082C
00000001
00000001
000010E7
000008BB
0000082C
00000001
00000000
000010E8
000008BB
0000082D
00000001
00000000
000010E9
000008BB
0000082E
00000001
00000000
000010EA
000008BB
0000082F
00000000
00000001
000010EB
000008BC
0000082F
00000000
00000001
000010EC
000008BD
0000082F
00000000
00000001
000010ED
000008BE
0000082F
00000000
00000000
000010EE
000008BE
00000830
00000000
00000000
000010EF
000008BE
00000831
00000000
00000000
000010F0
000008BE
00000832
00000001
00000000
000010F1
000008BE
00000833
00000000
00000001
000010F2
000008BF
00000833
00000000
00000001
000010F3
000008C0
00000833
00000000
00000001
000010F4
000008C1
00000833
00000000
00000000
000010F5
000008C1
00000834
00000000
00000000
000010F6
000008C1
00000835
00000000
00000000
000010F7
000008C1
00000836
00000001
00000000
000010F8
000008C1
00000837
00000000
00000000
000010F9
000008C1
00000838
00000001
00000001
000010FA
000008C2
00000838
00000001
00000001
000010FB
000008C3
00000838
00000001
00000000
000010FC
000008C3
00000839
00000001
00000001
000010FD
000008C4
00000839
00000001
00000000
000010FE
000008C4
0000083A
00000001
00000000
000010FF
000008C4
0000083B
00000000
00000000
00001100
000008C4
0000083C
00000001
00000001
00001101
000008C5
0000083C
00000001
00000000
00001102
000008C5
0000083D
00000001
00000001
00001103
000008C6
0000083D
00000001
00000001
00001104
000008C7
0000083D
00000001
00000001
00001105
000008C8
0000083D
00000001
00000001
00001106
000008C9
0000083D
00000001
00000001
00001107
000008CA
0000083D
00000001
00000000
00001108
000008CA
0000083E
00000001
00000000
00001109
000008CA
0000083F
00000001
00000001
0000110A
000008CB
0000083F
00000001
00000001
0000110B
000008CC
0000083F
00000001
00000001
0000110C
000008CD
0000083F
00000001
00000001
0000110D
000008CE
0000083F
00000001
00000001
0000110E
000008CF
0000083F
00000001
00000000
0000110F
000008CF
00000840
00000001
00000000
00001110
000008CF
00000841
00000001
00000000
00001111
000008CF
00000842
00000001
00000001
00001112
000008D0
00000842
00000001
00000001
00001113
000008D1
00000842
00000001
00000001
00001114
000008D2
00000842
00000001
00000001
00001115
000008D3
00000842
00000001
00000001
00001116
000008D4
00000842
00000001
00000001
00001117
000008D5
00000842
00000001
00000001
00001118
000008D6
00000842
00000001
00000000
00001119
000008D6
00000843
00000001
00000000
0000111A
000008D6
00000844
00000001
00000001
0000111B
000008D7
00000844
00000001
00000001
0000111C
000008D8
00000844
00000001
00000001
0000111D
000008D9
00000844
00000001
00000001
0000111E
000008DA
00000844
00000001
00000000
0000111F
000008DA
00000845
00000001
00000000
00001120
000008DA
00000846
00000001
00000001
00001121
000008DB
00000846
00000001
00000001
00001122
000008DC
00000846
00000001
00000000
00001123
000008DC
00000847
00000001
00000000
00001124
000008DC
00000848
00000001
00000001
00001125
000008DD
00000848
00000001
00000000
00001126
000008DD
00000849
00000001
00000001
00001127
000008DE
00000849
00000001
00000001
00001128
000008DF
00000849
00000001
00000000
00001129
000008DF
0000084A
00000001
00000000
0000112A
000008DF
0000084B
00000001
00000001
0000112B
000008E0
0000084B
00000001
00000000
0000112C
000008E0
0000084C
00000001
00000000
0000112D
000008E0
0000084D
00000000
00000001
0000112E
000008E1
0000084D
00000000
00000001
0000112F
000008E2
0000084D
00000000
00000000
00001130
000008E2
0000084E
00000000
00000000
00001131
000008E2
0000084F
00000000
00000000
00001132
000008E2
00000850
00000001
00000001
00001133
000008E3
00000850
00000001
00000001
00001134
000008E4
00000850
00000001
00000000
00001135
000008E4
00000851
00000001
00000001
00001136
000008E5
00000851
00000001
00000000
00001137
000008E5
00000852
00000001
00000001
00001138
000008E6
00000852
00000001
00000000
00001139
000008E6
00000853
00000001
00000001
0000113A
000008E7
00000853
00000001
00000000
0000113B
000008E7
00000854
00000001
00000000
0000113C
000008E7
00000855
00000000
00000001
0000113D
000008E8
00000855
00000000
00000000
0000113E
000008E8
00000856
00000000
00000001
0000113F
000008E9
00000856
00000000
00000000
00001140
000008E9
00000857
00000000
00000000
00001141
000008E9
00000858
00000001
00000000
00001142
000008E9
00000859
00000000
00000001
00001143
000008EA
00000859
00000000
00000001
00001144
000008EB
00000859
00000000
00000000
00001145
000008EB
0000085A
00000000
00000001
00001146
000008EC
0000085A
00000000
00000001
00001147
000008ED
0000085A
00000000
00000000
00001148
000008ED
0000085B
00000000
00000001
00001149
000008EE
0000085B
00000000
00000000
0000114A
000008EE
0000085C
00000000
00000000
0000114B
000008EE
0000085D
00000000
00000001
0000114C
000008EF
0000085D
00000000
00000000
0000114D
000008EF
0000085E
00000001
00000001
0000114E
000008F0
0000085E
00000001
00000001
0000114F
000008F1
0000085E
00000001
00000000
00001150
000008F1
0000085F
00000001
00000000
00001151
000008F1
00000860
00000000
00000001
00001152
000008F2
00000860
00000000
00000000
00001153
000008F2
00000861
00000000
00000000
00001154
000008F2
00000862
00000001
00000000
00001155
000008F2
00000863
00000000
00000000
00001156
000008F2
00000864
00000001
00000000
00001157
000008F2
00000865
00000000
00000001
00001158
000008F3
00000865
00000000
00000001
00001159
000008F4
00000865
00000000
00000000
0000115A
000008F4
00000866
00000000
00000000
0000115B
000008F4
00000867
00000001
00000001
0000115C
000008F5
00000867
00000001
00000000
0000115D
000008F5
00000868
00000000
00000000
0000115E
000008F5
00000869
00000001
00000000
0000115F
000008F5
0000086A
00000000
00000000
00001160
000008F5
0000086B
00000001
00000000
00001161
000008F5
0000086C
00000000
00000000
00001162
000008F5
0000086D
00000001
00000000
00001163
000008F5
0000086E
00000000
00000000
00001164
000008F5
0000086F
00000001
00000001
00001165
000008F6
0000086F
00000001
00000000
00001166
000008F6
00000870
00000001
00000000
00001167
000008F6
00000871
00000000
00000000
00001168
000008F6
00000872
00000001
00000001
00001169
000008F7
00000872
00000001
00000000
0000116A
000008F7
00000873
00000001
00000000
0000116B
000008F7
00000874
00000000
00000000
0000116C
000008F7
00000875
00000001
00000001
0000116D
000008F8
00000875
00000001
00000001
0000116E
000008F9
00000875
00000001
00000001
0000116F
000008FA
00000875
00000001
00000001
00001170
000008FB
00000875
00000001
00000000
00001171
000008FB
00000876
00000001
00000000
00001172
000008FB
00000877
00000001
00000001
00001173
000008FC
00000877
00000001
00000001
00001174
000008FD
00000877
00000001
00000001
00001175
000008FE
00000877
00000001
00000001
00001176
000008FF
00000877
00000001
00000000
00001177
000008FF
00000878
00000001
00000001
00001178
00000900
00000878
00000001
00000000
00001179
00000900
00000879
00000001
00000000
0000117A
00000900
0000087A
00000001
00000000
0000117B
00000900
0000087B
00000001
00000000
0000117C
00000900
0000087C
00000000
00000001
0000117D
00000901
0000087C
00000000
00000000
0000117E
00000901
0000087D
00000000
00000001
0000117F
00000902
0000087D
00000000
00000000
00001180
00000902
0000087E
00000000
00000001
00001181
00000903
0000087E
00000000
00000001
00001182
00000904
0000087E
00000000
00000000
00001183
00000904
0000087F
00000000
00000000
00001184
00000904
00000880
00000001
00000001
00001185
00000905
00000880
00000001
00000000
00001186
00000905
00000881
00000000
00000000
00001187
00000905
00000882
00000001
00000000
00001188
00000905
00000883
00000000
00000000
00001189
00000905
00000884
00000001
00000000
0000118A
00000905
00000885
00000000
00000000
0000118B
00000905
00000886
00000001
00000001
0000118C
00000906
00000886
00000001
00000000
0000118D
00000906
00000887
00000001
00000000
0000118E
00000906
00000888
00000000
00000001
0000118F
00000907
00000888
00000000
00000001
00001190
00000908
00000888
00000000
00000000
00001191
00000908
00000889
00000000
00000000
00001192
00000908
0000088A
00000000
00000001
00001193
00000909
0000088A
00000000
00000000
00001194
00000909
0000088B
00000001
00000001
00001195
0000090A
0000088B
00000001
00000001
00001196
0000090B
0000088B
00000001
00000001
00001197
0000090C
0000088B
00000001
00000001
00001198
0000090D
0000088B
00000001
00000000
00001199
0000090D
0000088C
00000001
00000001
0000119A
0000090E
0000088C
00000001
00000001
0000119B
0000090F
0000088C
00000001
00000000
0000119C
0000090F
0000088D
00000001
00000001
0000119D
00000910
0000088D
00000001
00000000
0000119E
00000910
0000088E
00000001
00000001
0000119F
00000911
0000088E
00000001
00000001
000011A0
00000912
0000088E
00000001
00000001
000011A1
00000913
0000088E
00000001
00000000
000011A2
00000913
0000088F
00000001
00000000
000011A3
00000913
00000890
00000001
00000001
000011A4
00000914
00000890
00000001
00000001
000011A5
00000915
00000890
00000001
00000001
000011A6
00000916
00000890
00000001
00000000
000011A7
00000916
00000891
00000001
00000001
000011A8
00000917
00000891
00000001
00000000
000011A9
00000917
00000892
00000001
00000000
000011AA
00000917
00000893
00000001
00000000
000011AB
00000917
00000894
00000000
00000000
000011AC
00000917
00000895
00000001
00000000
000011AD
00000917
00000896
00000000
00000000
000011AE
00000917
00000897
00000001
00000001
000011AF
00000918
00000897
00000001
00000000
000011B0
00000918
00000898
00000001
00000000
000011B1
00000918
00000899
00000000
00000001
000011B2
00000919
00000899
00000000
00000000
000011B3
00000919
0000089A
00000000
00000000
000011B4
00000919
0000089B
00000001
00000001
000011B5
0000091A
0000089B
00000001
00000000
000011B6
0000091A
0000089C
00000001
00000000
000011B7
0000091A
0000089D
00000000
00000000
000011B8
0000091A
0000089E
00000001
00000000
000011B9
0000091A
0000089F
00000000
00000001
000011BA
0000091B
0000089F
00000000
00000000
000011BB
0000091B
000008A0
00000000
00000001
000011BC
0000091C
000008A0
00000000
00000001
000011BD
0000091D
000008A0
00000000
00000000
000011BE
0000091D
000008A1
00000000
00000000
000011BF
0000091D
000008A2
00000001
00000000
000011C0
0000091D
000008A3
00000000
00000000
000011C1
0000091D
000008A4
00000001
00000001
000011C2
0000091E
000008A4
00000001
00000001
000011C3
0000091F
000008A4
00000001
00000000
000011C4
0000091F
000008A5
00000001
00000000
000011C5
0000091F
000008A6
00000000
00000001
000011C6
00000920
000008A6
00000000
00000001
000011C7
00000921
000008A6
00000000
00000000
000011C8
00000921
000008A7
00000000
00000001
000011C9
00000922
000008A7
00000000
00000001
000011CA
00000923
000008A7
00000000
00000001
000011CB
00000924
000008A7
00000000
00000001
000011CC
00000925
000008A7
00000000
00000001
000011CD
00000926
000008A7
00000000
00000001
000011CE
00000927
000008A7
00000000
00000000
000011CF
00000927
000008A8
00000000
00000000
000011D0
00000927
000008A9
00000000
00000000
000011D1
00000927
000008AA
00000000
00000000
000011D2
00000927
000008AB
00000000
00000000
000011D3
00000927
000008AC
00000001
00000001
000011D4
00000928
000008AC
00000001
00000001
000011D5
00000929
000008AC
00000001
00000001
000011D6
0000092A
000008AC
00000001
00000001
000011D7
0000092B
000008AC
00000001
00000000
000011D8
0000092B
000008AD
00000001
00000000
000011D9
0000092B
000008AE
00000001
00000000
000011DA
0000092B
000008AF
00000001
00000000
000011DB
0000092B
000008B0
00000000
00000001
000011DC
0000092C
000008B0
00000000
00000001
000011DD
0000092D
000008B0
00000000
00000001
000011DE
0000092E
000008B0
00000000
00000001
000011DF
0000092F
000008B0
00000000
00000000
000011E0
0000092F
000008B1
00000000
00000000
000011E1
0000092F
000008B2
00000000
00000000
000011E2
0000092F
000008B3
00000000
00000000
000011E3
0000092F
000008B4
00000001
00000001
000011E4
00000930
000008B4
00000001
00000000
000011E5
00000930
000008B5
00000001
00000001
000011E6
00000931
000008B5
00000001
00000001
000011E7
00000932
000008B5
00000001
00000001
000011E8
00000933
000008B5
00000001
00000001
000011E9
00000934
000008B5
00000001
00000001
000011EA
00000935
000008B5
00000001
00000001
000011EB
00000936
000008B5
00000001
00000001
000011EC
00000937
000008B5
00000001
00000001
000011ED
00000938
000008B5
00000001
00000001
000011EE
00000939
000008B5
00000001
00000001
000011EF
0000093A
000008B5
00000001
00000001
000011F0
0000093B
000008B5
00000001
00000001
000011F1
0000093C
000008B5
00000001
00000001
000011F2
0000093D
000008B5
00000001
00000001
000011F3
0000093E
000008B5
00000001
00000000
000011F4
0000093E
000008B6
00000001
00000000
000011F5
0000093E
000008B7
00000001
00000000
000011F6
0000093E
000008B8
00000001
00000000
000011F7
0000093E
000008B9
00000001
00000000
000011F8
0000093E
000008BA
00000001
00000000
000011F9
0000093E
000008BB
00000001
00000000
000011FA
0000093E
000008BC
00000001
00000001
000011FB
0000093F
000008BC
00000001
00000000
000011FC
0000093F
000008BD
00000000
00000001
000011FD
00000940
000008BD
00000000
00000000
000011FE
00000940
000008BE
00000001
00000000
000011FF
00000940
000008BF
00000000
00000001
00001200
00000941
000008BF
00000000
00000001
00001201
00000942
000008BF
00000000
00000000
00001202
00000942
000008C0
00000000
00000000
00001203
00000942
000008C1
00000000
00000000
00001204
00000942
000008C2
00000001
00000001
00001205
00000943
000008C2
00000001
00000000
00001206
00000943
000008C3
00000001
00000001
00001207
00000944
000008C3
00000001
00000000
00001208
00000944
000008C4
00000001
00000000
00001209
00000944
000008C5
00000000
00000001
0000120A
00000945
000008C5
00000000
00000000
0000120B
00000945
000008C6
00000000
00000000
0000120C
00000945
000008C7
00000001
00000001
0000120D
00000946
000008C7
00000001
00000000
0000120E
00000946
000008C8
00000001
00000000
0000120F
00000946
000008C9
00000000
00000000
00001210
00000946
000008CA
00000001
00000001
00001211
00000947
000008CA
00000001
00000001
00001212
00000948
000008CA
00000001
00000000
00001213
00000948
000008CB
00000001
00000000
00001214
00000948
000008CC
00000000
00000001
00001215
00000949
000008CC
00000000
00000001
00001216
0000094A
000008CC
00000000
00000000
00001217
0000094A
000008CD
00000000
00000000
00001218
0000094A
000008CE
00000001
00000000
00001219
0000094A
000008CF
00000000
00000001
0000121A
0000094B
000008CF
00000000
00000000
0000121B
0000094B
000008D0
00000000
00000000
0000121C
0000094B
000008D1
00000001
00000001
0000121D
0000094C
000008D1
00000001
00000000
0000121E
0000094C
000008D2
00000001
00000000
0000121F
0000094C
000008D3
00000000
00000001
00001220
0000094D
000008D3
00000000
00000001
00001221
0000094E
000008D3
00000000
00000000
00001222
0000094E
000008D4
00000000
00000000
00001223
0000094E
000008D5
00000000
00000001
00001224
0000094F
000008D5
00000000
00000001
00001225
00000950
000008D5
00000000
00000001
00001226
00000951
000008D5
00000000
00000001
00001227
00000952
000008D5
00000000
00000000
00001228
00000952
000008D6
00000000
00000001
00001229
00000953
000008D6
00000000
00000001
0000122A
00000954
000008D6
00000000
00000001
0000122B
00000955
000008D6
00000000
00000001
0000122C
00000956
000008D6
00000000
00000000
0000122D
00000956
000008D7
00000000
00000000
0000122E
00000956
000008D8
00000000
00000001
0000122F
00000957
000008D8
00000000
00000000
00001230
00000957
000008D9
00000000
00000001
00001231
00000958
000008D9
00000000
00000000
00001232
00000958
000008DA
00000000
00000001
00001233
00000959
000008DA
00000000
00000000
00001234
00000959
000008DB
00000000
00000000
00001235
00000959
000008DC
00000000
00000001
00001236
0000095A
000008DC
00000000
00000000
00001237
0000095A
000008DD
00000000
00000001
00001238
0000095B
000008DD
00000000
00000000
00001239
0000095B
000008DE
00000001
00000000
0000123A
0000095B
000008DF
00000000
00000000
0000123B
0000095B
000008E0
00000001
00000001
0000123C
0000095C
000008E0
00000001
00000000
0000123D
0000095C
000008E1
00000000
00000000
0000123E
0000095C
000008E2
00000001
00000000
0000123F
0000095C
000008E3
00000000
00000000
00001240
0000095C
000008E4
00000001
00000001
00001241
0000095D
000008E4
00000001
00000001
00001242
0000095E
000008E4
00000001
00000001
00001243
0000095F
000008E4
00000001
00000001
00001244
00000960
000008E4
00000001
00000000
00001245
00000960
000008E5
00000001
00000000
00001246
00000960
000008E6
00000001
00000001
00001247
00000961
000008E6
00000001
00000001
00001248
00000962
000008E6
00000001
00000001
00001249
00000963
000008E6
00000001
00000000
0000124A
00000963
000008E7
00000001
00000000
0000124B
00000963
000008E8
00000001
00000001
0000124C
00000964
000008E8
00000001
00000001
0000124D
00000965
000008E8
00000001
00000001
0000124E
00000966
000008E8
00000001
00000001
0000124F
00000967
000008E8
00000001
00000000
00001250
00000967
000008E9
00000001
00000000
00001251
00000967
000008EA
00000001
00000001
00001252
00000968
000008EA
00000001
00000000
00001253
00000968
000008EB
00000001
00000001
00001254
00000969
000008EB
00000001
00000000
00001255
00000969
000008EC
00000001
00000000
00001256
00000969
000008ED
00000000
00000001
00001257
0000096A
000008ED
00000000
00000001
00001258
0000096B
000008ED
00000000
00000000
00001259
0000096B
000008EE
00000000
00000000
0000125A
0000096B
000008EF
00000001
00000000
0000125B
0000096B
000008F0
00000000
00000001
0000125C
0000096C
000008F0
00000000
00000000
0000125D
0000096C
000008F1
00000000
00000001
0000125E
0000096D
000008F1
00000000
00000000
0000125F
0000096D
000008F2
00000000
00000001
00001260
0000096E
000008F2
00000000
00000000
00001261
0000096E
000008F3
00000000
00000000
00001262
0000096E
000008F4
00000001
00000001
00001263
0000096F
000008F4
00000001
00000001
00001264
00000970
000008F4
00000001
00000001
00001265
00000971
000008F4
00000001
00000000
00001266
00000971
000008F5
00000001
00000001
00001267
00000972
000008F5
00000001
00000000
00001268
00000972
000008F6
00000001
00000000
00001269
00000972
000008F7
00000001
00000000
0000126A
00000972
000008F8
00000000
00000001
0000126B
00000973
000008F8
00000000
00000000
0000126C
00000973
000008F9
00000000
00000001
0000126D
00000974
000008F9
00000000
00000000
0000126E
00000974
000008FA
00000000
00000000
0000126F
00000974
000008FB
00000001
00000000
00001270
00000974
000008FC
00000000
00000000
00001271
00000974
000008FD
00000001
00000000
00001272
00000974
000008FE
00000000
00000001
00001273
00000975
000008FE
00000000
00000001
00001274
00000976
000008FE
00000000
00000000
00001275
00000976
000008FF
00000000
00000000
00001276
00000976
00000900
00000001
00000000
00001277
00000976
00000901
00000000
00000001
00001278
00000977
00000901
00000000
00000001
00001279
00000978
00000901
00000000
00000001
0000127A
00000979
00000901
00000000
00000000
0000127B
00000979
00000902
00000000
00000001
0000127C
0000097A
00000902
00000000
00000000
0000127D
0000097A
00000903
00000000
00000000
0000127E
0000097A
00000904
00000000
00000000
0000127F
0000097A
00000905
00000001
00000000
00001280
0000097A
00000906
00000000
00000001
00001281
0000097B
00000906
00000000
00000000
00001282
0000097B
00000907
00000000
00000001
00001283
0000097C
00000907
00000000
00000000
00001284
0000097C
00000908
00000000
00000000
00001285
0000097C
00000909
00000001
00000000
00001286
0000097C
0000090A
00000000
00000001
00001287
0000097D
0000090A
00000000
00000000
00001288
0000097D
0000090B
00000000
00000000
00001289
0000097D
0000090C
00000001
00000001
0000128A
0000097E
0000090C
00000001
00000001
0000128B
0000097F
0000090C
00000001
00000001
0000128C
00000980
0000090C
00000001
00000000
0000128D
00000980
0000090D
00000001
00000001
0000128E
00000981
0000090D
00000001
00000001
0000128F
00000982
0000090D
00000001
00000000
00001290
00000982
0000090E
00000001
00000000
00001291
00000982
0000090F
00000001
00000001
00001292
00000983
0000090F
00000001
00000000
00001293
00000983
00000910
00000001
00000000
00001294
00000983
00000911
00000000
00000000
00001295
00000983
00000912
00000001
00000001
00001296
00000984
00000912
00000001
00000000
00001297
00000984
00000913
00000001
00000000
00001298
00000984
00000914
00000000
00000001
00001299
00000985
00000914
00000000
00000000
0000129A
00000985
00000915
00000000
00000001
0000129B
00000986
00000915
00000000
00000001
0000129C
00000987
00000915
00000000
00000000
0000129D
00000987
00000916
00000000
00000001
0000129E
00000988
00000916
00000000
00000001
0000129F
00000989
00000916
00000000
00000001
000012A0
0000098A
00000916
00000000
00000001
000012A1
0000098B
00000916
00000000
00000000
000012A2
0000098B
00000917
00000000
00000001
000012A3
0000098C
00000917
00000000
00000001
000012A4
0000098D
00000917
00000000
00000001
000012A5
0000098E
00000917
00000000
00000001
000012A6
0000098F
00000917
00000000
00000001
000012A7
00000990
00000917
00000000
00000000
000012A8
00000990
00000918
00000000
00000001
000012A9
00000991
00000918
00000000
00000000
000012AA
00000991
00000919
00000000
00000001
000012AB
00000992
00000919
00000000
00000000
000012AC
00000992
0000091A
00000000
00000001
000012AD
00000993
0000091A
00000000
00000000
000012AE
00000993
0000091B
00000000
00000000
000012AF
00000993
0000091C
00000000
00000001
000012B0
00000994
0000091C
00000000
00000001
000012B1
00000995
0000091C
00000000
00000001
000012B2
00000996
0000091C
00000000
00000001
000012B3
00000997
0000091C
00000000
00000000
000012B4
00000997
0000091D
00000000
00000000
000012B5
00000997
0000091E
00000000
00000000
000012B6
00000997
0000091F
00000000
00000000
000012B7
00000997
00000920
00000001
00000000
000012B8
00000997
00000921
00000000
00000000
000012B9
00000997
00000922
00000001
00000000
000012BA
00000997
00000923
00000000
00000001
000012BB
00000998
00000923
00000000
00000001
000012BC
00000999
00000923
00000000
00000001
000012BD
0000099A
00000923
00000000
00000001
000012BE
0000099B
00000923
00000000
00000001
000012BF
0000099C
00000923
00000000
00000000
000012C0
0000099C
00000924
00000000
00000001
000012C1
0000099D
00000924
00000000
00000000
000012C2
0000099D
00000925
00000000
00000001
000012C3
0000099E
00000925
00000000
00000000
000012C4
0000099E
00000926
00000000
00000000
000012C5
0000099E
00000927
00000000
00000001
000012C6
0000099F
00000927
00000000
00000001
000012C7
000009A0
00000927
00000000
00000001
000012C8
000009A1
00000927
00000000
00000001
000012C9
000009A2
00000927
00000000
00000001
000012CA
000009A3
00000927
00000000
00000000
000012CB
000009A3
00000928
00000000
00000001
000012CC
000009A4
00000928
00000000
00000000
000012CD
000009A4
00000929
00000000
00000001
000012CE
000009A5
00000929
00000000
00000001
000012CF
000009A6
00000929
00000000
00000000
000012D0
000009A6
0000092A
00000000
00000000
000012D1
000009A6
0000092B
00000000
00000000
000012D2
000009A6
0000092C
00000000
00000001
000012D3
000009A7
0000092C
00000000
00000001
000012D4
000009A8
0000092C
00000000
00000000
000012D5
000009A8
0000092D
00000000
00000001
000012D6
000009A9
0000092D
00000000
00000000
000012D7
000009A9
0000092E
00000000
00000001
000012D8
000009AA
0000092E
00000000
00000001
000012D9
000009AB
0000092E
00000000
00000000
000012DA
000009AB
0000092F
00000000
00000000
000012DB
000009AB
00000930
00000000
00000000
000012DC
000009AB
00000931
00000001
00000001
000012DD
000009AC
00000931
00000001
00000001
000012DE
000009AD
00000931
00000001
00000001
000012DF
000009AE
00000931
00000001
00000001
000012E0
000009AF
00000931
00000001
00000000
000012E1
000009AF
00000932
00000001
00000000
000012E2
000009AF
00000933
00000001
00000001
000012E3
000009B0
00000933
00000001
00000001
000012E4
000009B1
00000933
00000001
00000000
000012E5
000009B1
00000934
00000001
00000000
000012E6
000009B1
00000935
00000001
00000001
000012E7
000009B2
00000935
00000001
00000001
000012E8
000009B3
00000935
00000001
00000000
000012E9
000009B3
00000936
00000001
00000001
000012EA
000009B4
00000936
00000001
00000000
000012EB
000009B4
00000937
00000001
00000000
000012EC
000009B4
00000938
00000000
00000000
000012ED
000009B4
00000939
00000001
00000001
000012EE
000009B5
00000939
00000001
00000000
000012EF
000009B5
0000093A
00000001
00000000
000012F0
000009B5
0000093B
00000000
00000000
000012F1
000009B5
0000093C
00000001
00000000
000012F2
000009B5
0000093D
00000000
00000000
000012F3
000009B5
0000093E
00000001
00000000
000012F4
000009B5
0000093F
00000000
00000001
000012F5
000009B6
0000093F
00000000
00000001
000012F6
000009B7
0000093F
00000000
00000001
000012F7
000009B8
0000093F
00000000
00000000
000012F8
000009B8
00000940
00000000
00000001
000012F9
000009B9
00000940
00000000
00000001
000012FA
000009BA
00000940
00000000
00000001
000012FB
000009BB
00000940
00000000
00000000
000012FC
000009BB
00000941
00000000
00000001
000012FD
000009BC
00000941
00000000
00000001
000012FE
000009BD
00000941
00000000
00000001
000012FF
000009BE
00000941
00000000
00000001
00001300
000009BF
00000941
00000000
00000001
00001301
000009C0
00000941
00000000
00000000
00001302
000009C0
00000942
00000000
00000001
00001303
000009C1
00000942
00000000
00000001
00001304
000009C2
00000942
00000000
00000000
00001305
000009C2
00000943
00000000
00000001
00001306
000009C3
00000943
00000000
00000000
00001307
000009C3
00000944
00000000
00000000
00001308
000009C3
00000945
00000000
00000001
00001309
000009C4
00000945
00000000
00000001
0000130A
000009C5
00000945
00000000
00000000
0000130B
000009C5
00000946
00000000
00000001
0000130C
000009C6
00000946
00000000
00000000
0000130D
000009C6
00000947
00000000
00000000
0000130E
000009C6
00000948
00000000
00000001
0000130F
000009C7
00000948
00000000
00000001
00001310
000009C8
00000948
00000000
00000001
00001311
000009C9
00000948
00000000
00000001
00001312
000009CA
00000948
00000000
00000000
00001313
000009CA
00000949
00000000
00000000
00001314
000009CA
0000094A
00000000
00000000
00001315
000009CA
0000094B
00000000
00000000
00001316
000009CA
0000094C
00000001
00000000
00001317
000009CA
0000094D
00000000
00000001
00001318
000009CB
0000094D
00000000
00000001
00001319
000009CC
0000094D
00000000
00000001
0000131A
000009CD
0000094D
00000000
00000001
0000131B
000009CE
0000094D
00000000
00000001
0000131C
000009CF
0000094D
00000000
00000000
0000131D
000009CF
0000094E
00000000
00000000
0000131E
000009CF
0000094F
00000000
00000001
0000131F
000009D0
0000094F
00000000
00000000
00001320
000009D0
00000950
00000000
00000001
00001321
000009D1
00000950
00000000
00000000
00001322
000009D1
00000951
00000000
00000001
00001323
000009D2
00000951
00000000
00000001
00001324
000009D3
00000951
00000000
00000000
00001325
000009D3
00000952
00000000
00000000
00001326
000009D3
00000953
00000000
00000000
00001327
000009D3
00000954
00000001
00000001
00001328
000009D4
00000954
00000001
00000000
00001329
000009D4
00000955
00000001
00000001
0000132A
000009D5
00000955
00000001
00000001
0000132B
000009D6
00000955
00000001
00000000
0000132C
000009D6
00000956
00000001
00000001
0000132D
000009D7
00000956
00000001
00000001
0000132E
000009D8
00000956
00000001
00000000
0000132F
000009D8
00000957
00000001
00000001
00001330
000009D9
00000957
00000001
00000000
00001331
000009D9
00000958
00000001
00000001
00001332
000009DA
00000958
00000001
00000000
00001333
000009DA
00000959
00000001
00000000
00001334
000009DA
0000095A
00000000
00000000
00001335
000009DA
0000095B
00000001
00000001
00001336
000009DB
0000095B
00000001
00000000
00001337
000009DB
0000095C
00000001
00000001
00001338
000009DC
0000095C
00000001
00000000
00001339
000009DC
0000095D
00000001
00000000
0000133A
000009DC
0000095E
00000000
00000000
0000133B
000009DC
0000095F
00000001
00000000
0000133C
000009DC
00000960
00000000
00000000
0000133D
000009DC
00000961
00000001
00000001
0000133E
000009DD
00000961
00000001
00000000
0000133F
000009DD
00000962
00000001
00000001
00001340
000009DE
00000962
00000001
00000000
00001341
000009DE
00000963
00000001
00000001
00001342
000009DF
00000963
00000001
00000000
00001343
000009DF
00000964
00000000
00000001
00001344
000009E0
00000964
00000000
00000000
00001345
000009E0
00000965
00000000
00000000
00001346
000009E0
00000966
00000001
00000001
00001347
000009E1
00000966
00000001
00000000
00001348
000009E1
00000967
00000001
00000000
00001349
000009E1
00000968
00000000
00000000
0000134A
000009E1
00000969
00000001
00000000
0000134B
000009E1
0000096A
00000000
00000001
0000134C
000009E2
0000096A
00000000
00000000
0000134D
000009E2
0000096B
00000000
00000000
0000134E
000009E2
0000096C
00000001
00000000
0000134F
000009E2
0000096D
00000000
00000000
00001350
000009E2
0000096E
00000001
00000001
00001351
000009E3
0000096E
00000001
00000001
00001352
000009E4
0000096E
00000001
00000001
00001353
000009E5
0000096E
00000001
00000001
00001354
000009E6
0000096E
00000001
00000001
00001355
000009E7
0000096E
00000001
00000000
00001356
000009E7
0000096F
00000001
00000001
00001357
000009E8
0000096F
00000001
00000000
00001358
000009E8
00000970
00000001
00000001
00001359
000009E9
00000970
00000001
00000000
0000135A
000009E9
00000971
00000001
00000001
0000135B
000009EA
00000971
00000001
00000001
0000135C
000009EB
00000971
00000001
00000001
0000135D
000009EC
00000971
00000001
00000001
0000135E
000009ED
00000971
00000001
00000000
0000135F
000009ED
00000972
00000001
00000001
00001360
000009EE
00000972
00000001
00000001
00001361
000009EF
00000972
00000001
00000000
00001362
000009EF
00000973
00000001
00000000
00001363
000009EF
00000974
00000001
00000001
00001364
000009F0
00000974
00000001
00000001
00001365
000009F1
00000974
00000001
00000000
00001366
000009F1
00000975
00000001
00000001
00001367
000009F2
00000975
00000001
00000000
00001368
000009F2
00000976
00000001
00000000
00001369
000009F2
00000977
00000001
00000001
0000136A
000009F3
00000977
00000001
00000000
0000136B
000009F3
00000978
00000001
00000001
0000136C
000009F4
00000978
00000001
00000000
0000136D
000009F4
00000979
00000001
00000000
0000136E
000009F4
0000097A
00000000
00000000
0000136F
000009F4
0000097B
00000001
00000001
00001370
000009F5
0000097B
00000001
00000001
00001371
000009F6
0000097B
00000001
00000001
00001372
000009F7
0000097B
00000001
00000001
00001373
000009F8
0000097B
00000001
00000001
00001374
000009F9
0000097B
00000001
00000001
00001375
000009FA
0000097B
00000001
00000001
00001376
000009FB
0000097B
00000001
00000001
00001377
000009FC
0000097B
00000001
00000001
00001378
000009FD
0000097B
00000001
00000000
00001379
000009FD
0000097C
00000001
00000000
0000137A
000009FD
0000097D
00000001
00000001
0000137B
000009FE
0000097D
00000001
00000000
0000137C
000009FE
0000097E
00000001
00000000
0000137D
000009FE
0000097F
00000001
00000001
0000137E
000009FF
0000097F
00000001
00000000
0000137F
000009FF
00000980
00000001
00000000
00001380
000009FF
00000981
00000001
00000000
00001381
000009FF
00000982
00000000
00000001
00001382
00000A00
00000982
00000000
00000001
00001383
00000A01
00000982
00000000
00000001
00001384
00000A02
00000982
00000000
00000000
00001385
00000A02
00000983
00000000
00000000
00001386
00000A02
00000984
00000000
00000001
00001387
00000A03
00000984
00000000
00000000
00001388
00000A03
00000985
00000000
00000001
00001389
00000A04
00000985
00000000
00000001
0000138A
00000A05
00000985
00000000
00000000
0000138B
00000A05
00000986
00000000
00000000
0000138C
00000A05
00000987
00000001
00000000
0000138D
00000A05
00000988
00000000
00000001
0000138E
00000A06
00000988
00000000
00000000
0000138F
00000A06
00000989
00000000
00000000
00001390
00000A06
0000098A
00000001
00000000
00001391
00000A06
0000098B
00000000
00000000
00001392
00000A06
0000098C
00000001
00000001
00001393
00000A07
0000098C
00000001
00000000
00001394
00000A07
0000098D
00000001
00000001
00001395
00000A08
0000098D
00000001
00000000
00001396
00000A08
0000098E
00000001
00000000
00001397
00000A08
0000098F
00000000
00000000
00001398
00000A08
00000990
00000001
00000001
00001399
00000A09
00000990
00000001
00000001
0000139A
00000A0A
00000990
00000001
00000000
0000139B
00000A0A
00000991
00000001
00000001
0000139C
00000A0B
00000991
00000001
00000000
0000139D
00000A0B
00000992
00000001
00000001
0000139E
00000A0C
00000992
00000001
00000001
0000139F
00000A0D
00000992
00000001
00000001
000013A0
00000A0E
00000992
00000001
00000001
000013A1
00000A0F
00000992
00000001
00000000
000013A2
00000A0F
00000993
00000001
00000001
000013A3
00000A10
00000993
00000001
00000001
000013A4
00000A11
00000993
00000001
00000001
000013A5
00000A12
00000993
00000001
00000001
000013A6
00000A13
00000993
00000001
00000000
000013A7
00000A13
00000994
00000001
00000000
000013A8
00000A13
00000995
00000001
00000001
000013A9
00000A14
00000995
00000001
00000000
000013AA
00000A14
00000996
00000001
00000001
000013AB
00000A15
00000996
00000001
00000001
000013AC
00000A16
00000996
00000001
00000000
000013AD
00000A16
00000997
00000001
00000000
000013AE
00000A16
00000998
00000001
00000000
000013AF
00000A16
00000999
00000001
00000001
000013B0
00000A17
00000999
00000001
00000000
000013B1
00000A17
0000099A
00000000
00000000
000013B2
00000A17
0000099B
00000001
00000000
000013B3
00000A17
0000099C
00000000
00000000
000013B4
00000A17
0000099D
00000001
00000000
000013B5
00000A17
0000099E
00000000
00000000
000013B6
00000A17
0000099F
00000001
00000000
000013B7
00000A17
000009A0
00000000
00000001
000013B8
00000A18
000009A0
00000000
00000000
000013B9
00000A18
000009A1
00000000
00000000
000013BA
00000A18
000009A2
00000001
00000000
000013BB
00000A18
000009A3
00000000
00000001
000013BC
00000A19
000009A3
00000000
00000000
000013BD
00000A19
000009A4
00000000
00000000
000013BE
00000A19
000009A5
00000001
00000001
000013BF
00000A1A
000009A5
00000001
00000001
000013C0
00000A1B
000009A5
00000001
00000001
000013C1
00000A1C
000009A5
00000001
00000001
000013C2
00000A1D
000009A5
00000001
00000001
000013C3
00000A1E
000009A5
00000001
00000000
000013C4
00000A1E
000009A6
00000001
00000000
000013C5
00000A1E
000009A7
00000001
00000001
000013C6
00000A1F
000009A7
00000001
00000000
000013C7
00000A1F
000009A8
00000001
00000001
000013C8
00000A20
000009A8
00000001
00000001
000013C9
00000A21
000009A8
00000001
00000000
000013CA
00000A21
000009A9
00000001
00000001
000013CB
00000A22
000009A9
00000001
00000000
000013CC
00000A22
000009AA
00000001
00000000
000013CD
00000A22
000009AB
00000001
00000000
000013CE
00000A22
000009AC
00000000
00000000
000013CF
00000A22
000009AD
00000001
00000000
000013D0
00000A22
000009AE
00000000
00000000
000013D1
00000A22
000009AF
00000001
00000000
000013D2
00000A22
000009B0
00000000
00000000
000013D3
00000A22
000009B1
00000001
00000000
000013D4
00000A22
000009B2
00000000
00000000
000013D5
00000A22
000009B3
00000001
00000000
000013D6
00000A22
000009B4
00000000
00000000
000013D7
00000A22
000009B5
00000001
00000001
000013D8
00000A23
000009B5
00000001
00000001
000013D9
00000A24
000009B5
00000001
00000000
000013DA
00000A24
000009B6
00000001
00000000
000013DB
00000A24
000009B7
00000000
00000001
000013DC
00000A25
000009B7
00000000
00000001
000013DD
00000A26
000009B7
00000000
00000000
000013DE
00000A26
000009B8
00000000
00000001
000013DF
00000A27
000009B8
00000000
00000000
000013E0
00000A27
000009B9
00000000
00000001
000013E1
00000A28
000009B9
00000000
00000000
000013E2
00000A28
000009BA
00000000
00000001
000013E3
00000A29
000009BA
00000000
00000001
000013E4
00000A2A
000009BA
00000000
00000000
000013E5
00000A2A
000009BB
00000000
00000001
000013E6
00000A2B
000009BB
00000000
00000000
000013E7
00000A2B
000009BC
00000000
00000001
000013E8
00000A2C
000009BC
00000000
00000001
000013E9
00000A2D
000009BC
00000000
00000000
000013EA
00000A2D
000009BD
00000000
00000001
000013EB
00000A2E
000009BD
00000000
00000000
000013EC
00000A2E
000009BE
00000000
00000001
000013ED
00000A2F
000009BE
00000000
00000000
000013EE
00000A2F
000009BF
00000000
00000000
000013EF
00000A2F
000009C0
00000001
00000001
000013F0
00000A30
000009C0
00000001
00000001
000013F1
00000A31
000009C0
00000001
00000001
000013F2
00000A32
000009C0
00000001
00000000
000013F3
00000A32
000009C1
00000001
00000001
000013F4
00000A33
000009C1
00000001
00000000
000013F5
00000A33
000009C2
00000001
00000000
000013F6
00000A33
000009C3
00000001
00000001
000013F7
00000A34
000009C3
00000001
00000000
000013F8
00000A34
000009C4
00000001
00000001
000013F9
00000A35
000009C4
00000001
00000000
000013FA
00000A35
000009C5
00000000
00000001
000013FB
00000A36
000009C5
00000000
00000000
000013FC
00000A36
000009C6
00000000
00000000
000013FD
00000A36
000009C7
00000001
00000001
000013FE
00000A37
000009C7
00000001
00000001
000013FF
00000A38
000009C7
00000001
00000000
00001400
00000A38
000009C8
00000001
00000001
00001401
00000A39
000009C8
00000001
00000000
00001402
00000A39
000009C9
00000001
00000000
00001403
00000A39
000009CA
00000000
00000000
00001404
00000A39
000009CB
00000001
00000001
00001405
00000A3A
000009CB
00000001
00000000
00001406
00000A3A
000009CC
00000001
00000000
00001407
00000A3A
000009CD
00000000
00000001
00001408
00000A3B
000009CD
00000000
00000001
00001409
00000A3C
000009CD
00000000
00000000
0000140A
00000A3C
000009CE
00000000
00000001
0000140B
00000A3D
000009CE
00000000
00000000
0000140C
00000A3D
000009CF
00000000
00000001
0000140D
00000A3E
000009CF
00000000
00000000
0000140E
00000A3E
000009D0
00000000
00000001
0000140F
00000A3F
000009D0
00000000
00000001
00001410
00000A40
000009D0
00000000
00000000
00001411
00000A40
000009D1
00000000
00000001
00001412
00000A41
000009D1
00000000
00000001
00001413
00000A42
000009D1
00000000
00000000
00001414
00000A42
000009D2
00000000
00000001
00001415
00000A43
000009D2
00000000
00000000
00001416
00000A43
000009D3
00000000
00000000
00001417
00000A43
000009D4
00000000
00000001
00001418
00000A44
000009D4
00000000
00000000
00001419
00000A44
000009D5
00000000
00000000
0000141A
00000A44
000009D6
00000001
00000000
0000141B
00000A44
000009D7
00000000
00000001
0000141C
00000A45
000009D7
00000000
00000001
0000141D
00000A46
000009D7
00000000
00000000
0000141E
00000A46
000009D8
00000000
00000001
0000141F
00000A47
000009D8
00000000
00000001
00001420
00000A48
000009D8
00000000
00000001
00001421
00000A49
000009D8
00000000
00000000
00001422
00000A49
000009D9
00000000
00000001
00001423
00000A4A
000009D9
00000000
00000000
00001424
00000A4A
000009DA
00000000
00000000
00001425
00000A4A
000009DB
00000000
00000000
00001426
00000A4A
000009DC
00000001
00000000
00001427
00000A4A
000009DD
00000000
00000000
00001428
00000A4A
000009DE
00000001
00000001
00001429
00000A4B
000009DE
00000001
00000001
0000142A
00000A4C
000009DE
00000001
00000000
0000142B
00000A4C
000009DF
00000001
00000001
0000142C
00000A4D
000009DF
00000001
00000000
0000142D
00000A4D
000009E0
00000001
00000001
0000142E
00000A4E
000009E0
00000001
00000000
0000142F
00000A4E
000009E1
00000001
00000001
00001430
00000A4F
000009E1
00000001
00000000
00001431
00000A4F
000009E2
00000001
00000000
00001432
00000A4F
000009E3
00000000
00000000
00001433
00000A4F
000009E4
00000001
00000001
00001434
00000A50
000009E4
00000001
00000000
00001435
00000A50
000009E5
00000001
00000001
00001436
00000A51
000009E5
00000001
00000000
00001437
00000A51
000009E6
00000001
00000001
00001438
00000A52
000009E6
00000001
00000000
00001439
00000A52
000009E7
00000000
00000001
0000143A
00000A53
000009E7
00000000
00000001
0000143B
00000A54
000009E7
00000000
00000000
0000143C
00000A54
000009E8
00000000
00000000
0000143D
00000A54
000009E9
00000001
00000000
0000143E
00000A54
000009EA
00000000
00000000
0000143F
00000A54
000009EB
00000001
00000000
00001440
00000A54
000009EC
00000000
00000001
00001441
00000A55
000009EC
00000000
00000000
00001442
00000A55
000009ED
00000000
00000000
00001443
00000A55
000009EE
00000001
00000001
00001444
00000A56
000009EE
00000001
00000000
00001445
00000A56
000009EF
00000001
00000000
00001446
00000A56
000009F0
00000000
00000000
00001447
00000A56
000009F1
00000001
00000001
00001448
00000A57
000009F1
00000001
00000001
00001449
00000A58
000009F1
00000001
00000001
0000144A
00000A59
000009F1
00000001
00000000
0000144B
00000A59
000009F2
00000001
00000000
0000144C
00000A59
000009F3
00000001
00000000
0000144D
00000A59
000009F4
00000000
00000000
0000144E
00000A59
000009F5
00000001
00000001
0000144F
00000A5A
000009F5
00000001
00000000
00001450
00000A5A
000009F6
00000001
00000001
00001451
00000A5B
000009F6
00000001
00000000
00001452
00000A5B
000009F7
00000001
00000000
00001453
00000A5B
000009F8
00000000
00000000
00001454
00000A5B
000009F9
00000001
00000000
00001455
00000A5B
000009FA
00000000
00000001
00001456
00000A5C
000009FA
00000000
00000001
00001457
00000A5D
000009FA
00000000
00000001
00001458
00000A5E
000009FA
00000000
00000001
00001459
00000A5F
000009FA
00000000
00000001
0000145A
00000A60
000009FA
00000000
00000000
0000145B
00000A60
000009FB
00000000
00000001
0000145C
00000A61
000009FB
00000000
00000000
0000145D
00000A61
000009FC
00000000
00000001
0000145E
00000A62
000009FC
00000000
00000000
0000145F
00000A62
000009FD
00000000
00000000
00001460
00000A62
000009FE
00000000
00000001
00001461
00000A63
000009FE
00000000
00000001
00001462
00000A64
000009FE
00000000
00000000
00001463
00000A64
000009FF
00000000
00000000
00001464
00000A64
00000A00
00000000
00000001
00001465
00000A65
00000A00
00000000
00000001
00001466
00000A66
00000A00
00000000
00000000
00001467
00000A66
00000A01
00000000
00000000
00001468
00000A66
00000A02
00000001
00000000
00001469
00000A66
00000A03
00000000
00000001
0000146A
00000A67
00000A03
00000000
00000001
0000146B
00000A68
00000A03
00000000
00000000
0000146C
00000A68
00000A04
00000000
00000000
0000146D
00000A68
00000A05
00000000
00000001
0000146E
00000A69
00000A05
00000000
00000001
0000146F
00000A6A
00000A05
00000000
00000001
00001470
00000A6B
00000A05
00000000
00000001
00001471
00000A6C
00000A05
00000000
00000000
00001472
00000A6C
00000A06
00000000
00000001
00001473
00000A6D
00000A06
00000000
00000001
00001474
00000A6E
00000A06
00000000
00000001
00001475
00000A6F
00000A06
00000000
00000000
00001476
00000A6F
00000A07
00000000
00000000
00001477
00000A6F
00000A08
00000000
00000001
00001478
00000A70
00000A08
00000000
00000000
00001479
00000A70
00000A09
00000000
00000001
0000147A
00000A71
00000A09
00000000
00000001
0000147B
00000A72
00000A09
00000000
00000001
0000147C
00000A73
00000A09
00000000
00000000
0000147D
00000A73
00000A0A
00000000
00000001
0000147E
00000A74
00000A0A
00000000
00000000
0000147F
00000A74
00000A0B
00000000
00000000
00001480
00000A74
00000A0C
00000000
00000001
00001481
00000A75
00000A0C
00000000
00000000
00001482
00000A75
00000A0D
00000000
00000000
00001483
00000A75
00000A0E
00000001
00000000
00001484
00000A75
00000A0F
00000000
00000000
00001485
00000A75
00000A10
00000001
00000001
00001486
00000A76
00000A10
00000001
00000001
00001487
00000A77
00000A10
00000001
00000001
00001488
00000A78
00000A10
00000001
00000001
00001489
00000A79
00000A10
00000001
00000000
0000148A
00000A79
00000A11
00000001
00000000
0000148B
00000A79
00000A12
00000001
00000000
0000148C
00000A79
00000A13
00000001
00000001
0000148D
00000A7A
00000A13
00000001
00000001
0000148E
00000A7B
00000A13
00000001
00000001
0000148F
00000A7C
00000A13
00000001
00000000
00001490
00000A7C
00000A14
00000001
00000001
00001491
00000A7D
00000A14
00000001
00000001
00001492
00000A7E
00000A14
00000001
00000001
00001493
00000A7F
00000A14
00000001
00000000
00001494
00000A7F
00000A15
00000001
00000001
00001495
00000A80
00000A15
00000001
00000001
00001496
00000A81
00000A15
00000001
00000000
00001497
00000A81
00000A16
00000001
00000001
00001498
00000A82
00000A16
00000001
00000000
00001499
00000A82
00000A17
00000001
00000000
0000149A
00000A82
00000A18
00000001
00000000
0000149B
00000A82
00000A19
00000000
00000001
0000149C
00000A83
00000A19
00000000
00000000
0000149D
00000A83
00000A1A
00000000
00000000
0000149E
00000A83
00000A1B
00000001
00000000
0000149F
00000A83
00000A1C
00000000
00000001
000014A0
00000A84
00000A1C
00000000
00000000
000014A1
00000A84
00000A1D
00000000
00000000
000014A2
00000A84
00000A1E
00000001
00000001
000014A3
00000A85
00000A1E
00000001
00000001
000014A4
00000A86
00000A1E
00000001
00000001
000014A5
00000A87
00000A1E
00000001
00000000
000014A6
00000A87
00000A1F
00000001
00000001
000014A7
00000A88
00000A1F
00000001
00000001
000014A8
00000A89
00000A1F
00000001
00000001
000014A9
00000A8A
00000A1F
00000001
00000001
000014AA
00000A8B
00000A1F
00000001
00000001
000014AB
00000A8C
00000A1F
00000001
00000001
000014AC
00000A8D
00000A1F
00000001
00000000
000014AD
00000A8D
00000A20
00000001
00000000
000014AE
00000A8D
00000A21
00000001
00000001
000014AF
00000A8E
00000A21
00000001
00000000
000014B0
00000A8E
00000A22
00000001
00000001
000014B1
00000A8F
00000A22
00000001
00000001
000014B2
00000A90
00000A22
00000001
00000001
000014B3
00000A91
00000A22
00000001
00000001
000014B4
00000A92
00000A22
00000001
00000001
000014B5
00000A93
00000A22
00000001
00000000
000014B6
00000A93
00000A23
00000001
00000001
000014B7
00000A94
00000A23
00000001
00000001
000014B8
00000A95
00000A23
00000001
00000000
000014B9
00000A95
00000A24
00000001
00000000
000014BA
00000A95
00000A25
00000001
00000001
000014BB
00000A96
00000A25
00000001
00000000
000014BC
00000A96
00000A26
00000001
00000000
000014BD
00000A96
00000A27
00000001
00000001
000014BE
00000A97
00000A27
00000001
00000001
000014BF
00000A98
00000A27
00000001
00000001
000014C0
00000A99
00000A27
00000001
00000000
000014C1
00000A99
00000A28
00000001
00000001
000014C2
00000A9A
00000A28
00000001
00000001
000014C3
00000A9B
00000A28
00000001
00000001
000014C4
00000A9C
00000A28
00000001
00000001
000014C5
00000A9D
00000A28
00000001
00000000
000014C6
00000A9D
00000A29
00000001
00000000
000014C7
00000A9D
00000A2A
00000001
00000001
000014C8
00000A9E
00000A2A
00000001
00000001
000014C9
00000A9F
00000A2A
00000001
00000000
000014CA
00000A9F
00000A2B
00000001
00000000
000014CB
00000A9F
00000A2C
00000001
00000001
000014CC
00000AA0
00000A2C
00000001
00000000
000014CD
00000AA0
00000A2D
00000001
00000001
000014CE
00000AA1
00000A2D
00000001
00000000
000014CF
00000AA1
00000A2E
00000001
00000001
000014D0
00000AA2
00000A2E
00000001
00000000
000014D1
00000AA2
00000A2F
00000001
00000000
000014D2
00000AA2
00000A30
00000000
00000001
000014D3
00000AA3
00000A30
00000000
00000001
000014D4
00000AA4
00000A30
00000000
00000001
000014D5
00000AA5
00000A30
00000000
00000001
000014D6
00000AA6
00000A30
00000000
00000000
000014D7
00000AA6
00000A31
00000000
00000000
000014D8
00000AA6
00000A32
00000000
00000001
000014D9
00000AA7
00000A32
00000000
00000001
000014DA
00000AA8
00000A32
00000000
00000000
000014DB
00000AA8
00000A33
00000000
00000000
000014DC
00000AA8
00000A34
00000000
00000001
000014DD
00000AA9
00000A34
00000000
00000000
000014DE
00000AA9
00000A35
00000000
00000001
000014DF
00000AAA
00000A35
00000000
00000001
000014E0
00000AAB
00000A35
00000000
00000001
000014E1
00000AAC
00000A35
00000000
00000001
000014E2
00000AAD
00000A35
00000000
00000000
000014E3
00000AAD
00000A36
00000000
00000000
000014E4
00000AAD
00000A37
00000000
00000001
000014E5
00000AAE
00000A37
00000000
00000001
000014E6
00000AAF
00000A37
00000000
00000001
000014E7
00000AB0
00000A37
00000000
00000000
000014E8
00000AB0
00000A38
00000000
00000001
000014E9
00000AB1
00000A38
00000000
00000001
000014EA
00000AB2
00000A38
00000000
00000000
000014EB
00000AB2
00000A39
00000000
00000000
000014EC
00000AB2
00000A3A
00000000
00000000
000014ED
00000AB2
00000A3B
00000000
00000001
000014EE
00000AB3
00000A3B
00000000
00000000
000014EF
00000AB3
00000A3C
00000000
00000000
000014F0
00000AB3
00000A3D
00000001
00000000
000014F1
00000AB3
00000A3E
00000000
00000001
000014F2
00000AB4
00000A3E
00000000
00000000
000014F3
00000AB4
00000A3F
00000000
00000001
000014F4
00000AB5
00000A3F
00000000
00000001
000014F5
00000AB6
00000A3F
00000000
00000001
000014F6
00000AB7
00000A3F
00000000
00000001
000014F7
00000AB8
00000A3F
00000000
00000001
000014F8
00000AB9
00000A3F
00000000
00000000
000014F9
00000AB9
00000A40
00000000
00000000
000014FA
00000AB9
00000A41
00000000
00000000
000014FB
00000AB9
00000A42
00000000
00000000
000014FC
00000AB9
00000A43
00000001
00000001
000014FD
00000ABA
00000A43
00000001
00000000
000014FE
00000ABA
00000A44
00000001
00000001
000014FF
00000ABB
00000A44
00000001
00000001
00001500
00000ABC
00000A44
00000001
00000001
00001501
00000ABD
00000A44
00000001
00000000
00001502
00000ABD
00000A45
00000001
00000001
00001503
00000ABE
00000A45
00000001
00000001
00001504
00000ABF
00000A45
00000001
00000000
00001505
00000ABF
00000A46
00000001
00000000
00001506
00000ABF
00000A47
00000001
00000001
00001507
00000AC0
00000A47
00000001
00000000
00001508
00000AC0
00000A48
00000001
00000000
00001509
00000AC0
00000A49
00000000
00000001
0000150A
00000AC1
00000A49
00000000
00000001
0000150B
00000AC2
00000A49
00000000
00000001
0000150C
00000AC3
00000A49
00000000
00000000
0000150D
00000AC3
00000A4A
00000000
00000000
0000150E
00000AC3
00000A4B
00000000
00000000
0000150F
00000AC3
00000A4C
00000001
00000001
00001510
00000AC4
00000A4C
00000001
00000001
00001511
00000AC5
00000A4C
00000001
00000001
00001512
00000AC6
00000A4C
00000001
00000001
00001513
00000AC7
00000A4C
00000001
00000001
00001514
00000AC8
00000A4C
00000001
00000000
00001515
00000AC8
00000A4D
00000001
00000001
00001516
00000AC9
00000A4D
00000001
00000001
00001517
00000ACA
00000A4D
00000001
00000000
00001518
00000ACA
00000A4E
00000001
00000000
00001519
00000ACA
00000A4F
00000001
00000000
0000151A
00000ACA
00000A50
00000001
00000001
0000151B
00000ACB
00000A50
00000001
00000000
0000151C
00000ACB
00000A51
00000001
00000001
0000151D
00000ACC
00000A51
00000001
00000000
0000151E
00000ACC
00000A52
00000001
00000000
0000151F
00000ACC
00000A53
00000000
00000000
00001520
00000ACC
00000A54
00000001
00000001
00001521
00000ACD
00000A54
00000001
00000000
00001522
00000ACD
00000A55
00000001
00000001
00001523
00000ACE
00000A55
00000001
00000001
00001524
00000ACF
00000A55
00000001
00000000
00001525
00000ACF
00000A56
00000001
00000001
00001526
00000AD0
00000A56
00000001
00000000
00001527
00000AD0
00000A57
00000001
00000001
00001528
00000AD1
00000A57
00000001
00000001
00001529
00000AD2
00000A57
00000001
00000000
0000152A
00000AD2
00000A58
00000001
00000001
0000152B
00000AD3
00000A58
00000001
00000000
0000152C
00000AD3
00000A59
00000001
00000000
0000152D
00000AD3
00000A5A
00000000
00000001
0000152E
00000AD4
00000A5A
00000000
00000000
0000152F
00000AD4
00000A5B
00000000
00000001
00001530
00000AD5
00000A5B
00000000
00000000
00001531
00000AD5
00000A5C
00000000
00000001
00001532
00000AD6
00000A5C
00000000
00000000
00001533
00000AD6
00000A5D
00000001
00000000
00001534
00000AD6
00000A5E
00000000
00000000
00001535
00000AD6
00000A5F
00000001
00000001
00001536
00000AD7
00000A5F
00000001
00000001
00001537
00000AD8
00000A5F
00000001
00000000
00001538
00000AD8
00000A60
00000001
00000000
00001539
00000AD8
00000A61
00000000
00000001
0000153A
00000AD9
00000A61
00000000
00000001
0000153B
00000ADA
00000A61
00000000
00000000
0000153C
00000ADA
00000A62
00000000
00000000
0000153D
00000ADA
00000A63
00000001
00000001
0000153E
00000ADB
00000A63
00000001
00000001
0000153F
00000ADC
00000A63
00000001
00000000
00001540
00000ADC
00000A64
00000001
00000001
00001541
00000ADD
00000A64
00000001
00000001
00001542
00000ADE
00000A64
00000001
00000000
00001543
00000ADE
00000A65
00000001
00000000
00001544
00000ADE
00000A66
00000001
00000001
00001545
00000ADF
00000A66
00000001
00000000
00001546
00000ADF
00000A67
00000001
00000000
00001547
00000ADF
00000A68
00000000
00000001
00001548
00000AE0
00000A68
00000000
00000000
00001549
00000AE0
00000A69
00000000
00000001
0000154A
00000AE1
00000A69
00000000
00000001
0000154B
00000AE2
00000A69
00000000
00000001
0000154C
00000AE3
00000A69
00000000
00000001
0000154D
00000AE4
00000A69
00000000
00000001
0000154E
00000AE5
00000A69
00000000
00000001
0000154F
00000AE6
00000A69
00000000
00000000
00001550
00000AE6
00000A6A
00000000
00000000
00001551
00000AE6
00000A6B
00000000
00000001
00001552
00000AE7
00000A6B
00000000
00000001
00001553
00000AE8
00000A6B
00000000
00000001
00001554
00000AE9
00000A6B
00000000
00000000
00001555
00000AE9
00000A6C
00000000
00000000
00001556
00000AE9
00000A6D
00000000
00000000
00001557
00000AE9
00000A6E
00000000
00000000
00001558
00000AE9
00000A6F
00000001
00000000
00001559
00000AE9
00000A70
00000000
00000000
0000155A
00000AE9
00000A71
00000001
00000001
0000155B
00000AEA
00000A71
00000001
00000000
0000155C
00000AEA
00000A72
00000000
00000000
0000155D
00000AEA
00000A73
00000001
00000001
0000155E
00000AEB
00000A73
00000001
00000001
0000155F
00000AEC
00000A73
00000001
00000001
00001560
00000AED
00000A73
00000001
00000000
00001561
00000AED
00000A74
00000001
00000001
00001562
00000AEE
00000A74
00000001
00000000
00001563
00000AEE
00000A75
00000001
00000000
00001564
00000AEE
00000A76
00000001
00000001
00001565
00000AEF
00000A76
00000001
00000001
00001566
00000AF0
00000A76
00000001
00000001
00001567
00000AF1
00000A76
00000001
00000000
00001568
00000AF1
00000A77
00000001
00000001
00001569
00000AF2
00000A77
00000001
00000001
0000156A
00000AF3
00000A77
00000001
00000000
0000156B
00000AF3
00000A78
00000001
00000000
0000156C
00000AF3
00000A79
00000001
00000000
0000156D
00000AF3
00000A7A
00000000
00000001
0000156E
00000AF4
00000A7A
00000000
00000000
0000156F
00000AF4
00000A7B
00000000
00000001
00001570
00000AF5
00000A7B
00000000
00000000
00001571
00000AF5
00000A7C
00000001
00000001
00001572
00000AF6
00000A7C
00000001
00000000
00001573
00000AF6
00000A7D
00000000
00000001
00001574
00000AF7
00000A7D
00000000
00000000
00001575
00000AF7
00000A7E
00000000
00000001
00001576
00000AF8
00000A7E
00000000
00000000
00001577
00000AF8
00000A7F
00000001
00000001
00001578
00000AF9
00000A7F
00000001
00000000
00001579
00000AF9
00000A80
00000000
00000001
0000157A
00000AFA
00000A80
00000000
00000000
0000157B
00000AFA
00000A81
00000001
00000000
0000157C
00000AFA
00000A82
00000000
00000000
0000157D
00000AFA
00000A83
00000001
00000001
0000157E
00000AFB
00000A83
00000001
00000001
0000157F
00000AFC
00000A83
00000001
00000000
00001580
00000AFC
00000A84
00000001
00000001
00001581
00000AFD
00000A84
00000001
00000000
00001582
00000AFD
00000A85
00000001
00000001
00001583
00000AFE
00000A85
00000001
00000000
00001584
00000AFE
00000A86
00000001
00000001
00001585
00000AFF
00000A86
00000001
00000000
00001586
00000AFF
00000A87
00000001
00000000
00001587
00000AFF
00000A88
00000000
00000001
00001588
00000B00
00000A88
00000000
00000000
00001589
00000B00
00000A89
00000000
00000000
0000158A
00000B00
00000A8A
00000001
00000001
0000158B
00000B01
00000A8A
00000001
00000000
0000158C
00000B01
00000A8B
00000001
00000000
0000158D
00000B01
00000A8C
00000000
00000001
0000158E
00000B02
00000A8C
00000000
00000000
0000158F
00000B02
00000A8D
00000000
00000001
00001590
00000B03
00000A8D
00000000
00000000
00001591
00000B03
00000A8E
00000000
00000000
00001592
00000B03
00000A8F
00000001
00000001
00001593
00000B04
00000A8F
00000001
00000000
00001594
00000B04
00000A90
00000001
00000000
00001595
00000B04
00000A91
00000000
00000001
00001596
00000B05
00000A91
00000000
00000000
00001597
00000B05
00000A92
00000000
00000000
00001598
00000B05
00000A93
00000001
00000001
00001599
00000B06
00000A93
00000001
00000000
0000159A
00000B06
00000A94
00000001
00000001
0000159B
00000B07
00000A94
00000001
00000001
0000159C
00000B08
00000A94
00000001
00000000
0000159D
00000B08
00000A95
00000001
00000001
0000159E
00000B09
00000A95
00000001
00000001
0000159F
00000B0A
00000A95
00000001
00000000
000015A0
00000B0A
00000A96
00000001
00000000
000015A1
00000B0A
00000A97
00000001
00000001
000015A2
00000B0B
00000A97
00000001
00000000
000015A3
00000B0B
00000A98
00000001
00000000
000015A4
00000B0B
00000A99
00000000
00000000
000015A5
00000B0B
00000A9A
00000001
00000001
000015A6
00000B0C
00000A9A
00000001
00000001
000015A7
00000B0D
00000A9A
00000001
00000001
000015A8
00000B0E
00000A9A
00000001
00000000
000015A9
00000B0E
00000A9B
00000001
00000001
000015AA
00000B0F
00000A9B
00000001
00000000
000015AB
00000B0F
00000A9C
00000001
00000001
000015AC
00000B10
00000A9C
00000001
00000001
000015AD
00000B11
00000A9C
00000001
00000000
000015AE
00000B11
00000A9D
00000001
00000001
000015AF
00000B12
00000A9D
00000001
00000000
000015B0
00000B12
00000A9E
00000001
00000001
000015B1
00000B13
00000A9E
00000001
00000001
000015B2
00000B14
00000A9E
00000001
00000000
000015B3
00000B14
00000A9F
00000001
00000001
000015B4
00000B15
00000A9F
00000001
00000001
000015B5
00000B16
00000A9F
00000001
00000001
000015B6
00000B17
00000A9F
00000001
00000001
000015B7
00000B18
00000A9F
00000001
00000001
000015B8
00000B19
00000A9F
00000001
00000001
000015B9
00000B1A
00000A9F
00000001
00000000
000015BA
00000B1A
00000AA0
00000001
00000000
000015BB
00000B1A
00000AA1
00000001
00000001
000015BC
00000B1B
00000AA1
00000001
00000001
000015BD
00000B1C
00000AA1
00000001
00000001
000015BE
00000B1D
00000AA1
00000001
00000001
000015BF
00000B1E
00000AA1
00000001
00000001
000015C0
00000B1F
00000AA1
00000001
00000000
000015C1
00000B1F
00000AA2
00000001
00000000
000015C2
00000B1F
00000AA3
00000001
00000001
000015C3
00000B20
00000AA3
00000001
00000001
000015C4
00000B21
00000AA3
00000001
00000001
000015C5
00000B22
00000AA3
00000001
00000001
000015C6
00000B23
00000AA3
00000001
00000001
000015C7
00000B24
00000AA3
00000001
00000000
000015C8
00000B24
00000AA4
00000001
00000000
000015C9
00000B24
00000AA5
00000001
00000001
000015CA
00000B25
00000AA5
00000001
00000000
000015CB
00000B25
00000AA6
00000001
00000001
000015CC
00000B26
00000AA6
00000001
00000000
000015CD
00000B26
00000AA7
00000001
00000000
000015CE
00000B26
00000AA8
00000001
00000001
000015CF
00000B27
00000AA8
00000001
00000001
000015D0
00000B28
00000AA8
00000001
00000000
000015D1
00000B28
00000AA9
00000001
00000000
000015D2
00000B28
00000AAA
00000001
00000001
000015D3
00000B29
00000AAA
00000001
00000000
000015D4
00000B29
00000AAB
00000001
00000000
000015D5
00000B29
00000AAC
00000000
00000001
000015D6
00000B2A
00000AAC
00000000
00000000
000015D7
00000B2A
00000AAD
00000000
00000001
000015D8
00000B2B
00000AAD
00000000
00000000
000015D9
00000B2B
00000AAE
00000000
00000000
000015DA
00000B2B
00000AAF
00000001
00000001
000015DB
00000B2C
00000AAF
00000001
00000001
000015DC
00000B2D
00000AAF
00000001
00000000
000015DD
00000B2D
00000AB0
00000001
00000000
000015DE
00000B2D
00000AB1
00000001
00000001
000015DF
00000B2E
00000AB1
00000001
00000001
000015E0
00000B2F
00000AB1
00000001
00000001
000015E1
00000B30
00000AB1
00000001
00000001
000015E2
00000B31
00000AB1
00000001
00000000
000015E3
00000B31
00000AB2
00000001
00000001
000015E4
00000B32
00000AB2
00000001
00000001
000015E5
00000B33
00000AB2
00000001
00000001
000015E6
00000B34
00000AB2
00000001
00000001
000015E7
00000B35
00000AB2
00000001
00000000
000015E8
00000B35
00000AB3
00000001
00000000
000015E9
00000B35
00000AB4
00000001
00000001
000015EA
00000B36
00000AB4
00000001
00000000
000015EB
00000B36
00000AB5
00000001
00000001
000015EC
00000B37
00000AB5
00000001
00000001
000015ED
00000B38
00000AB5
00000001
00000000
000015EE
00000B38
00000AB6
00000001
00000001
000015EF
00000B39
00000AB6
00000001
00000001
000015F0
00000B3A
00000AB6
00000001
00000000
000015F1
00000B3A
00000AB7
00000001
00000000
000015F2
00000B3A
00000AB8
00000001
00000001
000015F3
00000B3B
00000AB8
00000001
00000001
000015F4
00000B3C
00000AB8
00000001
00000000
000015F5
00000B3C
00000AB9
00000001
00000000
000015F6
00000B3C
00000ABA
00000001
00000000
000015F7
00000B3C
00000ABB
00000000
00000001
000015F8
00000B3D
00000ABB
00000000
00000001
000015F9
00000B3E
00000ABB
00000000
00000001
000015FA
00000B3F
00000ABB
00000000
00000001
000015FB
00000B40
00000ABB
00000000
00000001
000015FC
00000B41
00000ABB
00000000
00000000
000015FD
00000B41
00000ABC
00000000
00000000
000015FE
00000B41
00000ABD
00000000
00000001
000015FF
00000B42
00000ABD
00000000
00000000
00001600
00000B42
00000ABE
00000000
00000000
00001601
00000B42
00000ABF
00000000
00000001
00001602
00000B43
00000ABF
00000000
00000001
00001603
00000B44
00000ABF
00000000
00000000
00001604
00000B44
00000AC0
00000000
00000000
00001605
00000B44
00000AC1
00000001
00000000
00001606
00000B44
00000AC2
00000000
00000001
00001607
00000B45
00000AC2
00000000
00000000
00001608
00000B45
00000AC3
00000000
00000000
00001609
00000B45
00000AC4
00000001
00000000
0000160A
00000B45
00000AC5
00000000
00000001
0000160B
00000B46
00000AC5
00000000
00000000
0000160C
00000B46
00000AC6
00000000
00000000
0000160D
00000B46
00000AC7
00000001
00000001
0000160E
00000B47
00000AC7
00000001
00000001
0000160F
00000B48
00000AC7
00000001
00000001
00001610
00000B49
00000AC7
00000001
00000000
00001611
00000B49
00000AC8
00000001
00000000
00001612
00000B49
00000AC9
00000001
00000001
00001613
00000B4A
00000AC9
00000001
00000001
00001614
00000B4B
00000AC9
00000001
00000001
00001615
00000B4C
00000AC9
00000001
00000001
00001616
00000B4D
00000AC9
00000001
00000000
00001617
00000B4D
00000ACA
00000001
00000001
00001618
00000B4E
00000ACA
00000001
00000000
00001619
00000B4E
00000ACB
00000001
00000001
0000161A
00000B4F
00000ACB
00000001
00000000
0000161B
00000B4F
00000ACC
00000001
00000000
0000161C
00000B4F
00000ACD
00000001
00000000
0000161D
00000B4F
00000ACE
00000000
00000001
0000161E
00000B50
00000ACE
00000000
00000000
0000161F
00000B50
00000ACF
00000000
00000000
00001620
00000B50
00000AD0
00000001
00000000
00001621
00000B50
00000AD1
00000000
00000001
00001622
00000B51
00000AD1
00000000
00000001
00001623
00000B52
00000AD1
00000000
00000001
00001624
00000B53
00000AD1
00000000
00000001
00001625
00000B54
00000AD1
00000000
00000000
00001626
00000B54
00000AD2
00000000
00000001
00001627
00000B55
00000AD2
00000000
00000001
00001628
00000B56
00000AD2
00000000
00000001
00001629
00000B57
00000AD2
00000000
00000000
0000162A
00000B57
00000AD3
00000000
00000001
0000162B
00000B58
00000AD3
00000000
00000001
0000162C
00000B59
00000AD3
00000000
00000001
0000162D
00000B5A
00000AD3
00000000
00000001
0000162E
00000B5B
00000AD3
00000000
00000001
0000162F
00000B5C
00000AD3
00000000
00000001
00001630
00000B5D
00000AD3
00000000
00000001
00001631
00000B5E
00000AD3
00000000
00000001
00001632
00000B5F
00000AD3
00000000
00000001
00001633
00000B60
00000AD3
00000000
00000001
00001634
00000B61
00000AD3
00000000
00000000
00001635
00000B61
00000AD4
00000000
00000001
00001636
00000B62
00000AD4
00000000
00000000
00001637
00000B62
00000AD5
00000000
00000000
00001638
00000B62
00000AD6
00000000
00000000
00001639
00000B62
00000AD7
00000000
00000001
0000163A
00000B63
00000AD7
00000000
00000001
0000163B
00000B64
00000AD7
00000000
00000000
0000163C
00000B64
00000AD8
00000000
00000000
0000163D
00000B64
00000AD9
00000000
00000001
0000163E
00000B65
00000AD9
00000000
00000000
0000163F
00000B65
00000ADA
00000000
00000000
00001640
00000B65
00000ADB
00000000
00000001
00001641
00000B66
00000ADB
00000000
00000001
00001642
00000B67
00000ADB
00000000
00000001
00001643
00000B68
00000ADB
00000000
00000000
00001644
00000B68
00000ADC
00000000
00000001
00001645
00000B69
00000ADC
00000000
00000000
00001646
00000B69
00000ADD
00000000
00000000
00001647
00000B69
00000ADE
00000000
00000001
00001648
00000B6A
00000ADE
00000000
00000001
00001649
00000B6B
00000ADE
00000000
00000001
0000164A
00000B6C
00000ADE
00000000
00000001
0000164B
00000B6D
00000ADE
00000000
00000000
0000164C
00000B6D
00000ADF
00000000
00000000
0000164D
00000B6D
00000AE0
00000000
00000001
0000164E
00000B6E
00000AE0
00000000
00000001
0000164F
00000B6F
00000AE0
00000000
00000000
00001650
00000B6F
00000AE1
00000000
00000001
00001651
00000B70
00000AE1
00000000
00000000
00001652
00000B70
00000AE2
00000000
00000001
00001653
00000B71
00000AE2
00000000
00000001
00001654
00000B72
00000AE2
00000000
00000001
00001655
00000B73
00000AE2
00000000
00000001
00001656
00000B74
00000AE2
00000000
00000000
00001657
00000B74
00000AE3
00000000
00000001
00001658
00000B75
00000AE3
00000000
00000001
00001659
00000B76
00000AE3
00000000
00000001
0000165A
00000B77
00000AE3
00000000
00000000
0000165B
00000B77
00000AE4
00000000
00000001
0000165C
00000B78
00000AE4
00000000
00000001
0000165D
00000B79
00000AE4
00000000
00000000
0000165E
00000B79
00000AE5
00000000
00000001
0000165F
00000B7A
00000AE5
00000000
00000001
00001660
00000B7B
00000AE5
00000000
00000001
00001661
00000B7C
00000AE5
00000000
00000001
00001662
00000B7D
00000AE5
00000000
00000001
00001663
00000B7E
00000AE5
00000000
00000000
00001664
00000B7E
00000AE6
00000000
00000001
00001665
00000B7F
00000AE6
00000000
00000000
00001666
00000B7F
00000AE7
00000000
00000001
00001667
00000B80
00000AE7
00000000
00000000
00001668
00000B80
00000AE8
00000000
00000001
00001669
00000B81
00000AE8
00000000
00000000
0000166A
00000B81
00000AE9
00000000
00000001
0000166B
00000B82
00000AE9
00000000
00000001
0000166C
00000B83
00000AE9
00000000
00000001
0000166D
00000B84
00000AE9
00000000
00000001
0000166E
00000B85
00000AE9
00000000
00000001
0000166F
00000B86
00000AE9
00000000
00000001
00001670
00000B87
00000AE9
00000000
00000001
00001671
00000B88
00000AE9
00000000
00000001
00001672
00000B89
00000AE9
00000000
00000000
00001673
00000B89
00000AEA
00000000
00000000
00001674
00000B89
00000AEB
00000000
00000001
00001675
00000B8A
00000AEB
00000000
00000001
00001676
00000B8B
00000AEB
00000000
00000000
00001677
00000B8B
00000AEC
00000000
00000000
00001678
00000B8B
00000AED
00000000
00000001
00001679
00000B8C
00000AED
00000000
00000000
0000167A
00000B8C
00000AEE
00000000
00000000
0000167B
00000B8C
00000AEF
00000000
00000000
0000167C
00000B8C
00000AF0
00000000
00000001
0000167D
00000B8D
00000AF0
00000000
00000001
0000167E
00000B8E
00000AF0
00000000
00000001
0000167F
00000B8F
00000AF0
00000000
00000001
00001680
00000B90
00000AF0
00000000
00000000
00001681
00000B90
00000AF1
00000000
00000000
00001682
00000B90
00000AF2
00000000
00000001
00001683
00000B91
00000AF2
00000000
00000000
00001684
00000B91
00000AF3
00000000
00000000
00001685
00000B91
00000AF4
00000000
00000001
00001686
00000B92
00000AF4
00000000
00000001
00001687
00000B93
00000AF4
00000000
00000001
00001688
00000B94
00000AF4
00000000
00000000
00001689
00000B94
00000AF5
00000000
00000000
0000168A
00000B94
00000AF6
00000000
00000000
0000168B
00000B94
00000AF7
00000001
00000000
0000168C
00000B94
00000AF8
00000000
00000001
0000168D
00000B95
00000AF8
00000000
00000000
0000168E
00000B95
00000AF9
00000000
00000000
0000168F
00000B95
00000AFA
00000001
00000000
00001690
00000B95
00000AFB
00000000
00000000
00001691
00000B95
00000AFC
00000001
00000000
00001692
00000B95
00000AFD
00000000
00000000
00001693
00000B95
00000AFE
00000001
00000001
00001694
00000B96
00000AFE
00000001
00000000
00001695
00000B96
00000AFF
00000001
00000001
00001696
00000B97
00000AFF
00000001
00000000
00001697
00000B97
00000B00
00000001
00000001
00001698
00000B98
00000B00
00000001
00000001
00001699
00000B99
00000B00
00000001
00000000
0000169A
00000B99
00000B01
00000001
00000000
0000169B
00000B99
00000B02
00000000
00000001
0000169C
00000B9A
00000B02
00000000
00000001
0000169D
00000B9B
00000B02
00000000
00000001
0000169E
00000B9C
00000B02
00000000
00000000
0000169F
00000B9C
00000B03
00000000
00000001
000016A0
00000B9D
00000B03
00000000
00000000
000016A1
00000B9D
00000B04
00000000
00000000
000016A2
00000B9D
00000B05
00000000
00000001
000016A3
00000B9E
00000B05
00000000
00000001
000016A4
00000B9F
00000B05
00000000
00000001
000016A5
00000BA0
00000B05
00000000
00000000
000016A6
00000BA0
00000B06
00000000
00000000
000016A7
00000BA0
00000B07
00000000
00000001
000016A8
00000BA1
00000B07
00000000
00000001
000016A9
00000BA2
00000B07
00000000
00000001
000016AA
00000BA3
00000B07
00000000
00000001
000016AB
00000BA4
00000B07
00000000
00000000
000016AC
00000BA4
00000B08
00000000
00000001
000016AD
00000BA5
00000B08
00000000
00000001
000016AE
00000BA6
00000B08
00000000
00000001
000016AF
00000BA7
00000B08
00000000
00000000
000016B0
00000BA7
00000B09
00000000
00000000
000016B1
00000BA7
00000B0A
00000000
00000001
000016B2
00000BA8
00000B0A
00000000
00000001
000016B3
00000BA9
00000B0A
00000000
00000000
000016B4
00000BA9
00000B0B
00000000
00000001
000016B5
00000BAA
00000B0B
00000000
00000000
000016B6
00000BAA
00000B0C
00000000
00000000
000016B7
00000BAA
00000B0D
00000000
00000000
000016B8
00000BAA
00000B0E
00000001
00000000
000016B9
00000BAA
00000B0F
00000000
00000000
000016BA
00000BAA
00000B10
00000001
00000000
000016BB
00000BAA
00000B11
00000000
00000001
000016BC
00000BAB
00000B11
00000000
00000000
000016BD
00000BAB
00000B12
00000000
00000001
000016BE
00000BAC
00000B12
00000000
00000001
000016BF
00000BAD
00000B12
00000000
00000000
000016C0
00000BAD
00000B13
00000000
00000000
000016C1
00000BAD
00000B14
00000000
00000000
000016C2
00000BAD
00000B15
00000001
00000000
000016C3
00000BAD
00000B16
00000000
00000000
000016C4
00000BAD
00000B17
00000001
00000000
000016C5
00000BAD
00000B18
00000000
00000001
000016C6
00000BAE
00000B18
00000000
00000000
000016C7
00000BAE
00000B19
00000000
00000001
000016C8
00000BAF
00000B19
00000000
00000001
000016C9
00000BB0
00000B19
00000000
00000001
000016CA
00000BB1
00000B19
00000000
00000000
000016CB
00000BB1
00000B1A
00000000
00000001
000016CC
00000BB2
00000B1A
00000000
00000000
000016CD
00000BB2
00000B1B
00000000
00000000
000016CE
00000BB2
00000B1C
00000000
00000000
000016CF
00000BB2
00000B1D
00000001
00000001
000016D0
00000BB3
00000B1D
00000001
00000001
000016D1
00000BB4
00000B1D
00000001
00000000
000016D2
00000BB4
00000B1E
00000001
00000001
000016D3
00000BB5
00000B1E
00000001
00000000
000016D4
00000BB5
00000B1F
00000001
00000001
000016D5
00000BB6
00000B1F
00000001
00000000
000016D6
00000BB6
00000B20
00000001
00000000
000016D7
00000BB6
00000B21
00000000
00000000
000016D8
00000BB6
00000B22
00000001
00000000
000016D9
00000BB6
00000B23
00000000
00000001
000016DA
00000BB7
00000B23
00000000
00000000
000016DB
00000BB7
00000B24
00000000
00000001
000016DC
00000BB8
00000B24
00000000
00000000
000016DD
00000BB8
00000B25
00000000
00000001
000016DE
00000BB9
00000B25
00000000
00000001
000016DF
00000BBA
00000B25
00000000
00000001
000016E0
00000BBB
00000B25
00000000
00000000
000016E1
00000BBB
00000B26
00000000
00000000
000016E2
00000BBB
00000B27
00000000
00000001
000016E3
00000BBC
00000B27
00000000
00000001
000016E4
00000BBD
00000B27
00000000
00000000
000016E5
00000BBD
00000B28
00000000
00000001
000016E6
00000BBE
00000B28
00000000
00000001
000016E7
00000BBF
00000B28
00000000
00000000
000016E8
00000BBF
00000B29
00000000
00000001
000016E9
00000BC0
00000B29
00000000
00000000
000016EA
00000BC0
00000B2A
00000000
00000001
000016EB
00000BC1
00000B2A
00000000
00000001
000016EC
00000BC2
00000B2A
00000000
00000000
000016ED
00000BC2
00000B2B
00000000
00000000
000016EE
00000BC2
00000B2C
00000000
00000000
000016EF
00000BC2
00000B2D
00000001
00000001
000016F0
00000BC3
00000B2D
00000001
00000000
000016F1
00000BC3
00000B2E
00000001
00000001
000016F2
00000BC4
00000B2E
00000001
00000000
000016F3
00000BC4
00000B2F
00000001
00000000
000016F4
00000BC4
00000B30
00000000
00000001
000016F5
00000BC5
00000B30
00000000
00000000
000016F6
00000BC5
00000B31
00000000
00000001
000016F7
00000BC6
00000B31
00000000
00000001
000016F8
00000BC7
00000B31
00000000
00000000
000016F9
00000BC7
00000B32
00000000
00000001
000016FA
00000BC8
00000B32
00000000
00000000
000016FB
00000BC8
00000B33
00000000
00000001
000016FC
00000BC9
00000B33
00000000
00000000
000016FD
00000BC9
00000B34
00000000
00000001
000016FE
00000BCA
00000B34
00000000
00000000
000016FF
00000BCA
00000B35
00000000
00000000
00001700
00000BCA
00000B36
00000001
00000000
00001701
00000BCA
00000B37
00000000
00000000
00001702
00000BCA
00000B38
00000001
00000001
00001703
00000BCB
00000B38
00000001
00000001
00001704
00000BCC
00000B38
00000001
00000000
00001705
00000BCC
00000B39
00000001
00000000
00001706
00000BCC
00000B3A
00000000
00000000
00001707
00000BCC
00000B3B
00000001
00000001
00001708
00000BCD
00000B3B
00000001
00000000
00001709
00000BCD
00000B3C
00000001
00000001
0000170A
00000BCE
00000B3C
00000001
00000001
0000170B
00000BCF
00000B3C
00000001
00000001
0000170C
00000BD0
00000B3C
00000001
00000001
0000170D
00000BD1
00000B3C
00000001
00000000
0000170E
00000BD1
00000B3D
00000001
00000001
0000170F
00000BD2
00000B3D
00000001
00000000
00001710
00000BD2
00000B3E
00000001
00000000
00001711
00000BD2
00000B3F
00000001
00000001
00001712
00000BD3
00000B3F
00000001
00000000
00001713
00000BD3
00000B40
00000001
00000000
00001714
00000BD3
00000B41
00000000
00000000
00001715
00000BD3
00000B42
00000001
00000001
00001716
00000BD4
00000B42
00000001
00000000
00001717
00000BD4
00000B43
00000001
00000001
00001718
00000BD5
00000B43
00000001
00000001
00001719
00000BD6
00000B43
00000001
00000000
0000171A
00000BD6
00000B44
00000001
00000000
0000171B
00000BD6
00000B45
00000000
00000001
0000171C
00000BD7
00000B45
00000000
00000001
0000171D
00000BD8
00000B45
00000000
00000000
0000171E
00000BD8
00000B46
00000000
00000000
0000171F
00000BD8
00000B47
00000001
00000000
00001720
00000BD8
00000B48
00000000
00000001
00001721
00000BD9
00000B48
00000000
00000001
00001722
00000BDA
00000B48
00000000
00000001
00001723
00000BDB
00000B48
00000000
00000001
00001724
00000BDC
00000B48
00000000
00000000
00001725
00000BDC
00000B49
00000000
00000001
00001726
00000BDD
00000B49
00000000
00000000
00001727
00000BDD
00000B4A
00000000
00000000
00001728
00000BDD
00000B4B
00000000
00000000
00001729
00000BDD
00000B4C
00000001
00000000
0000172A
00000BDD
00000B4D
00000000
00000000
0000172B
00000BDD
00000B4E
00000001
00000001
0000172C
00000BDE
00000B4E
00000001
00000000
0000172D
00000BDE
00000B4F
00000000
00000000
0000172E
00000BDE
00000B50
00000001
00000000
0000172F
00000BDE
00000B51
00000000
00000000
00001730
00000BDE
00000B52
00000001
00000000
00001731
00000BDE
00000B53
00000000
00000000
00001732
00000BDE
00000B54
00000001
00000000
00001733
00000BDE
00000B55
00000000
00000001
00001734
00000BDF
00000B55
00000000
00000001
00001735
00000BE0
00000B55
00000000
00000001
00001736
00000BE1
00000B55
00000000
00000000
00001737
00000BE1
00000B56
00000000
00000000
00001738
00000BE1
00000B57
00000000
00000001
00001739
00000BE2
00000B57
00000000
00000001
0000173A
00000BE3
00000B57
00000000
00000000
0000173B
00000BE3
00000B58
00000000
00000000
0000173C
00000BE3
00000B59
00000000
00000000
0000173D
00000BE3
00000B5A
00000001
00000000
0000173E
00000BE3
00000B5B
00000000
00000001
0000173F
00000BE4
00000B5B
00000000
00000001
00001740
00000BE5
00000B5B
00000000
00000000
00001741
00000BE5
00000B5C
00000000
00000000
00001742
00000BE5
00000B5D
00000001
00000000
00001743
00000BE5
00000B5E
00000000
00000000
00001744
00000BE5
00000B5F
00000001
00000000
00001745
00000BE5
00000B60
00000000
00000000
00001746
00000BE5
00000B61
00000001
00000000
00001747
00000BE5
00000B62
00000000
00000000
00001748
00000BE5
00000B63
00000001
00000000
00001749
00000BE5
00000B64
00000000
00000000
0000174A
00000BE5
00000B65
00000001
00000000
0000174B
00000BE5
00000B66
00000000
00000000
0000174C
00000BE5
00000B67
00000001
00000000
0000174D
00000BE5
00000B68
00000000
00000001
0000174E
00000BE6
00000B68
00000000
00000001
0000174F
00000BE7
00000B68
00000000
00000000
00001750
00000BE7
00000B69
00000000
00000000
00001751
00000BE7
00000B6A
00000000
00000001
00001752
00000BE8
00000B6A
00000000
00000000
00001753
00000BE8
00000B6B
00000000
00000000
00001754
00000BE8
00000B6C
00000001
00000000
00001755
00000BE8
00000B6D
00000000
00000000
00001756
00000BE8
00000B6E
00000001
00000000
00001757
00000BE8
00000B6F
00000000
00000000
00001758
00000BE8
00000B70
00000001
00000000
00001759
00000BE8
00000B71
00000000
00000001
0000175A
00000BE9
00000B71
00000000
00000001
0000175B
00000BEA
00000B71
00000000
00000000
0000175C
00000BEA
00000B72
00000000
00000000
0000175D
00000BEA
00000B73
00000001
00000000
0000175E
00000BEA
00000B74
00000000
00000001
0000175F
00000BEB
00000B74
00000000
00000001
00001760
00000BEC
00000B74
00000000
00000000
00001761
00000BEC
00000B75
00000000
00000001
00001762
00000BED
00000B75
00000000
00000000
00001763
00000BED
00000B76
00000000
00000001
00001764
00000BEE
00000B76
00000000
00000000
00001765
00000BEE
00000B77
00000000
00000001
00001766
00000BEF
00000B77
00000000
00000001
00001767
00000BF0
00000B77
00000000
00000001
00001768
00000BF1
00000B77
00000000
00000001
00001769
00000BF2
00000B77
00000000
00000000
0000176A
00000BF2
00000B78
00000000
00000000
0000176B
00000BF2
00000B79
00000000
00000001
0000176C
00000BF3
00000B79
00000000
00000000
0000176D
00000BF3
00000B7A
00000000
00000001
0000176E
00000BF4
00000B7A
00000000
00000000
0000176F
00000BF4
00000B7B
00000000
00000000
00001770
00000BF4
00000B7C
00000001
00000000
00001771
00000BF4
00000B7D
00000000
00000000
00001772
00000BF4
00000B7E
00000001
00000000
00001773
00000BF4
00000B7F
00000000
00000001
00001774
00000BF5
00000B7F
00000000
00000001
00001775
00000BF6
00000B7F
00000000
00000000
00001776
00000BF6
00000B80
00000000
00000000
00001777
00000BF6
00000B81
00000000
00000001
00001778
00000BF7
00000B81
00000000
00000001
00001779
00000BF8
00000B81
00000000
00000000
0000177A
00000BF8
00000B82
00000000
00000001
0000177B
00000BF9
00000B82
00000000
00000001
0000177C
00000BFA
00000B82
00000000
00000001
0000177D
00000BFB
00000B82
00000000
00000001
0000177E
00000BFC
00000B82
00000000
00000001
0000177F
00000BFD
00000B82
00000000
00000001
00001780
00000BFE
00000B82
00000000
00000000
00001781
00000BFE
00000B83
00000000
00000001
00001782
00000BFF
00000B83
00000000
00000001
00001783
00000C00
00000B83
00000000
00000000
00001784
00000C00
00000B84
00000000
00000000
00001785
00000C00
00000B85
00000000
00000000
00001786
00000C00
00000B86
00000000
00000000
00001787
00000C00
00000B87
00000000
00000000
00001788
00000C00
00000B88
00000001
00000001
00001789
00000C01
00000B88
00000001
00000001
0000178A
00000C02
00000B88
00000001
00000000
0000178B
00000C02
00000B89
00000001
00000000
0000178C
00000C02
00000B8A
00000001
00000001
0000178D
00000C03
00000B8A
00000001
00000000
0000178E
00000C03
00000B8B
00000000
00000001
0000178F
00000C04
00000B8B
00000000
00000001
00001790
00000C05
00000B8B
00000000
00000001
00001791
00000C06
00000B8B
00000000
00000001
00001792
00000C07
00000B8B
00000000
00000001
00001793
00000C08
00000B8B
00000000
00000001
00001794
00000C09
00000B8B
00000000
00000001
00001795
00000C0A
00000B8B
00000000
00000001
00001796
00000C0B
00000B8B
00000000
00000000
00001797
00000C0B
00000B8C
00000000
00000001
00001798
00000C0C
00000B8C
00000000
00000001
00001799
00000C0D
00000B8C
00000000
00000001
0000179A
00000C0E
00000B8C
00000000
00000001
0000179B
00000C0F
00000B8C
00000000
00000001
0000179C
00000C10
00000B8C
00000000
00000001
0000179D
00000C11
00000B8C
00000000
00000000
0000179E
00000C11
00000B8D
00000000
00000000
0000179F
00000C11
00000B8E
00000000
00000001
000017A0
00000C12
00000B8E
00000000
00000001
000017A1
00000C13
00000B8E
00000000
00000001
000017A2
00000C14
00000B8E
00000000
00000001
000017A3
00000C15
00000B8E
00000000
00000000
000017A4
00000C15
00000B8F
00000000
00000000
000017A5
00000C15
00000B90
00000000
00000001
000017A6
00000C16
00000B90
00000000
00000000
000017A7
00000C16
00000B91
00000000
00000000
000017A8
00000C16
00000B92
00000000
00000000
000017A9
00000C16
00000B93
00000000
00000000
000017AA
00000C16
00000B94
00000000
00000000
000017AB
00000C16
00000B95
00000001
00000001
000017AC
00000C17
00000B95
00000001
00000001
000017AD
00000C18
00000B95
00000001
00000001
000017AE
00000C19
00000B95
00000001
00000001
000017AF
00000C1A
00000B95
00000001
00000001
000017B0
00000C1B
00000B95
00000001
00000000
000017B1
00000C1B
00000B96
00000001
00000000
000017B2
00000C1B
00000B97
00000001
00000000
000017B3
00000C1B
00000B98
00000001
00000000
000017B4
00000C1B
00000B99
00000000
00000001
000017B5
00000C1C
00000B99
00000000
00000000
000017B6
00000C1C
00000B9A
00000000
00000000
000017B7
00000C1C
00000B9B
00000001
00000001
000017B8
00000C1D
00000B9B
00000001
00000000
000017B9
00000C1D
00000B9C
00000001
00000000
000017BA
00000C1D
00000B9D
00000000
00000000
000017BB
00000C1D
00000B9E
00000001
00000001
000017BC
00000C1E
00000B9E
00000001
00000000
000017BD
00000C1E
00000B9F
00000001
00000000
000017BE
00000C1E
00000BA0
00000000
00000000
000017BF
00000C1E
00000BA1
00000001
00000000
000017C0
00000C1E
00000BA2
00000000
00000000
000017C1
00000C1E
00000BA3
00000001
00000001
000017C2
00000C1F
00000BA3
00000001
00000000
000017C3
00000C1F
00000BA4
00000001
00000000
000017C4
00000C1F
00000BA5
00000000
00000001
000017C5
00000C20
00000BA5
00000000
00000001
000017C6
00000C21
00000BA5
00000000
00000000
000017C7
00000C21
00000BA6
00000000
00000001
000017C8
00000C22
00000BA6
00000000
00000000
000017C9
00000C22
00000BA7
00000000
00000000
000017CA
00000C22
00000BA8
00000001
00000000
000017CB
00000C22
00000BA9
00000000
00000000
000017CC
00000C22
00000BAA
00000001
00000000
000017CD
00000C22
00000BAB
00000000
00000000
000017CE
00000C22
00000BAC
00000001
00000001
000017CF
00000C23
00000BAC
00000001
00000001
000017D0
00000C24
00000BAC
00000001
00000001
000017D1
00000C25
00000BAC
00000001
00000001
000017D2
00000C26
00000BAC
00000001
00000000
000017D3
00000C26
00000BAD
00000001
00000000
000017D4
00000C26
00000BAE
00000001
00000000
000017D5
00000C26
00000BAF
00000000
00000001
000017D6
00000C27
00000BAF
00000000
00000000
000017D7
00000C27
00000BB0
00000001
00000001
000017D8
00000C28
00000BB0
00000001
00000000
000017D9
00000C28
00000BB1
00000000
00000001
000017DA
00000C29
00000BB1
00000000
00000000
000017DB
00000C29
00000BB2
00000000
00000000
000017DC
00000C29
00000BB3
00000001
00000001
000017DD
00000C2A
00000BB3
00000001
00000001
000017DE
00000C2B
00000BB3
00000001
00000000
000017DF
00000C2B
00000BB4
00000001
00000001
000017E0
00000C2C
00000BB4
00000001
00000001
000017E1
00000C2D
00000BB4
00000001
00000001
000017E2
00000C2E
00000BB4
00000001
00000001
000017E3
00000C2F
00000BB4
00000001
00000000
000017E4
00000C2F
00000BB5
00000001
00000000
000017E5
00000C2F
00000BB6
00000001
00000001
000017E6
00000C30
00000BB6
00000001
00000000
000017E7
00000C30
00000BB7
00000001
00000001
000017E8
00000C31
00000BB7
00000001
00000001
000017E9
00000C32
00000BB7
00000001
00000001
000017EA
00000C33
00000BB7
00000001
00000000
000017EB
00000C33
00000BB8
00000001
00000000
000017EC
00000C33
00000BB9
00000001
00000000
000017ED
00000C33
00000BBA
00000001
00000001
000017EE
00000C34
00000BBA
00000001
00000000
000017EF
00000C34
00000BBB
00000001
00000001
000017F0
00000C35
00000BBB
00000001
00000000
000017F1
00000C35
00000BBC
00000000
00000000
000017F2
00000C35
00000BBD
00000001
00000001
000017F3
00000C36
00000BBD
00000001
00000000
000017F4
00000C36
00000BBE
00000001
00000000
000017F5
00000C36
00000BBF
00000000
00000000
000017F6
00000C36
00000BC0
00000001
00000001
000017F7
00000C37
00000BC0
00000001
00000001
000017F8
00000C38
00000BC0
00000001
00000001
000017F9
00000C39
00000BC0
00000001
00000000
000017FA
00000C39
00000BC1
00000001
00000000
000017FB
00000C39
00000BC2
00000001
00000001
000017FC
00000C3A
00000BC2
00000001
00000001
000017FD
00000C3B
00000BC2
00000001
00000001
000017FE
00000C3C
00000BC2
00000001
00000001
000017FF
00000C3D
00000BC2
00000001
00000000
00001800
00000C3D
00000BC3
00000001
00000001
00001801
00000C3E
00000BC3
00000001
00000001
00001802
00000C3F
00000BC3
00000001
00000000
00001803
00000C3F
00000BC4
00000001
00000001
00001804
00000C40
00000BC4
00000001
00000001
00001805
00000C41
00000BC4
00000001
00000001
00001806
00000C42
00000BC4
00000001
00000000
00001807
00000C42
00000BC5
00000001
00000000
00001808
00000C42
00000BC6
00000001
00000001
00001809
00000C43
00000BC6
00000001
00000001
0000180A
00000C44
00000BC6
00000001
00000001
0000180B
00000C45
00000BC6
00000001
00000000
0000180C
00000C45
00000BC7
00000001
00000001
0000180D
00000C46
00000BC7
00000001
00000001
0000180E
00000C47
00000BC7
00000001
00000000
0000180F
00000C47
00000BC8
00000001
00000000
00001810
00000C47
00000BC9
00000001
00000000
00001811
00000C47
00000BCA
00000001
00000001
00001812
00000C48
00000BCA
00000001
00000000
00001813
00000C48
00000BCB
00000001
00000000
00001814
00000C48
00000BCC
00000000
00000000
00001815
00000C48
00000BCD
00000001
00000001
00001816
00000C49
00000BCD
00000001
00000000
00001817
00000C49
00000BCE
00000001
00000000
00001818
00000C49
00000BCF
00000000
00000000
00001819
00000C49
00000BD0
00000001
00000001
0000181A
00000C4A
00000BD0
00000001
00000001
0000181B
00000C4B
00000BD0
00000001
00000001
0000181C
00000C4C
00000BD0
00000001
00000000
0000181D
00000C4C
00000BD1
00000001
00000001
0000181E
00000C4D
00000BD1
00000001
00000001
0000181F
00000C4E
00000BD1
00000001
00000001
00001820
00000C4F
00000BD1
00000001
00000000
00001821
00000C4F
00000BD2
00000001
00000001
00001822
00000C50
00000BD2
00000001
00000000
00001823
00000C50
00000BD3
00000001
00000001
00001824
00000C51
00000BD3
00000001
00000000
00001825
00000C51
00000BD4
00000001
00000000
00001826
00000C51
00000BD5
00000001
00000000
00001827
00000C51
00000BD6
00000000
00000000
00001828
00000C51
00000BD7
00000001
00000001
00001829
00000C52
00000BD7
00000001
00000001
0000182A
00000C53
00000BD7
00000001
00000000
0000182B
00000C53
00000BD8
00000001
00000001
0000182C
00000C54
00000BD8
00000001
00000001
0000182D
00000C55
00000BD8
00000001
00000001
0000182E
00000C56
00000BD8
00000001
00000001
0000182F
00000C57
00000BD8
00000001
00000000
00001830
00000C57
00000BD9
00000001
00000001
00001831
00000C58
00000BD9
00000001
00000000
00001832
00000C58
00000BDA
00000001
00000000
00001833
00000C58
00000BDB
00000001
00000001
00001834
00000C59
00000BDB
00000001
00000000
00001835
00000C59
00000BDC
00000001
00000001
00001836
00000C5A
00000BDC
00000001
00000000
00001837
00000C5A
00000BDD
00000001
00000001
00001838
00000C5B
00000BDD
00000001
00000000
00001839
00000C5B
00000BDE
00000001
00000000
0000183A
00000C5B
00000BDF
00000000
00000001
0000183B
00000C5C
00000BDF
00000000
00000000
0000183C
00000C5C
00000BE0
00000000
00000001
0000183D
00000C5D
00000BE0
00000000
00000001
0000183E
00000C5E
00000BE0
00000000
00000000
0000183F
00000C5E
00000BE1
00000000
00000000
00001840
00000C5E
00000BE2
00000001
00000001
00001841
00000C5F
00000BE2
00000001
00000001
00001842
00000C60
00000BE2
00000001
00000001
00001843
00000C61
00000BE2
00000001
00000000
00001844
00000C61
00000BE3
00000001
00000000
00001845
00000C61
00000BE4
00000001
00000001
00001846
00000C62
00000BE4
00000001
00000001
00001847
00000C63
00000BE4
00000001
00000001
00001848
00000C64
00000BE4
00000001
00000001
00001849
00000C65
00000BE4
00000001
00000000
0000184A
00000C65
00000BE5
00000001
00000001
0000184B
00000C66
00000BE5
00000001
00000001
0000184C
00000C67
00000BE5
00000001
00000001
0000184D
00000C68
00000BE5
00000001
00000001
0000184E
00000C69
00000BE5
00000001
00000000
0000184F
00000C69
00000BE6
00000001
00000001
00001850
00000C6A
00000BE6
00000001
00000001
00001851
00000C6B
00000BE6
00000001
00000000
00001852
00000C6B
00000BE7
00000001
00000001
00001853
00000C6C
00000BE7
00000001
00000000
00001854
00000C6C
00000BE8
00000001
00000000
00001855
00000C6C
00000BE9
00000001
00000000
00001856
00000C6C
00000BEA
00000001
00000001
00001857
00000C6D
00000BEA
00000001
00000001
00001858
00000C6E
00000BEA
00000001
00000001
00001859
00000C6F
00000BEA
00000001
00000000
0000185A
00000C6F
00000BEB
00000001
00000001
0000185B
00000C70
00000BEB
00000001
00000000
0000185C
00000C70
00000BEC
00000001
00000001
0000185D
00000C71
00000BEC
00000001
00000001
0000185E
00000C72
00000BEC
00000001
00000000
0000185F
00000C72
00000BED
00000001
00000000
00001860
00000C72
00000BEE
00000001
00000000
00001861
00000C72
00000BEF
00000000
00000000
00001862
00000C72
00000BF0
00000001
00000001
00001863
00000C73
00000BF0
00000001
00000000
00001864
00000C73
00000BF1
00000001
00000000
00001865
00000C73
00000BF2
00000000
00000001
00001866
00000C74
00000BF2
00000000
00000001
00001867
00000C75
00000BF2
00000000
00000001
00001868
00000C76
00000BF2
00000000
00000000
00001869
00000C76
00000BF3
00000000
00000000
0000186A
00000C76
00000BF4
00000000
00000001
0000186B
00000C77
00000BF4
00000000
00000001
0000186C
00000C78
00000BF4
00000000
00000000
0000186D
00000C78
00000BF5
00000000
00000000
0000186E
00000C78
00000BF6
00000000
00000000
0000186F
00000C78
00000BF7
00000001
00000000
00001870
00000C78
00000BF8
00000000
00000001
00001871
00000C79
00000BF8
00000000
00000000
00001872
00000C79
00000BF9
00000000
00000001
00001873
00000C7A
00000BF9
00000000
00000000
00001874
00000C7A
00000BFA
00000000
00000001
00001875
00000C7B
00000BFA
00000000
00000000
00001876
00000C7B
00000BFB
00000001
00000001
00001877
00000C7C
00000BFB
00000001
00000000
00001878
00000C7C
00000BFC
00000000
00000001
00001879
00000C7D
00000BFC
00000000
00000000
0000187A
00000C7D
00000BFD
00000001
00000001
0000187B
00000C7E
00000BFD
00000001
00000001
0000187C
00000C7F
00000BFD
00000001
00000001
0000187D
00000C80
00000BFD
00000001
00000001
0000187E
00000C81
00000BFD
00000001
00000000
0000187F
00000C81
00000BFE
00000001
00000001
00001880
00000C82
00000BFE
00000001
00000000
00001881
00000C82
00000BFF
00000001
00000000
00001882
00000C82
00000C00
00000001
00000000
00001883
00000C82
00000C01
00000000
00000000
00001884
00000C82
00000C02
00000001
00000001
00001885
00000C83
00000C02
00000001
00000000
00001886
00000C83
00000C03
00000001
00000000
00001887
00000C83
00000C04
00000000
00000000
00001888
00000C83
00000C05
00000001
00000001
00001889
00000C84
00000C05
00000001
00000000
0000188A
00000C84
00000C06
00000001
00000001
0000188B
00000C85
00000C06
00000001
00000001
0000188C
00000C86
00000C06
00000001
00000000
0000188D
00000C86
00000C07
00000001
00000001
0000188E
00000C87
00000C07
00000001
00000001
0000188F
00000C88
00000C07
00000001
00000000
00001890
00000C88
00000C08
00000001
00000001
00001891
00000C89
00000C08
00000001
00000000
00001892
00000C89
00000C09
00000001
00000001
00001893
00000C8A
00000C09
00000001
00000001
00001894
00000C8B
00000C09
00000001
00000001
00001895
00000C8C
00000C09
00000001
00000000
00001896
00000C8C
00000C0A
00000001
00000001
00001897
00000C8D
00000C0A
00000001
00000000
00001898
00000C8D
00000C0B
00000001
00000000
00001899
00000C8D
00000C0C
00000001
00000000
0000189A
00000C8D
00000C0D
00000000
00000000
0000189B
00000C8D
00000C0E
00000001
00000001
0000189C
00000C8E
00000C0E
00000001
00000000
0000189D
00000C8E
00000C0F
00000001
00000001
0000189E
00000C8F
00000C0F
00000001
00000001
0000189F
00000C90
00000C0F
00000001
00000001
000018A0
00000C91
00000C0F
00000001
00000000
000018A1
00000C91
00000C10
00000001
00000001
000018A2
00000C92
00000C10
00000001
00000001
000018A3
00000C93
00000C10
00000001
00000001
000018A4
00000C94
00000C10
00000001
00000001
000018A5
00000C95
00000C10
00000001
00000000
000018A6
00000C95
00000C11
00000001
00000000
000018A7
00000C95
00000C12
00000001
00000001
000018A8
00000C96
00000C12
00000001
00000000
000018A9
00000C96
00000C13
00000001
00000000
000018AA
00000C96
00000C14
00000001
00000001
000018AB
00000C97
00000C14
00000001
00000000
000018AC
00000C97
00000C15
00000001
00000001
000018AD
00000C98
00000C15
00000001
00000001
000018AE
00000C99
00000C15
00000001
00000001
000018AF
00000C9A
00000C15
00000001
00000001
000018B0
00000C9B
00000C15
00000001
00000001
000018B1
00000C9C
00000C15
00000001
00000000
000018B2
00000C9C
00000C16
00000001
00000001
000018B3
00000C9D
00000C16
00000001
00000001
000018B4
00000C9E
00000C16
00000001
00000000
000018B5
00000C9E
00000C17
00000001
00000000
000018B6
00000C9E
00000C18
00000001
00000001
000018B7
00000C9F
00000C18
00000001
00000001
000018B8
00000CA0
00000C18
00000001
00000001
000018B9
00000CA1
00000C18
00000001
00000001
000018BA
00000CA2
00000C18
00000001
00000001
000018BB
00000CA3
00000C18
00000001
00000000
000018BC
00000CA3
00000C19
00000001
00000001
000018BD
00000CA4
00000C19
00000001
00000001
000018BE
00000CA5
00000C19
00000001
00000000
000018BF
00000CA5
00000C1A
00000001
00000001
000018C0
00000CA6
00000C1A
00000001
00000001
000018C1
00000CA7
00000C1A
00000001
00000000
000018C2
00000CA7
00000C1B
00000001
00000000
000018C3
00000CA7
00000C1C
00000001
00000001
000018C4
00000CA8
00000C1C
00000001
00000000
000018C5
00000CA8
00000C1D
00000001
00000000
000018C6
00000CA8
00000C1E
00000001
00000000
000018C7
00000CA8
00000C1F
00000000
00000001
000018C8
00000CA9
00000C1F
00000000
00000001
000018C9
00000CAA
00000C1F
00000000
00000000
000018CA
00000CAA
00000C20
00000000
00000000
000018CB
00000CAA
00000C21
00000001
00000001
000018CC
00000CAB
00000C21
00000001
00000000
000018CD
00000CAB
00000C22
00000001
00000001
000018CE
00000CAC
00000C22
00000001
00000001
000018CF
00000CAD
00000C22
00000001
00000000
000018D0
00000CAD
00000C23
00000001
00000001
000018D1
00000CAE
00000C23
00000001
00000000
000018D2
00000CAE
00000C24
00000001
00000001
000018D3
00000CAF
00000C24
00000001
00000001
000018D4
00000CB0
00000C24
00000001
00000000
000018D5
00000CB0
00000C25
00000001
00000001
000018D6
00000CB1
00000C25
00000001
00000001
000018D7
00000CB2
00000C25
00000001
00000001
000018D8
00000CB3
00000C25
00000001
00000001
000018D9
00000CB4
00000C25
00000001
00000001
000018DA
00000CB5
00000C25
00000001
00000001
000018DB
00000CB6
00000C25
00000001
00000000
000018DC
00000CB6
00000C26
00000001
00000001
000018DD
00000CB7
00000C26
00000001
00000000
000018DE
00000CB7
00000C27
00000001
00000000
000018DF
00000CB7
00000C28
00000001
00000000
000018E0
00000CB7
00000C29
00000001
00000001
000018E1
00000CB8
00000C29
00000001
00000000
000018E2
00000CB8
00000C2A
00000001
00000000
000018E3
00000CB8
00000C2B
00000000
00000001
000018E4
00000CB9
00000C2B
00000000
00000000
000018E5
00000CB9
00000C2C
00000000
00000000
000018E6
00000CB9
00000C2D
00000001
00000000
000018E7
00000CB9
00000C2E
00000000
00000000
000018E8
00000CB9
00000C2F
00000001
00000001
000018E9
00000CBA
00000C2F
00000001
00000001
000018EA
00000CBB
00000C2F
00000001
00000001
000018EB
00000CBC
00000C2F
00000001
00000000
000018EC
00000CBC
00000C30
00000001
00000001
000018ED
00000CBD
00000C30
00000001
00000001
000018EE
00000CBE
00000C30
00000001
00000001
000018EF
00000CBF
00000C30
00000001
00000001
000018F0
00000CC0
00000C30
00000001
00000001
000018F1
00000CC1
00000C30
00000001
00000001
000018F2
00000CC2
00000C30
00000001
00000001
000018F3
00000CC3
00000C30
00000001
00000001
000018F4
00000CC4
00000C30
00000001
00000000
000018F5
00000CC4
00000C31
00000001
00000000
000018F6
00000CC4
00000C32
00000001
00000001
000018F7
00000CC5
00000C32
00000001
00000000
000018F8
00000CC5
00000C33
00000001
00000000
000018F9
00000CC5
00000C34
00000001
00000000
000018FA
00000CC5
00000C35
00000001
00000000
000018FB
00000CC5
00000C36
00000001
00000001
000018FC
00000CC6
00000C36
00000001
00000000
000018FD
00000CC6
00000C37
00000001
00000001
000018FE
00000CC7
00000C37
00000001
00000000
000018FF
00000CC7
00000C38
00000000
00000001
00001900
00000CC8
00000C38
00000000
00000000
00001901
00000CC8
00000C39
00000001
00000000
00001902
00000CC8
00000C3A
00000000
00000001
00001903
00000CC9
00000C3A
00000000
00000001
00001904
00000CCA
00000C3A
00000000
00000001
00001905
00000CCB
00000C3A
00000000
00000000
00001906
00000CCB
00000C3B
00000000
00000000
00001907
00000CCB
00000C3C
00000000
00000001
00001908
00000CCC
00000C3C
00000000
00000001
00001909
00000CCD
00000C3C
00000000
00000001
0000190A
00000CCE
00000C3C
00000000
00000001
0000190B
00000CCF
00000C3C
00000000
00000000
0000190C
00000CCF
00000C3D
00000000
00000001
0000190D
00000CD0
00000C3D
00000000
00000000
0000190E
00000CD0
00000C3E
00000000
00000001
0000190F
00000CD1
00000C3E
00000000
00000000
00001910
00000CD1
00000C3F
00000000
00000001
00001911
00000CD2
00000C3F
00000000
00000001
00001912
00000CD3
00000C3F
00000000
00000001
00001913
00000CD4
00000C3F
00000000
00000000
00001914
00000CD4
00000C40
00000000
00000001
00001915
00000CD5
00000C40
00000000
00000000
00001916
00000CD5
00000C41
00000000
00000000
00001917
00000CD5
00000C42
00000000
00000000
00001918
00000CD5
00000C43
00000000
00000001
00001919
00000CD6
00000C43
00000000
00000001
0000191A
00000CD7
00000C43
00000000
00000001
0000191B
00000CD8
00000C43
00000000
00000000
0000191C
00000CD8
00000C44
00000000
00000001
0000191D
00000CD9
00000C44
00000000
00000001
0000191E
00000CDA
00000C44
00000000
00000001
0000191F
00000CDB
00000C44
00000000
00000001
00001920
00000CDC
00000C44
00000000
00000000
00001921
00000CDC
00000C45
00000000
00000000
00001922
00000CDC
00000C46
00000000
00000000
00001923
00000CDC
00000C47
00000000
00000001
00001924
00000CDD
00000C47
00000000
00000000
00001925
00000CDD
00000C48
00000000
00000000
00001926
00000CDD
00000C49
00000001
00000000
00001927
00000CDD
00000C4A
00000000
00000001
00001928
00000CDE
00000C4A
00000000
00000000
00001929
00000CDE
00000C4B
00000000
00000001
0000192A
00000CDF
00000C4B
00000000
00000001
0000192B
00000CE0
00000C4B
00000000
00000001
0000192C
00000CE1
00000C4B
00000000
00000001
0000192D
00000CE2
00000C4B
00000000
00000000
0000192E
00000CE2
00000C4C
00000000
00000000
0000192F
00000CE2
00000C4D
00000000
00000000
00001930
00000CE2
00000C4E
00000000
00000000
00001931
00000CE2
00000C4F
00000001
00000001
00001932
00000CE3
00000C4F
00000001
00000001
00001933
00000CE4
00000C4F
00000001
00000000
00001934
00000CE4
00000C50
00000001
00000001
00001935
00000CE5
00000C50
00000001
00000000
00001936
00000CE5
00000C51
00000001
00000000
00001937
00000CE5
00000C52
00000000
00000001
00001938
00000CE6
00000C52
00000000
00000000
00001939
00000CE6
00000C53
00000000
00000000
0000193A
00000CE6
00000C54
00000001
00000000
0000193B
00000CE6
00000C55
00000000
00000001
0000193C
00000CE7
00000C55
00000000
00000000
0000193D
00000CE7
00000C56
00000000
00000001
0000193E
00000CE8
00000C56
00000000
00000000
0000193F
00000CE8
00000C57
00000001
00000000
00001940
00000CE8
00000C58
00000000
00000001
00001941
00000CE9
00000C58
00000000
00000001
00001942
00000CEA
00000C58
00000000
00000001
00001943
00000CEB
00000C58
00000000
00000000
00001944
00000CEB
00000C59
00000000
00000000
00001945
00000CEB
00000C5A
00000000
00000000
00001946
00000CEB
00000C5B
00000001
00000000
00001947
00000CEB
00000C5C
00000000
00000000
00001948
00000CEB
00000C5D
00000001
00000001
00001949
00000CEC
00000C5D
00000001
00000000
0000194A
00000CEC
00000C5E
00000001
00000001
0000194B
00000CED
00000C5E
00000001
00000001
0000194C
00000CEE
00000C5E
00000001
00000000
0000194D
00000CEE
00000C5F
00000001
00000000
0000194E
00000CEE
00000C60
00000000
00000001
0000194F
00000CEF
00000C60
00000000
00000001
00001950
00000CF0
00000C60
00000000
00000000
00001951
00000CF0
00000C61
00000000
00000000
00001952
00000CF0
00000C62
00000001
00000000
00001953
00000CF0
00000C63
00000000
00000000
00001954
00000CF0
00000C64
00000001
00000001
00001955
00000CF1
00000C64
00000001
00000000
00001956
00000CF1
00000C65
00000001
00000001
00001957
00000CF2
00000C65
00000001
00000000
00001958
00000CF2
00000C66
00000000
00000001
00001959
00000CF3
00000C66
00000000
00000001
0000195A
00000CF4
00000C66
00000000
00000001
0000195B
00000CF5
00000C66
00000000
00000001
0000195C
00000CF6
00000C66
00000000
00000001
0000195D
00000CF7
00000C66
00000000
00000000
0000195E
00000CF7
00000C67
00000000
00000000
0000195F
00000CF7
00000C68
00000000
00000000
00001960
00000CF7
00000C69
00000000
00000000
00001961
00000CF7
00000C6A
00000001
00000001
00001962
00000CF8
00000C6A
00000001
00000000
00001963
00000CF8
00000C6B
00000001
00000001
00001964
00000CF9
00000C6B
00000001
00000000
00001965
00000CF9
00000C6C
00000001
00000000
00001966
00000CF9
00000C6D
00000000
00000001
00001967
00000CFA
00000C6D
00000000
00000000
00001968
00000CFA
00000C6E
00000000
00000000
00001969
00000CFA
00000C6F
00000001
00000001
0000196A
00000CFB
00000C6F
00000001
00000000
0000196B
00000CFB
00000C70
00000001
00000001
0000196C
00000CFC
00000C70
00000001
00000001
0000196D
00000CFD
00000C70
00000001
00000000
0000196E
00000CFD
00000C71
00000001
00000001
0000196F
00000CFE
00000C71
00000001
00000001
00001970
00000CFF
00000C71
00000001
00000000
00001971
00000CFF
00000C72
00000001
00000000
00001972
00000CFF
00000C73
00000001
00000001
00001973
00000D00
00000C73
00000001
00000001
00001974
00000D01
00000C73
00000001
00000001
00001975
00000D02
00000C73
00000001
00000000
00001976
00000D02
00000C74
00000001
00000000
00001977
00000D02
00000C75
00000001
00000000
00001978
00000D02
00000C76
00000000
00000000
00001979
00000D02
00000C77
00000001
00000000
0000197A
00000D02
00000C78
00000000
00000001
0000197B
00000D03
00000C78
00000000
00000001
0000197C
00000D04
00000C78
00000000
00000000
0000197D
00000D04
00000C79
00000000
00000001
0000197E
00000D05
00000C79
00000000
00000001
0000197F
00000D06
00000C79
00000000
00000000
00001980
00000D06
00000C7A
00000000
00000001
00001981
00000D07
00000C7A
00000000
00000000
00001982
00000D07
00000C7B
00000000
00000000
00001983
00000D07
00000C7C
00000000
00000001
00001984
00000D08
00000C7C
00000000
00000000
00001985
00000D08
00000C7D
00000000
00000000
00001986
00000D08
00000C7E
00000001
00000000
00001987
00000D08
00000C7F
00000000
00000000
00001988
00000D08
00000C80
00000001
00000000
00001989
00000D08
00000C81
00000000
00000001
0000198A
00000D09
00000C81
00000000
00000001
0000198B
00000D0A
00000C81
00000000
00000001
0000198C
00000D0B
00000C81
00000000
00000001
0000198D
00000D0C
00000C81
00000000
00000001
0000198E
00000D0D
00000C81
00000000
00000000
0000198F
00000D0D
00000C82
00000000
00000000
00001990
00000D0D
00000C83
00000000
00000000
00001991
00000D0D
00000C84
00000000
00000001
00001992
00000D0E
00000C84
00000000
00000001
00001993
00000D0F
00000C84
00000000
00000001
00001994
00000D10
00000C84
00000000
00000000
00001995
00000D10
00000C85
00000000
00000000
00001996
00000D10
00000C86
00000000
00000000
00001997
00000D10
00000C87
00000001
00000001
00001998
00000D11
00000C87
00000001
00000001
00001999
00000D12
00000C87
00000001
00000000
0000199A
00000D12
00000C88
00000001
00000000
0000199B
00000D12
00000C89
00000000
00000000
0000199C
00000D12
00000C8A
00000001
00000000
0000199D
00000D12
00000C8B
00000000
00000001
0000199E
00000D13
00000C8B
00000000
00000000
0000199F
00000D13
00000C8C
00000000
00000001
000019A0
00000D14
00000C8C
00000000
00000000
000019A1
00000D14
00000C8D
00000000
00000001
000019A2
00000D15
00000C8D
00000000
00000000
000019A3
00000D15
00000C8E
00000001
00000000
000019A4
00000D15
00000C8F
00000000
00000001
000019A5
00000D16
00000C8F
00000000
00000001
000019A6
00000D17
00000C8F
00000000
00000000
000019A7
00000D17
00000C90
00000000
00000000
000019A8
00000D17
00000C91
00000000
00000001
000019A9
00000D18
00000C91
00000000
00000001
000019AA
00000D19
00000C91
00000000
00000000
000019AB
00000D19
00000C92
00000000
00000000
000019AC
00000D19
00000C93
00000001
00000001
000019AD
00000D1A
00000C93
00000001
00000000
000019AE
00000D1A
00000C94
00000000
00000001
000019AF
00000D1B
00000C94
00000000
00000001
000019B0
00000D1C
00000C94
00000000
00000001
000019B1
00000D1D
00000C94
00000000
00000000
000019B2
00000D1D
00000C95
00000000
00000000
000019B3
00000D1D
00000C96
00000000
00000001
000019B4
00000D1E
00000C96
00000000
00000001
000019B5
00000D1F
00000C96
00000000
00000000
000019B6
00000D1F
00000C97
00000000
00000000
000019B7
00000D1F
00000C98
00000001
00000001
000019B8
00000D20
00000C98
00000001
00000001
000019B9
00000D21
00000C98
00000001
00000001
000019BA
00000D22
00000C98
00000001
00000001
000019BB
00000D23
00000C98
00000001
00000000
000019BC
00000D23
00000C99
00000001
00000001
000019BD
00000D24
00000C99
00000001
00000000
000019BE
00000D24
00000C9A
00000001
00000001
000019BF
00000D25
00000C9A
00000001
00000000
000019C0
00000D25
00000C9B
00000001
00000001
000019C1
00000D26
00000C9B
00000001
00000001
000019C2
00000D27
00000C9B
00000001
00000001
000019C3
00000D28
00000C9B
00000001
00000001
000019C4
00000D29
00000C9B
00000001
00000001
000019C5
00000D2A
00000C9B
00000001
00000001
000019C6
00000D2B
00000C9B
00000001
00000000
000019C7
00000D2B
00000C9C
00000001
00000001
000019C8
00000D2C
00000C9C
00000001
00000000
000019C9
00000D2C
00000C9D
00000001
00000000
000019CA
00000D2C
00000C9E
00000001
00000000
000019CB
00000D2C
00000C9F
00000001
00000000
000019CC
00000D2C
00000CA0
00000000
00000000
000019CD
00000D2C
00000CA1
00000001
00000001
000019CE
00000D2D
00000CA1
00000001
00000001
000019CF
00000D2E
00000CA1
00000001
00000001
000019D0
00000D2F
00000CA1
00000001
00000001
000019D1
00000D30
00000CA1
00000001
00000001
000019D2
00000D31
00000CA1
00000001
00000000
000019D3
00000D31
00000CA2
00000001
00000000
000019D4
00000D31
00000CA3
00000001
00000000
000019D5
00000D31
00000CA4
00000001
00000001
000019D6
00000D32
00000CA4
00000001
00000001
000019D7
00000D33
00000CA4
00000001
00000000
000019D8
00000D33
00000CA5
00000001
00000001
000019D9
00000D34
00000CA5
00000001
00000000
000019DA
00000D34
00000CA6
00000001
00000000
000019DB
00000D34
00000CA7
00000000
00000001
000019DC
00000D35
00000CA7
00000000
00000000
000019DD
00000D35
00000CA8
00000001
00000001
000019DE
00000D36
00000CA8
00000001
00000001
000019DF
00000D37
00000CA8
00000001
00000000
000019E0
00000D37
00000CA9
00000001
00000000
000019E1
00000D37
00000CAA
00000000
00000001
000019E2
00000D38
00000CAA
00000000
00000001
000019E3
00000D39
00000CAA
00000000
00000000
000019E4
00000D39
00000CAB
00000000
00000000
000019E5
00000D39
00000CAC
00000001
00000000
000019E6
00000D39
00000CAD
00000000
00000000
000019E7
00000D39
00000CAE
00000001
00000000
000019E8
00000D39
00000CAF
00000000
00000001
000019E9
00000D3A
00000CAF
00000000
00000001
000019EA
00000D3B
00000CAF
00000000
00000001
000019EB
00000D3C
00000CAF
00000000
00000000
000019EC
00000D3C
00000CB0
00000000
00000000
000019ED
00000D3C
00000CB1
00000000
00000001
000019EE
00000D3D
00000CB1
00000000
00000000
000019EF
00000D3D
00000CB2
00000000
00000001
000019F0
00000D3E
00000CB2
00000000
00000000
000019F1
00000D3E
00000CB3
00000000
00000001
000019F2
00000D3F
00000CB3
00000000
00000000
000019F3
00000D3F
00000CB4
00000000
00000000
000019F4
00000D3F
00000CB5
00000001
00000000
000019F5
00000D3F
00000CB6
00000000
00000001
000019F6
00000D40
00000CB6
00000000
00000001
000019F7
00000D41
00000CB6
00000000
00000000
000019F8
00000D41
00000CB7
00000000
00000001
000019F9
00000D42
00000CB7
00000000
00000000
000019FA
00000D42
00000CB8
00000000
00000000
000019FB
00000D42
00000CB9
00000001
00000001
000019FC
00000D43
00000CB9
00000001
00000000
000019FD
00000D43
00000CBA
00000001
00000001
000019FE
00000D44
00000CBA
00000001
00000000
000019FF
00000D44
00000CBB
00000001
00000000
00001A00
00000D44
00000CBC
00000000
00000001
00001A01
00000D45
00000CBC
00000000
00000000
00001A02
00000D45
00000CBD
00000000
00000000
00001A03
00000D45
00000CBE
00000001
00000001
00001A04
00000D46
00000CBE
00000001
00000001
00001A05
00000D47
00000CBE
00000001
00000000
00001A06
00000D47
00000CBF
00000001
00000000
00001A07
00000D47
00000CC0
00000000
00000001
00001A08
00000D48
00000CC0
00000000
00000001
00001A09
00000D49
00000CC0
00000000
00000000
00001A0A
00000D49
00000CC1
00000000
00000000
00001A0B
00000D49
00000CC2
00000001
00000001
00001A0C
00000D4A
00000CC2
00000001
00000000
00001A0D
00000D4A
00000CC3
00000001
00000001
00001A0E
00000D4B
00000CC3
00000001
00000000
00001A0F
00000D4B
00000CC4
00000000
00000000
00001A10
00000D4B
00000CC5
00000001
00000000
00001A11
00000D4B
00000CC6
00000000
00000001
00001A12
00000D4C
00000CC6
00000000
00000000
00001A13
00000D4C
00000CC7
00000000
00000000
00001A14
00000D4C
00000CC8
00000001
00000000
00001A15
00000D4C
00000CC9
00000000
00000000
00001A16
00000D4C
00000CCA
00000001
00000001
00001A17
00000D4D
00000CCA
00000001
00000001
00001A18
00000D4E
00000CCA
00000001
00000000
00001A19
00000D4E
00000CCB
00000001
00000000
00001A1A
00000D4E
00000CCC
00000001
00000001
00001A1B
00000D4F
00000CCC
00000001
00000001
00001A1C
00000D50
00000CCC
00000001
00000001
00001A1D
00000D51
00000CCC
00000001
00000001
00001A1E
00000D52
00000CCC
00000001
00000001
00001A1F
00000D53
00000CCC
00000001
00000001
00001A20
00000D54
00000CCC
00000001
00000001
00001A21
00000D55
00000CCC
00000001
00000001
00001A22
00000D56
00000CCC
00000001
00000001
00001A23
00000D57
00000CCC
00000001
00000000
00001A24
00000D57
00000CCD
00000001
00000001
00001A25
00000D58
00000CCD
00000001
00000001
00001A26
00000D59
00000CCD
00000001
00000000
00001A27
00000D59
00000CCE
00000001
00000001
00001A28
00000D5A
00000CCE
00000001
00000001
00001A29
00000D5B
00000CCE
00000001
00000000
00001A2A
00000D5B
00000CCF
00000001
00000001
00001A2B
00000D5C
00000CCF
00000001
00000000
00001A2C
00000D5C
00000CD0
00000001
00000001
00001A2D
00000D5D
00000CD0
00000001
00000001
00001A2E
00000D5E
00000CD0
00000001
00000001
00001A2F
00000D5F
00000CD0
00000001
00000000
00001A30
00000D5F
00000CD1
00000001
00000000
00001A31
00000D5F
00000CD2
00000001
00000001
00001A32
00000D60
00000CD2
00000001
00000001
00001A33
00000D61
00000CD2
00000001
00000001
00001A34
00000D62
00000CD2
00000001
00000000
00001A35
00000D62
00000CD3
00000001
00000000
00001A36
00000D62
00000CD4
00000001
00000001
00001A37
00000D63
00000CD4
00000001
00000000
00001A38
00000D63
00000CD5
00000001
00000000
00001A39
00000D63
00000CD6
00000001
00000001
00001A3A
00000D64
00000CD6
00000001
00000000
00001A3B
00000D64
00000CD7
00000001
00000001
00001A3C
00000D65
00000CD7
00000001
00000000
00001A3D
00000D65
00000CD8
00000001
00000000
00001A3E
00000D65
00000CD9
00000000
00000000
00001A3F
00000D65
00000CDA
00000001
00000001
00001A40
00000D66
00000CDA
00000001
00000000
00001A41
00000D66
00000CDB
00000001
00000001
00001A42
00000D67
00000CDB
00000001
00000001
00001A43
00000D68
00000CDB
00000001
00000000
00001A44
00000D68
00000CDC
00000001
00000000
00001A45
00000D68
00000CDD
00000000
00000001
00001A46
00000D69
00000CDD
00000000
00000000
00001A47
00000D69
00000CDE
00000000
00000001
00001A48
00000D6A
00000CDE
00000000
00000001
00001A49
00000D6B
00000CDE
00000000
00000001
00001A4A
00000D6C
00000CDE
00000000
00000001
00001A4B
00000D6D
00000CDE
00000000
00000001
00001A4C
00000D6E
00000CDE
00000000
00000000
00001A4D
00000D6E
00000CDF
00000000
00000001
00001A4E
00000D6F
00000CDF
00000000
00000001
00001A4F
00000D70
00000CDF
00000000
00000001
00001A50
00000D71
00000CDF
00000000
00000000
00001A51
00000D71
00000CE0
00000000
00000001
00001A52
00000D72
00000CE0
00000000
00000001
00001A53
00000D73
00000CE0
00000000
00000000
00001A54
00000D73
00000CE1
00000000
00000000
00001A55
00000D73
00000CE2
00000000
00000000
00001A56
00000D73
00000CE3
00000000
00000000
00001A57
00000D73
00000CE4
00000000
00000000
00001A58
00000D73
00000CE5
00000001
00000001
00001A59
00000D74
00000CE5
00000001
00000000
00001A5A
00000D74
00000CE6
00000001
00000000
00001A5B
00000D74
00000CE7
00000000
00000001
00001A5C
00000D75
00000CE7
00000000
00000000
00001A5D
00000D75
00000CE8
00000000
00000001
00001A5E
00000D76
00000CE8
00000000
00000001
00001A5F
00000D77
00000CE8
00000000
00000000
00001A60
00000D77
00000CE9
00000000
00000000
00001A61
00000D77
00000CEA
00000001
00000000
00001A62
00000D77
00000CEB
00000000
00000000
00001A63
00000D77
00000CEC
00000001
00000001
00001A64
00000D78
00000CEC
00000001
00000001
00001A65
00000D79
00000CEC
00000001
00000001
00001A66
00000D7A
00000CEC
00000001
00000000
00001A67
00000D7A
00000CED
00000001
00000000
00001A68
00000D7A
00000CEE
00000001
00000000
00001A69
00000D7A
00000CEF
00000000
00000001
00001A6A
00000D7B
00000CEF
00000000
00000000
00001A6B
00000D7B
00000CF0
00000000
00000000
00001A6C
00000D7B
00000CF1
00000001
00000001
00001A6D
00000D7C
00000CF1
00000001
00000000
00001A6E
00000D7C
00000CF2
00000001
00000001
00001A6F
00000D7D
00000CF2
00000001
00000001
00001A70
00000D7E
00000CF2
00000001
00000001
00001A71
00000D7F
00000CF2
00000001
00000000
00001A72
00000D7F
00000CF3
00000001
00000000
00001A73
00000D7F
00000CF4
00000001
00000000
00001A74
00000D7F
00000CF5
00000000
00000000
00001A75
00000D7F
00000CF6
00000001
00000001
00001A76
00000D80
00000CF6
00000001
00000001
00001A77
00000D81
00000CF6
00000001
00000001
00001A78
00000D82
00000CF6
00000001
00000000
00001A79
00000D82
00000CF7
00000001
00000000
00001A7A
00000D82
00000CF8
00000001
00000001
00001A7B
00000D83
00000CF8
00000001
00000000
00001A7C
00000D83
00000CF9
00000001
00000001
00001A7D
00000D84
00000CF9
00000001
00000001
00001A7E
00000D85
00000CF9
00000001
00000001
00001A7F
00000D86
00000CF9
00000001
00000000
00001A80
00000D86
00000CFA
00000001
00000000
00001A81
00000D86
00000CFB
00000001
00000000
00001A82
00000D86
00000CFC
00000000
00000000
00001A83
00000D86
00000CFD
00000001
00000001
00001A84
00000D87
00000CFD
00000001
00000000
00001A85
00000D87
00000CFE
00000001
00000000
00001A86
00000D87
00000CFF
00000000
00000001
00001A87
00000D88
00000CFF
00000000
00000001
00001A88
00000D89
00000CFF
00000000
00000001
00001A89
00000D8A
00000CFF
00000000
00000001
00001A8A
00000D8B
00000CFF
00000000
00000000
00001A8B
00000D8B
00000D00
00000000
00000001
00001A8C
00000D8C
00000D00
00000000
00000000
00001A8D
00000D8C
00000D01
00000000
00000000
00001A8E
00000D8C
00000D02
00000000
00000000
00001A8F
00000D8C
00000D03
00000001
00000000
00001A90
00000D8C
00000D04
00000000
00000000
00001A91
00000D8C
00000D05
00000001
00000000
00001A92
00000D8C
00000D06
00000000
00000000
00001A93
00000D8C
00000D07
00000001
00000001
00001A94
00000D8D
00000D07
00000001
00000000
00001A95
00000D8D
00000D08
00000001
00000001
00001A96
00000D8E
00000D08
00000001
00000000
00001A97
00000D8E
00000D09
00000000
00000001
00001A98
00000D8F
00000D09
00000000
00000001
00001A99
00000D90
00000D09
00000000
00000000
00001A9A
00000D90
00000D0A
00000000
00000001
00001A9B
00000D91
00000D0A
00000000
00000000
00001A9C
00000D91
00000D0B
00000000
00000000
00001A9D
00000D91
00000D0C
00000001
00000000
00001A9E
00000D91
00000D0D
00000000
00000001
00001A9F
00000D92
00000D0D
00000000
00000000
00001AA0
00000D92
00000D0E
00000000
00000000
00001AA1
00000D92
00000D0F
00000001
00000000
00001AA2
00000D92
00000D10
00000000
00000001
00001AA3
00000D93
00000D10
00000000
00000000
00001AA4
00000D93
00000D11
00000000
00000001
00001AA5
00000D94
00000D11
00000000
00000000
00001AA6
00000D94
00000D12
00000000
00000000
00001AA7
00000D94
00000D13
00000001
00000001
00001AA8
00000D95
00000D13
00000001
00000000
00001AA9
00000D95
00000D14
00000001
00000001
00001AAA
00000D96
00000D14
00000001
00000000
00001AAB
00000D96
00000D15
00000001
00000001
00001AAC
00000D97
00000D15
00000001
00000000
00001AAD
00000D97
00000D16
00000001
00000000
00001AAE
00000D97
00000D17
00000000
00000001
00001AAF
00000D98
00000D17
00000000
00000000
00001AB0
00000D98
00000D18
00000000
00000001
00001AB1
00000D99
00000D18
00000000
00000000
00001AB2
00000D99
00000D19
00000000
00000001
00001AB3
00000D9A
00000D19
00000000
00000001
00001AB4
00000D9B
00000D19
00000000
00000001
00001AB5
00000D9C
00000D19
00000000
00000000
00001AB6
00000D9C
00000D1A
00000000
00000000
00001AB7
00000D9C
00000D1B
00000000
00000000
00001AB8
00000D9C
00000D1C
00000001
00000000
00001AB9
00000D9C
00000D1D
00000000
00000000
00001ABA
00000D9C
00000D1E
00000001
00000001
00001ABB
00000D9D
00000D1E
00000001
00000000
00001ABC
00000D9D
00000D1F
00000001
00000001
00001ABD
00000D9E
00000D1F
00000001
00000000
00001ABE
00000D9E
00000D20
00000001
00000001
00001ABF
00000D9F
00000D20
00000001
00000001
00001AC0
00000DA0
00000D20
00000001
00000001
00001AC1
00000DA1
00000D20
00000001
00000000
00001AC2
00000DA1
00000D21
00000001
00000000
00001AC3
00000DA1
00000D22
00000001
00000001
00001AC4
00000DA2
00000D22
00000001
00000000
00001AC5
00000DA2
00000D23
00000001
00000000
00001AC6
00000DA2
00000D24
00000000
00000000
00001AC7
00000DA2
00000D25
00000001
00000001
00001AC8
00000DA3
00000D25
00000001
00000000
00001AC9
00000DA3
00000D26
00000001
00000000
00001ACA
00000DA3
00000D27
00000000
00000001
00001ACB
00000DA4
00000D27
00000000
00000000
00001ACC
00000DA4
00000D28
00000000
00000000
00001ACD
00000DA4
00000D29
00000001
00000001
00001ACE
00000DA5
00000D29
00000001
00000000
00001ACF
00000DA5
00000D2A
00000001
00000001
00001AD0
00000DA6
00000D2A
00000001
00000001
00001AD1
00000DA7
00000D2A
00000001
00000000
00001AD2
00000DA7
00000D2B
00000001
00000001
00001AD3
00000DA8
00000D2B
00000001
00000000
00001AD4
00000DA8
00000D2C
00000001
00000000
00001AD5
00000DA8
00000D2D
00000000
00000001
00001AD6
00000DA9
00000D2D
00000000
00000001
00001AD7
00000DAA
00000D2D
00000000
00000000
00001AD8
00000DAA
00000D2E
00000000
00000001
00001AD9
00000DAB
00000D2E
00000000
00000001
00001ADA
00000DAC
00000D2E
00000000
00000001
00001ADB
00000DAD
00000D2E
00000000
00000000
00001ADC
00000DAD
00000D2F
00000000
00000001
00001ADD
00000DAE
00000D2F
00000000
00000001
00001ADE
00000DAF
00000D2F
00000000
00000000
00001ADF
00000DAF
00000D30
00000000
00000001
00001AE0
00000DB0
00000D30
00000000
00000001
00001AE1
00000DB1
00000D30
00000000
00000001
00001AE2
00000DB2
00000D30
00000000
00000000
00001AE3
00000DB2
00000D31
00000000
00000000
00001AE4
00000DB2
00000D32
00000000
00000000
00001AE5
00000DB2
00000D33
00000000
00000000
00001AE6
00000DB2
00000D34
00000001
00000001
00001AE7
00000DB3
00000D34
00000001
00000001
00001AE8
00000DB4
00000D34
00000001
00000001
00001AE9
00000DB5
00000D34
00000001
00000000
00001AEA
00000DB5
00000D35
00000001
00000001
00001AEB
00000DB6
00000D35
00000001
00000000
00001AEC
00000DB6
00000D36
00000001
00000000
00001AED
00000DB6
00000D37
00000001
00000000
00001AEE
00000DB6
00000D38
00000000
00000001
00001AEF
00000DB7
00000D38
00000000
00000001
00001AF0
00000DB8
00000D38
00000000
00000001
00001AF1
00000DB9
00000D38
00000000
00000001
00001AF2
00000DBA
00000D38
00000000
00000000
00001AF3
00000DBA
00000D39
00000000
00000000
00001AF4
00000DBA
00000D3A
00000000
00000000
00001AF5
00000DBA
00000D3B
00000000
00000001
00001AF6
00000DBB
00000D3B
00000000
00000000
00001AF7
00000DBB
00000D3C
00000000
00000001
00001AF8
00000DBC
00000D3C
00000000
00000000
00001AF9
00000DBC
00000D3D
00000000
00000001
00001AFA
00000DBD
00000D3D
00000000
00000000
00001AFB
00000DBD
00000D3E
00000000
00000000
00001AFC
00000DBD
00000D3F
00000001
00000000
00001AFD
00000DBD
00000D40
00000000
00000000
00001AFE
00000DBD
00000D41
00000001
00000001
00001AFF
00000DBE
00000D41
00000001
00000001
00001B00
00000DBF
00000D41
00000001
00000000
00001B01
00000DBF
00000D42
00000001
00000000
00001B02
00000DBF
00000D43
00000001
00000000
00001B03
00000DBF
00000D44
00000000
00000000
00001B04
00000DBF
00000D45
00000001
00000000
00001B05
00000DBF
00000D46
00000000
00000000
00001B06
00000DBF
00000D47
00000001
00000001
00001B07
00000DC0
00000D47
00000001
00000001
00001B08
00000DC1
00000D47
00000001
00000000
00001B09
00000DC1
00000D48
00000001
00000001
00001B0A
00000DC2
00000D48
00000001
00000001
00001B0B
00000DC3
00000D48
00000001
00000001
00001B0C
00000DC4
00000D48
00000001
00000000
00001B0D
00000DC4
00000D49
00000001
00000001
00001B0E
00000DC5
00000D49
00000001
00000001
00001B0F
00000DC6
00000D49
00000001
00000000
00001B10
00000DC6
00000D4A
00000001
00000000
00001B11
00000DC6
00000D4B
00000001
00000000
00001B12
00000DC6
00000D4C
00000001
00000001
00001B13
00000DC7
00000D4C
00000001
00000001
00001B14
00000DC8
00000D4C
00000001
00000000
00001B15
00000DC8
00000D4D
00000001
00000000
00001B16
00000DC8
00000D4E
00000000
00000000
00001B17
00000DC8
00000D4F
00000001
00000000
00001B18
00000DC8
00000D50
00000000
00000000
00001B19
00000DC8
00000D51
00000001
00000001
00001B1A
00000DC9
00000D51
00000001
00000001
00001B1B
00000DCA
00000D51
00000001
00000000
00001B1C
00000DCA
00000D52
00000001
00000001
00001B1D
00000DCB
00000D52
00000001
00000000
00001B1E
00000DCB
00000D53
00000001
00000001
00001B1F
00000DCC
00000D53
00000001
00000000
00001B20
00000DCC
00000D54
00000001
00000001
00001B21
00000DCD
00000D54
00000001
00000001
00001B22
00000DCE
00000D54
00000001
00000000
00001B23
00000DCE
00000D55
00000001
00000001
00001B24
00000DCF
00000D55
00000001
00000000
00001B25
00000DCF
00000D56
00000001
00000000
00001B26
00000DCF
00000D57
00000000
00000001
00001B27
00000DD0
00000D57
00000000
00000000
00001B28
00000DD0
00000D58
00000000
00000000
00001B29
00000DD0
00000D59
00000001
00000000
00001B2A
00000DD0
00000D5A
00000000
00000000
00001B2B
00000DD0
00000D5B
00000001
00000001
00001B2C
00000DD1
00000D5B
00000001
00000001
00001B2D
00000DD2
00000D5B
00000001
00000001
00001B2E
00000DD3
00000D5B
00000001
00000001
00001B2F
00000DD4
00000D5B
00000001
00000000
00001B30
00000DD4
00000D5C
00000001
00000000
00001B31
00000DD4
00000D5D
00000001
00000000
00001B32
00000DD4
00000D5E
00000001
00000000
00001B33
00000DD4
00000D5F
00000000
00000001
00001B34
00000DD5
00000D5F
00000000
00000000
00001B35
00000DD5
00000D60
00000000
00000000
00001B36
00000DD5
00000D61
00000001
00000001
00001B37
00000DD6
00000D61
00000001
00000000
00001B38
00000DD6
00000D62
00000001
00000001
00001B39
00000DD7
00000D62
00000001
00000001
00001B3A
00000DD8
00000D62
00000001
00000001
00001B3B
00000DD9
00000D62
00000001
00000001
00001B3C
00000DDA
00000D62
00000001
00000000
00001B3D
00000DDA
00000D63
00000001
00000000
00001B3E
00000DDA
00000D64
00000001
00000001
00001B3F
00000DDB
00000D64
00000001
00000001
00001B40
00000DDC
00000D64
00000001
00000000
00001B41
00000DDC
00000D65
00000001
00000000
00001B42
00000DDC
00000D66
00000001
00000000
00001B43
00000DDC
00000D67
00000000
00000000
00001B44
00000DDC
00000D68
00000001
00000001
00001B45
00000DDD
00000D68
00000001
00000001
00001B46
00000DDE
00000D68
00000001
00000001
00001B47
00000DDF
00000D68
00000001
00000001
00001B48
00000DE0
00000D68
00000001
00000001
00001B49
00000DE1
00000D68
00000001
00000001
00001B4A
00000DE2
00000D68
00000001
00000000
00001B4B
00000DE2
00000D69
00000001
00000001
00001B4C
00000DE3
00000D69
00000001
00000000
00001B4D
00000DE3
00000D6A
00000001
00000000
00001B4E
00000DE3
00000D6B
00000001
00000001
00001B4F
00000DE4
00000D6B
00000001
00000000
00001B50
00000DE4
00000D6C
00000001
00000000
00001B51
00000DE4
00000D6D
00000001
00000001
00001B52
00000DE5
00000D6D
00000001
00000001
00001B53
00000DE6
00000D6D
00000001
00000000
00001B54
00000DE6
00000D6E
00000001
00000001
00001B55
00000DE7
00000D6E
00000001
00000000
00001B56
00000DE7
00000D6F
00000001
00000001
00001B57
00000DE8
00000D6F
00000001
00000000
00001B58
00000DE8
00000D70
00000001
00000001
00001B59
00000DE9
00000D70
00000001
00000001
00001B5A
00000DEA
00000D70
00000001
00000000
00001B5B
00000DEA
00000D71
00000001
00000000
00001B5C
00000DEA
00000D72
00000000
00000001
00001B5D
00000DEB
00000D72
00000000
00000001
00001B5E
00000DEC
00000D72
00000000
00000001
00001B5F
00000DED
00000D72
00000000
00000001
00001B60
00000DEE
00000D72
00000000
00000001
00001B61
00000DEF
00000D72
00000000
00000001
00001B62
00000DF0
00000D72
00000000
00000001
00001B63
00000DF1
00000D72
00000000
00000000
00001B64
00000DF1
00000D73
00000000
00000000
00001B65
00000DF1
00000D74
00000000
00000001
00001B66
00000DF2
00000D74
00000000
00000001
00001B67
00000DF3
00000D74
00000000
00000001
00001B68
00000DF4
00000D74
00000000
00000001
00001B69
00000DF5
00000D74
00000000
00000001
00001B6A
00000DF6
00000D74
00000000
00000001
00001B6B
00000DF7
00000D74
00000000
00000000
00001B6C
00000DF7
00000D75
00000000
00000000
00001B6D
00000DF7
00000D76
00000000
00000000
00001B6E
00000DF7
00000D77
00000000
00000001
00001B6F
00000DF8
00000D77
00000000
00000000
00001B70
00000DF8
00000D78
00000000
00000000
00001B71
00000DF8
00000D79
00000000
00000001
00001B72
00000DF9
00000D79
00000000
00000000
00001B73
00000DF9
00000D7A
00000000
00000000
00001B74
00000DF9
00000D7B
00000001
00000000
00001B75
00000DF9
00000D7C
00000000
00000000
00001B76
00000DF9
00000D7D
00000001
00000000
00001B77
00000DF9
00000D7E
00000000
00000001
00001B78
00000DFA
00000D7E
00000000
00000000
00001B79
00000DFA
00000D7F
00000000
00000001
00001B7A
00000DFB
00000D7F
00000000
00000001
00001B7B
00000DFC
00000D7F
00000000
00000001
00001B7C
00000DFD
00000D7F
00000000
00000001
00001B7D
00000DFE
00000D7F
00000000
00000000
00001B7E
00000DFE
00000D80
00000000
00000000
00001B7F
00000DFE
00000D81
00000000
00000001
00001B80
00000DFF
00000D81
00000000
00000000
00001B81
00000DFF
00000D82
00000000
00000000
00001B82
00000DFF
00000D83
00000001
00000000
00001B83
00000DFF
00000D84
00000000
00000000
00001B84
00000DFF
00000D85
00000001
00000000
00001B85
00000DFF
00000D86
00000000
00000000
00001B86
00000DFF
00000D87
00000001
00000001
00001B87
00000E00
00000D87
00000001
00000001
00001B88
00000E01
00000D87
00000001
00000001
00001B89
00000E02
00000D87
00000001
00000000
00001B8A
00000E02
00000D88
00000001
00000000
00001B8B
00000E02
00000D89
00000001
00000001
00001B8C
00000E03
00000D89
00000001
00000001
00001B8D
00000E04
00000D89
00000001
00000000
00001B8E
00000E04
00000D8A
00000001
00000001
00001B8F
00000E05
00000D8A
00000001
00000001
00001B90
00000E06
00000D8A
00000001
00000000
00001B91
00000E06
00000D8B
00000001
00000000
00001B92
00000E06
00000D8C
00000001
00000001
00001B93
00000E07
00000D8C
00000001
00000000
00001B94
00000E07
00000D8D
00000001
00000001
00001B95
00000E08
00000D8D
00000001
00000001
00001B96
00000E09
00000D8D
00000001
00000001
00001B97
00000E0A
00000D8D
00000001
00000001
00001B98
00000E0B
00000D8D
00000001
00000001
00001B99
00000E0C
00000D8D
00000001
00000000
00001B9A
00000E0C
00000D8E
00000001
00000001
00001B9B
00000E0D
00000D8E
00000001
00000001
00001B9C
00000E0E
00000D8E
00000001
00000001
00001B9D
00000E0F
00000D8E
00000001
00000000
00001B9E
00000E0F
00000D8F
00000001
00000000
00001B9F
00000E0F
00000D90
00000001
00000001
00001BA0
00000E10
00000D90
00000001
00000000
00001BA1
00000E10
00000D91
00000001
00000000
00001BA2
00000E10
00000D92
00000001
00000001
00001BA3
00000E11
00000D92
00000001
00000000
00001BA4
00000E11
00000D93
00000001
00000000
00001BA5
00000E11
00000D94
00000000
00000001
00001BA6
00000E12
00000D94
00000000
00000000
00001BA7
00000E12
00000D95
00000000
00000000
00001BA8
00000E12
00000D96
00000001
00000000
00001BA9
00000E12
00000D97
00000000
00000001
00001BAA
00000E13
00000D97
00000000
00000000
00001BAB
00000E13
00000D98
00000000
00000000
00001BAC
00000E13
00000D99
00000001
00000001
00001BAD
00000E14
00000D99
00000001
00000000
00001BAE
00000E14
00000D9A
00000001
00000001
00001BAF
00000E15
00000D9A
00000001
00000001
00001BB0
00000E16
00000D9A
00000001
00000000
00001BB1
00000E16
00000D9B
00000001
00000001
00001BB2
00000E17
00000D9B
00000001
00000000
00001BB3
00000E17
00000D9C
00000001
00000000
00001BB4
00000E17
00000D9D
00000000
00000000
00001BB5
00000E17
00000D9E
00000001
00000001
00001BB6
00000E18
00000D9E
00000001
00000001
00001BB7
00000E19
00000D9E
00000001
00000001
00001BB8
00000E1A
00000D9E
00000001
00000000
00001BB9
00000E1A
00000D9F
00000001
00000001
00001BBA
00000E1B
00000D9F
00000001
00000001
00001BBB
00000E1C
00000D9F
00000001
00000001
00001BBC
00000E1D
00000D9F
00000001
00000001
00001BBD
00000E1E
00000D9F
00000001
00000000
00001BBE
00000E1E
00000DA0
00000001
00000000
00001BBF
00000E1E
00000DA1
00000001
00000000
00001BC0
00000E1E
00000DA2
00000001
00000000
00001BC1
00000E1E
00000DA3
00000000
00000000
00001BC2
00000E1E
00000DA4
00000001
00000000
00001BC3
00000E1E
00000DA5
00000000
00000001
00001BC4
00000E1F
00000DA5
00000000
00000001
00001BC5
00000E20
00000DA5
00000000
00000001
00001BC6
00000E21
00000DA5
00000000
00000000
00001BC7
00000E21
00000DA6
00000000
00000000
00001BC8
00000E21
00000DA7
00000000
00000001
00001BC9
00000E22
00000DA7
00000000
00000000
00001BCA
00000E22
00000DA8
00000000
00000001
00001BCB
00000E23
00000DA8
00000000
00000001
00001BCC
00000E24
00000DA8
00000000
00000001
00001BCD
00000E25
00000DA8
00000000
00000001
00001BCE
00000E26
00000DA8
00000000
00000000
00001BCF
00000E26
00000DA9
00000000
00000000
00001BD0
00000E26
00000DAA
00000000
00000001
00001BD1
00000E27
00000DAA
00000000
00000000
00001BD2
00000E27
00000DAB
00000000
00000001
00001BD3
00000E28
00000DAB
00000000
00000001
00001BD4
00000E29
00000DAB
00000000
00000000
00001BD5
00000E29
00000DAC
00000000
00000000
00001BD6
00000E29
00000DAD
00000000
00000001
00001BD7
00000E2A
00000DAD
00000000
00000000
00001BD8
00000E2A
00000DAE
00000000
00000001
00001BD9
00000E2B
00000DAE
00000000
00000001
00001BDA
00000E2C
00000DAE
00000000
00000000
00001BDB
00000E2C
00000DAF
00000000
00000000
00001BDC
00000E2C
00000DB0
00000001
00000001
00001BDD
00000E2D
00000DB0
00000001
00000000
00001BDE
00000E2D
00000DB1
00000001
00000000
00001BDF
00000E2D
00000DB2
00000000
00000000
00001BE0
00000E2D
00000DB3
00000001
00000000
00001BE1
00000E2D
00000DB4
00000000
00000000
00001BE2
00000E2D
00000DB5
00000001
00000000
00001BE3
00000E2D
00000DB6
00000000
00000001
00001BE4
00000E2E
00000DB6
00000000
00000000
00001BE5
00000E2E
00000DB7
00000000
00000000
00001BE6
00000E2E
00000DB8
00000001
00000000
00001BE7
00000E2E
00000DB9
00000000
00000001
00001BE8
00000E2F
00000DB9
00000000
00000001
00001BE9
00000E30
00000DB9
00000000
00000000
00001BEA
00000E30
00000DBA
00000000
00000000
00001BEB
00000E30
00000DBB
00000000
00000001
00001BEC
00000E31
00000DBB
00000000
00000000
00001BED
00000E31
00000DBC
00000000
00000001
00001BEE
00000E32
00000DBC
00000000
00000000
00001BEF
00000E32
00000DBD
00000001
00000000
00001BF0
00000E32
00000DBE
00000000
00000001
00001BF1
00000E33
00000DBE
00000000
00000001
00001BF2
00000E34
00000DBE
00000000
00000000
00001BF3
00000E34
00000DBF
00000000
00000000
00001BF4
00000E34
00000DC0
00000000
00000000
00001BF5
00000E34
00000DC1
00000001
00000001
00001BF6
00000E35
00000DC1
00000001
00000000
00001BF7
00000E35
00000DC2
00000001
00000000
00001BF8
00000E35
00000DC3
00000000
00000001
00001BF9
00000E36
00000DC3
00000000
00000000
00001BFA
00000E36
00000DC4
00000000
00000001
00001BFB
00000E37
00000DC4
00000000
00000001
00001BFC
00000E38
00000DC4
00000000
00000001
00001BFD
00000E39
00000DC4
00000000
00000000
00001BFE
00000E39
00000DC5
00000000
00000001
00001BFF
00000E3A
00000DC5
00000000
00000000
00001C00
00000E3A
00000DC6
00000000
00000000
00001C01
00000E3A
00000DC7
00000000
00000001
00001C02
00000E3B
00000DC7
00000000
00000001
00001C03
00000E3C
00000DC7
00000000
00000001
00001C04
00000E3D
00000DC7
00000000
00000001
00001C05
00000E3E
00000DC7
00000000
00000001
00001C06
00000E3F
00000DC7
00000000
00000001
00001C07
00000E40
00000DC7
00000000
00000001
00001C08
00000E41
00000DC7
00000000
00000000
00001C09
00000E41
00000DC8
00000000
00000001
00001C0A
00000E42
00000DC8
00000000
00000000
00001C0B
00000E42
00000DC9
00000000
00000001
00001C0C
00000E43
00000DC9
00000000
00000000
00001C0D
00000E43
00000DCA
00000000
00000001
00001C0E
00000E44
00000DCA
00000000
00000000
00001C0F
00000E44
00000DCB
00000000
00000000
00001C10
00000E44
00000DCC
00000000
00000001
00001C11
00000E45
00000DCC
00000000
00000000
00001C12
00000E45
00000DCD
00000000
00000001
00001C13
00000E46
00000DCD
00000000
00000000
00001C14
00000E46
00000DCE
00000000
00000000
00001C15
00000E46
00000DCF
00000001
00000000
00001C16
00000E46
00000DD0
00000000
00000000
00001C17
00000E46
00000DD1
00000001
00000000
00001C18
00000E46
00000DD2
00000000
00000001
00001C19
00000E47
00000DD2
00000000
00000000
00001C1A
00000E47
00000DD3
00000000
00000001
00001C1B
00000E48
00000DD3
00000000
00000000
00001C1C
00000E48
00000DD4
00000000
00000001
00001C1D
00000E49
00000DD4
00000000
00000000
00001C1E
00000E49
00000DD5
00000000
00000001
00001C1F
00000E4A
00000DD5
00000000
00000000
00001C20
00000E4A
00000DD6
00000000
00000001
00001C21
00000E4B
00000DD6
00000000
00000000
00001C22
00000E4B
00000DD7
00000001
00000000
00001C23
00000E4B
00000DD8
00000000
00000000
00001C24
00000E4B
00000DD9
00000001
00000001
00001C25
00000E4C
00000DD9
00000001
00000000
00001C26
00000E4C
00000DDA
00000000
00000001
00001C27
00000E4D
00000DDA
00000000
00000000
00001C28
00000E4D
00000DDB
00000001
00000001
00001C29
00000E4E
00000DDB
00000001
00000001
00001C2A
00000E4F
00000DDB
00000001
00000001
00001C2B
00000E50
00000DDB
00000001
00000000
00001C2C
00000E50
00000DDC
00000001
00000001
00001C2D
00000E51
00000DDC
00000001
00000000
00001C2E
00000E51
00000DDD
00000001
00000000
00001C2F
00000E51
00000DDE
00000000
00000000
00001C30
00000E51
00000DDF
00000001
00000001
00001C31
00000E52
00000DDF
00000001
00000000
00001C32
00000E52
00000DE0
00000001
00000000
00001C33
00000E52
00000DE1
00000000
00000000
00001C34
00000E52
00000DE2
00000001
00000001
00001C35
00000E53
00000DE2
00000001
00000000
00001C36
00000E53
00000DE3
00000001
00000000
00001C37
00000E53
00000DE4
00000000
00000000
00001C38
00000E53
00000DE5
00000001
00000001
00001C39
00000E54
00000DE5
00000001
00000001
00001C3A
00000E55
00000DE5
00000001
00000000
00001C3B
00000E55
00000DE6
00000001
00000001
00001C3C
00000E56
00000DE6
00000001
00000000
00001C3D
00000E56
00000DE7
00000001
00000000
00001C3E
00000E56
00000DE8
00000000
00000000
00001C3F
00000E56
00000DE9
00000001
00000001
00001C40
00000E57
00000DE9
00000001
00000001
00001C41
00000E58
00000DE9
00000001
00000000
00001C42
00000E58
00000DEA
00000001
00000000
00001C43
00000E58
00000DEB
00000001
00000001
00001C44
00000E59
00000DEB
00000001
00000000
00001C45
00000E59
00000DEC
00000000
00000000
00001C46
00000E59
00000DED
00000001
00000000
00001C47
00000E59
00000DEE
00000000
00000000
00001C48
00000E59
00000DEF
00000001
00000000
00001C49
00000E59
00000DF0
00000000
00000001
00001C4A
00000E5A
00000DF0
00000000
00000001
00001C4B
00000E5B
00000DF0
00000000
00000000
00001C4C
00000E5B
00000DF1
00000000
00000000
00001C4D
00000E5B
00000DF2
00000001
00000000
00001C4E
00000E5B
00000DF3
00000000
00000001
00001C4F
00000E5C
00000DF3
00000000
00000000
00001C50
00000E5C
00000DF4
00000000
00000000
00001C51
00000E5C
00000DF5
00000001
00000001
00001C52
00000E5D
00000DF5
00000001
00000001
00001C53
00000E5E
00000DF5
00000001
00000001
00001C54
00000E5F
00000DF5
00000001
00000000
00001C55
00000E5F
00000DF6
00000001
00000000
00001C56
00000E5F
00000DF7
00000001
00000000
00001C57
00000E5F
00000DF8
00000000
00000000
00001C58
00000E5F
00000DF9
00000001
00000001
00001C59
00000E60
00000DF9
00000001
00000001
00001C5A
00000E61
00000DF9
00000001
00000001
00001C5B
00000E62
00000DF9
00000001
00000000
00001C5C
00000E62
00000DFA
00000001
00000000
00001C5D
00000E62
00000DFB
00000001
00000000
00001C5E
00000E62
00000DFC
00000000
00000000
00001C5F
00000E62
00000DFD
00000001
00000000
00001C60
00000E62
00000DFE
00000000
00000001
00001C61
00000E63
00000DFE
00000000
00000000
00001C62
00000E63
00000DFF
00000000
00000000
00001C63
00000E63
00000E00
00000001
00000001
00001C64
00000E64
00000E00
00000001
00000001
00001C65
00000E65
00000E00
00000001
00000001
00001C66
00000E66
00000E00
00000001
00000000
00001C67
00000E66
00000E01
00000001
00000000
00001C68
00000E66
00000E02
00000001
00000000
00001C69
00000E66
00000E03
00000000
00000001
00001C6A
00000E67
00000E03
00000000
00000000
00001C6B
00000E67
00000E04
00000000
00000001
00001C6C
00000E68
00000E04
00000000
00000000
00001C6D
00000E68
00000E05
00000001
00000000
00001C6E
00000E68
00000E06
00000000
00000000
00001C6F
00000E68
00000E07
00000001
00000000
00001C70
00000E68
00000E08
00000000
00000000
00001C71
00000E68
00000E09
00000001
00000001
00001C72
00000E69
00000E09
00000001
00000001
00001C73
00000E6A
00000E09
00000001
00000001
00001C74
00000E6B
00000E09
00000001
00000001
00001C75
00000E6C
00000E09
00000001
00000000
00001C76
00000E6C
00000E0A
00000001
00000000
00001C77
00000E6C
00000E0B
00000001
00000001
00001C78
00000E6D
00000E0B
00000001
00000001
00001C79
00000E6E
00000E0B
00000001
00000000
00001C7A
00000E6E
00000E0C
00000001
00000000
00001C7B
00000E6E
00000E0D
00000001
00000000
00001C7C
00000E6E
00000E0E
00000000
00000000
00001C7D
00000E6E
00000E0F
00000001
00000001
00001C7E
00000E6F
00000E0F
00000001
00000001
00001C7F
00000E70
00000E0F
00000001
00000000
00001C80
00000E70
00000E10
00000001
00000001
00001C81
00000E71
00000E10
00000001
00000000
00001C82
00000E71
00000E11
00000001
00000001
00001C83
00000E72
00000E11
00000001
00000000
00001C84
00000E72
00000E12
00000001
00000000
00001C85
00000E72
00000E13
00000000
00000001
00001C86
00000E73
00000E13
00000000
00000000
00001C87
00000E73
00000E14
00000000
00000001
00001C88
00000E74
00000E14
00000000
00000000
00001C89
00000E74
00000E15
00000000
00000001
00001C8A
00000E75
00000E15
00000000
00000000
00001C8B
00000E75
00000E16
00000000
00000000
00001C8C
00000E75
00000E17
00000001
00000000
00001C8D
00000E75
00000E18
00000000
00000000
00001C8E
00000E75
00000E19
00000001
00000000
00001C8F
00000E75
00000E1A
00000000
00000000
00001C90
00000E75
00000E1B
00000001
00000001
00001C91
00000E76
00000E1B
00000001
00000000
00001C92
00000E76
00000E1C
00000001
00000001
00001C93
00000E77
00000E1C
00000001
00000000
00001C94
00000E77
00000E1D
00000001
00000000
00001C95
00000E77
00000E1E
00000000
00000000
00001C96
00000E77
00000E1F
00000001
00000000
00001C97
00000E77
00000E20
00000000
00000000
00001C98
00000E77
00000E21
00000001
00000001
00001C99
00000E78
00000E21
00000001
00000001
00001C9A
00000E79
00000E21
00000001
00000000
00001C9B
00000E79
00000E22
00000001
00000001
00001C9C
00000E7A
00000E22
00000001
00000001
00001C9D
00000E7B
00000E22
00000001
00000001
00001C9E
00000E7C
00000E22
00000001
00000000
00001C9F
00000E7C
00000E23
00000001
00000001
00001CA0
00000E7D
00000E23
00000001
00000001
00001CA1
00000E7E
00000E23
00000001
00000000
00001CA2
00000E7E
00000E24
00000001
00000000
00001CA3
00000E7E
00000E25
00000001
00000001
00001CA4
00000E7F
00000E25
00000001
00000001
00001CA5
00000E80
00000E25
00000001
00000001
00001CA6
00000E81
00000E25
00000001
00000000
00001CA7
00000E81
00000E26
00000001
00000000
00001CA8
00000E81
00000E27
00000001
00000001
00001CA9
00000E82
00000E27
00000001
00000001
00001CAA
00000E83
00000E27
00000001
00000000
00001CAB
00000E83
00000E28
00000001
00000001
00001CAC
00000E84
00000E28
00000001
00000000
00001CAD
00000E84
00000E29
00000001
00000000
00001CAE
00000E84
00000E2A
00000001
00000000
00001CAF
00000E84
00000E2B
00000000
00000000
00001CB0
00000E84
00000E2C
00000001
00000000
00001CB1
00000E84
00000E2D
00000000
00000001
00001CB2
00000E85
00000E2D
00000000
00000001
00001CB3
00000E86
00000E2D
00000000
00000001
00001CB4
00000E87
00000E2D
00000000
00000001
00001CB5
00000E88
00000E2D
00000000
00000001
00001CB6
00000E89
00000E2D
00000000
00000001
00001CB7
00000E8A
00000E2D
00000000
00000000
00001CB8
00000E8A
00000E2E
00000000
00000000
00001CB9
00000E8A
00000E2F
00000000
00000000
00001CBA
00000E8A
00000E30
00000000
00000001
00001CBB
00000E8B
00000E30
00000000
00000001
00001CBC
00000E8C
00000E30
00000000
00000001
00001CBD
00000E8D
00000E30
00000000
00000001
00001CBE
00000E8E
00000E30
00000000
00000000
00001CBF
00000E8E
00000E31
00000000
00000000
00001CC0
00000E8E
00000E32
00000000
00000001
00001CC1
00000E8F
00000E32
00000000
00000001
00001CC2
00000E90
00000E32
00000000
00000000
00001CC3
00000E90
00000E33
00000000
00000001
00001CC4
00000E91
00000E33
00000000
00000000
00001CC5
00000E91
00000E34
00000000
00000001
00001CC6
00000E92
00000E34
00000000
00000001
00001CC7
00000E93
00000E34
00000000
00000001
00001CC8
00000E94
00000E34
00000000
00000001
00001CC9
00000E95
00000E34
00000000
00000001
00001CCA
00000E96
00000E34
00000000
00000001
00001CCB
00000E97
00000E34
00000000
00000000
00001CCC
00000E97
00000E35
00000000
00000000
00001CCD
00000E97
00000E36
00000000
00000001
00001CCE
00000E98
00000E36
00000000
00000001
00001CCF
00000E99
00000E36
00000000
00000001
00001CD0
00000E9A
00000E36
00000000
00000000
00001CD1
00000E9A
00000E37
00000000
00000000
00001CD2
00000E9A
00000E38
00000000
00000001
00001CD3
00000E9B
00000E38
00000000
00000001
00001CD4
00000E9C
00000E38
00000000
00000001
00001CD5
00000E9D
00000E38
00000000
00000001
00001CD6
00000E9E
00000E38
00000000
00000000
00001CD7
00000E9E
00000E39
00000000
00000001
00001CD8
00000E9F
00000E39
00000000
00000000
00001CD9
00000E9F
00000E3A
00000000
00000001
00001CDA
00000EA0
00000E3A
00000000
00000001
00001CDB
00000EA1
00000E3A
00000000
00000001
00001CDC
00000EA2
00000E3A
00000000
00000001
00001CDD
00000EA3
00000E3A
00000000
00000001
00001CDE
00000EA4
00000E3A
00000000
00000001
00001CDF
00000EA5
00000E3A
00000000
00000000
00001CE0
00000EA5
00000E3B
00000000
00000000
00001CE1
00000EA5
00000E3C
00000000
00000001
00001CE2
00000EA6
00000E3C
00000000
00000001
00001CE3
00000EA7
00000E3C
00000000
00000001
00001CE4
00000EA8
00000E3C
00000000
00000001
00001CE5
00000EA9
00000E3C
00000000
00000001
00001CE6
00000EAA
00000E3C
00000000
00000001
00001CE7
00000EAB
00000E3C
00000000
00000001
00001CE8
00000EAC
00000E3C
00000000
00000001
00001CE9
00000EAD
00000E3C
00000000
00000000
00001CEA
00000EAD
00000E3D
00000000
00000001
00001CEB
00000EAE
00000E3D
00000000
00000001
00001CEC
00000EAF
00000E3D
00000000
00000001
00001CED
00000EB0
00000E3D
00000000
00000000
00001CEE
00000EB0
00000E3E
00000000
00000000
00001CEF
00000EB0
00000E3F
00000000
00000000
00001CF0
00000EB0
00000E40
00000000
00000001
00001CF1
00000EB1
00000E40
00000000
00000000
00001CF2
00000EB1
00000E41
00000000
00000001
00001CF3
00000EB2
00000E41
00000000
00000000
00001CF4
00000EB2
00000E42
00000000
00000000
00001CF5
00000EB2
00000E43
00000000
00000000
00001CF6
00000EB2
00000E44
00000000
00000000
00001CF7
00000EB2
00000E45
00000001
00000001
00001CF8
00000EB3
00000E45
00000001
00000001
00001CF9
00000EB4
00000E45
00000001
00000000
00001CFA
00000EB4
00000E46
00000001
00000001
00001CFB
00000EB5
00000E46
00000001
00000000
00001CFC
00000EB5
00000E47
00000001
00000000
00001CFD
00000EB5
00000E48
00000000
00000000
00001CFE
00000EB5
00000E49
00000001
00000001
00001CFF
00000EB6
00000E49
00000001
00000001
00001D00
00000EB7
00000E49
00000001
00000000
00001D01
00000EB7
00000E4A
00000001
00000000
00001D02
00000EB7
00000E4B
00000000
00000001
00001D03
00000EB8
00000E4B
00000000
00000000
00001D04
00000EB8
00000E4C
00000001
00000000
00001D05
00000EB8
00000E4D
00000000
00000000
00001D06
00000EB8
00000E4E
00000001
00000001
00001D07
00000EB9
00000E4E
00000001
00000000
00001D08
00000EB9
00000E4F
00000001
00000001
00001D09
00000EBA
00000E4F
00000001
00000001
00001D0A
00000EBB
00000E4F
00000001
00000001
00001D0B
00000EBC
00000E4F
00000001
00000000
00001D0C
00000EBC
00000E50
00000001
00000001
00001D0D
00000EBD
00000E50
00000001
00000001
00001D0E
00000EBE
00000E50
00000001
00000000
00001D0F
00000EBE
00000E51
00000001
00000000
00001D10
00000EBE
00000E52
00000001
00000000
00001D11
00000EBE
00000E53
00000000
00000000
00001D12
00000EBE
00000E54
00000001
00000000
00001D13
00000EBE
00000E55
00000000
00000000
00001D14
00000EBE
00000E56
00000001
00000000
00001D15
00000EBE
00000E57
00000000
00000001
00001D16
00000EBF
00000E57
00000000
00000000
00001D17
00000EBF
00000E58
00000000
00000001
00001D18
00000EC0
00000E58
00000000
00000000
00001D19
00000EC0
00000E59
00000000
00000001
00001D1A
00000EC1
00000E59
00000000
00000001
00001D1B
00000EC2
00000E59
00000000
00000000
00001D1C
00000EC2
00000E5A
00000000
00000000
00001D1D
00000EC2
00000E5B
00000001
00000000
00001D1E
00000EC2
00000E5C
00000000
00000001
00001D1F
00000EC3
00000E5C
00000000
00000001
00001D20
00000EC4
00000E5C
00000000
00000001
00001D21
00000EC5
00000E5C
00000000
00000000
00001D22
00000EC5
00000E5D
00000000
00000001
00001D23
00000EC6
00000E5D
00000000
00000000
00001D24
00000EC6
00000E5E
00000000
00000000
00001D25
00000EC6
00000E5F
00000000
00000001
00001D26
00000EC7
00000E5F
00000000
00000000
00001D27
00000EC7
00000E60
00000000
00000001
00001D28
00000EC8
00000E60
00000000
00000000
00001D29
00000EC8
00000E61
00000000
00000001
00001D2A
00000EC9
00000E61
00000000
00000000
00001D2B
00000EC9
00000E62
00000000
00000000
00001D2C
00000EC9
00000E63
00000001
00000001
00001D2D
00000ECA
00000E63
00000001
00000000
00001D2E
00000ECA
00000E64
00000001
00000000
00001D2F
00000ECA
00000E65
00000000
00000001
00001D30
00000ECB
00000E65
00000000
00000001
00001D31
00000ECC
00000E65
00000000
00000000
00001D32
00000ECC
00000E66
00000000
00000000
00001D33
00000ECC
00000E67
00000001
00000000
00001D34
00000ECC
00000E68
00000000
00000001
00001D35
00000ECD
00000E68
00000000
00000000
00001D36
00000ECD
00000E69
00000000
00000000
00001D37
00000ECD
00000E6A
00000001
00000000
00001D38
00000ECD
00000E6B
00000000
00000001
00001D39
00000ECE
00000E6B
00000000
00000000
00001D3A
00000ECE
00000E6C
00000000
00000001
00001D3B
00000ECF
00000E6C
00000000
00000001
00001D3C
00000ED0
00000E6C
00000000
00000000
00001D3D
00000ED0
00000E6D
00000000
00000000
00001D3E
00000ED0
00000E6E
00000001
00000001
00001D3F
00000ED1
00000E6E
00000001
00000000
00001D40
00000ED1
00000E6F
00000000
00000000
00001D41
00000ED1
00000E70
00000001
00000001
00001D42
00000ED2
00000E70
00000001
00000000
00001D43
00000ED2
00000E71
00000001
00000001
00001D44
00000ED3
00000E71
00000001
00000000
00001D45
00000ED3
00000E72
00000001
00000000
00001D46
00000ED3
00000E73
00000000
00000001
00001D47
00000ED4
00000E73
00000000
00000001
00001D48
00000ED5
00000E73
00000000
00000000
00001D49
00000ED5
00000E74
00000000
00000000
00001D4A
00000ED5
00000E75
00000000
00000001
00001D4B
00000ED6
00000E75
00000000
00000001
00001D4C
00000ED7
00000E75
00000000
00000001
00001D4D
00000ED8
00000E75
00000000
00000001
00001D4E
00000ED9
00000E75
00000000
00000001
00001D4F
00000EDA
00000E75
00000000
00000001
00001D50
00000EDB
00000E75
00000000
00000001
00001D51
00000EDC
00000E75
00000000
00000001
00001D52
00000EDD
00000E75
00000000
00000001
00001D53
00000EDE
00000E75
00000000
00000001
00001D54
00000EDF
00000E75
00000000
00000001
00001D55
00000EE0
00000E75
00000000
00000000
00001D56
00000EE0
00000E76
00000000
00000001
00001D57
00000EE1
00000E76
00000000
00000001
00001D58
00000EE2
00000E76
00000000
00000001
00001D59
00000EE3
00000E76
00000000
00000000
00001D5A
00000EE3
00000E77
00000000
00000000
00001D5B
00000EE3
00000E78
00000000
00000000
00001D5C
00000EE3
00000E79
00000000
00000001
00001D5D
00000EE4
00000E79
00000000
00000000
00001D5E
00000EE4
00000E7A
00000000
00000000
00001D5F
00000EE4
00000E7B
00000000
00000001
00001D60
00000EE5
00000E7B
00000000
00000001
00001D61
00000EE6
00000E7B
00000000
00000000
00001D62
00000EE6
00000E7C
00000000
00000001
00001D63
00000EE7
00000E7C
00000000
00000001
00001D64
00000EE8
00000E7C
00000000
00000000
00001D65
00000EE8
00000E7D
00000000
00000001
00001D66
00000EE9
00000E7D
00000000
00000001
00001D67
00000EEA
00000E7D
00000000
00000000
00001D68
00000EEA
00000E7E
00000000
00000000
00001D69
00000EEA
00000E7F
00000000
00000000
00001D6A
00000EEA
00000E80
00000000
00000000
00001D6B
00000EEA
00000E81
00000001
00000000
00001D6C
00000EEA
00000E82
00000000
00000000
00001D6D
00000EEA
00000E83
00000001
00000001
00001D6E
00000EEB
00000E83
00000001
00000001
00001D6F
00000EEC
00000E83
00000001
00000000
00001D70
00000EEC
00000E84
00000001
00000000
00001D71
00000EEC
00000E85
00000001
00000000
00001D72
00000EEC
00000E86
00000000
00000000
00001D73
00000EEC
00000E87
00000001
00000001
00001D74
00000EED
00000E87
00000001
00000001
00001D75
00000EEE
00000E87
00000001
00000000
00001D76
00000EEE
00000E88
00000001
00000000
00001D77
00000EEE
00000E89
00000000
00000001
00001D78
00000EEF
00000E89
00000000
00000001
00001D79
00000EF0
00000E89
00000000
00000000
00001D7A
00000EF0
00000E8A
00000000
00000000
00001D7B
00000EF0
00000E8B
00000001
00000000
00001D7C
00000EF0
00000E8C
00000000
00000001
00001D7D
00000EF1
00000E8C
00000000
00000001
00001D7E
00000EF2
00000E8C
00000000
00000000
00001D7F
00000EF2
00000E8D
00000000
00000001
00001D80
00000EF3
00000E8D
00000000
00000001
00001D81
00000EF4
00000E8D
00000000
00000000
00001D82
00000EF4
00000E8E
00000000
00000000
00001D83
00000EF4
00000E8F
00000000
00000000
00001D84
00000EF4
00000E90
00000001
00000001
00001D85
00000EF5
00000E90
00000001
00000000
00001D86
00000EF5
00000E91
00000001
00000000
00001D87
00000EF5
00000E92
00000000
00000000
00001D88
00000EF5
00000E93
00000001
00000000
00001D89
00000EF5
00000E94
00000000
00000000
00001D8A
00000EF5
00000E95
00000001
00000000
00001D8B
00000EF5
00000E96
00000000
00000000
00001D8C
00000EF5
00000E97
00000001
00000000
00001D8D
00000EF5
00000E98
00000000
00000001
00001D8E
00000EF6
00000E98
00000000
00000001
00001D8F
00000EF7
00000E98
00000000
00000000
00001D90
00000EF7
00000E99
00000000
00000001
00001D91
00000EF8
00000E99
00000000
00000000
00001D92
00000EF8
00000E9A
00000000
00000000
00001D93
00000EF8
00000E9B
00000001
00000000
00001D94
00000EF8
00000E9C
00000000
00000001
00001D95
00000EF9
00000E9C
00000000
00000001
00001D96
00000EFA
00000E9C
00000000
00000000
00001D97
00000EFA
00000E9D
00000000
00000000
00001D98
00000EFA
00000E9E
00000000
00000001
00001D99
00000EFB
00000E9E
00000000
00000000
00001D9A
00000EFB
00000E9F
00000000
00000000
00001D9B
00000EFB
00000EA0
00000001
00000001
00001D9C
00000EFC
00000EA0
00000001
00000001
00001D9D
00000EFD
00000EA0
00000001
00000000
00001D9E
00000EFD
00000EA1
00000001
00000001
00001D9F
00000EFE
00000EA1
00000001
00000000
00001DA0
00000EFE
00000EA2
00000001
00000000
00001DA1
00000EFE
00000EA3
00000000
00000000
00001DA2
00000EFE
00000EA4
00000001
00000000
00001DA3
00000EFE
00000EA5
00000000
00000001
00001DA4
00000EFF
00000EA5
00000000
00000000
00001DA5
00000EFF
00000EA6
00000000
00000000
00001DA6
00000EFF
00000EA7
00000001
00000001
00001DA7
00000F00
00000EA7
00000001
00000000
00001DA8
00000F00
00000EA8
00000001
00000000
00001DA9
00000F00
00000EA9
00000000
00000001
00001DAA
00000F01
00000EA9
00000000
00000001
00001DAB
00000F02
00000EA9
00000000
00000000
00001DAC
00000F02
00000EAA
00000000
00000000
00001DAD
00000F02
00000EAB
00000001
00000001
00001DAE
00000F03
00000EAB
00000001
00000001
00001DAF
00000F04
00000EAB
00000001
00000000
00001DB0
00000F04
00000EAC
00000001
00000000
00001DB1
00000F04
00000EAD
00000000
00000000
00001DB2
00000F04
00000EAE
00000001
00000000
00001DB3
00000F04
00000EAF
00000000
00000000
00001DB4
00000F04
00000EB0
00000001
00000001
00001DB5
00000F05
00000EB0
00000001
00000001
00001DB6
00000F06
00000EB0
00000001
00000001
00001DB7
00000F07
00000EB0
00000001
00000001
00001DB8
00000F08
00000EB0
00000001
00000000
00001DB9
00000F08
00000EB1
00000001
00000001
00001DBA
00000F09
00000EB1
00000001
00000000
00001DBB
00000F09
00000EB2
00000001
00000001
00001DBC
00000F0A
00000EB2
00000001
00000001
00001DBD
00000F0B
00000EB2
00000001
00000001
00001DBE
00000F0C
00000EB2
00000001
00000001
00001DBF
00000F0D
00000EB2
00000001
00000001
00001DC0
00000F0E
00000EB2
00000001
00000000
00001DC1
00000F0E
00000EB3
00000001
00000000
00001DC2
00000F0E
00000EB4
00000001
00000000
00001DC3
00000F0E
00000EB5
00000001
00000000
00001DC4
00000F0E
00000EB6
00000001
00000001
00001DC5
00000F0F
00000EB6
00000001
00000000
00001DC6
00000F0F
00000EB7
00000001
00000000
00001DC7
00000F0F
00000EB8
00000000
00000001
00001DC8
00000F10
00000EB8
00000000
00000000
00001DC9
00000F10
00000EB9
00000000
00000001
00001DCA
00000F11
00000EB9
00000000
00000000
00001DCB
00000F11
00000EBA
00000000
00000001
00001DCC
00000F12
00000EBA
00000000
00000000
00001DCD
00000F12
00000EBB
00000000
00000001
00001DCE
00000F13
00000EBB
00000000
00000000
00001DCF
00000F13
00000EBC
00000000
00000001
00001DD0
00000F14
00000EBC
00000000
00000000
00001DD1
00000F14
00000EBD
00000000
00000000
00001DD2
00000F14
00000EBE
00000001
00000000
00001DD3
00000F14
00000EBF
00000000
00000000
00001DD4
00000F14
00000EC0
00000001
00000001
00001DD5
00000F15
00000EC0
00000001
00000001
00001DD6
00000F16
00000EC0
00000001
00000000
00001DD7
00000F16
00000EC1
00000001
00000001
00001DD8
00000F17
00000EC1
00000001
00000000
00001DD9
00000F17
00000EC2
00000001
00000001
00001DDA
00000F18
00000EC2
00000001
00000000
00001DDB
00000F18
00000EC3
00000001
00000001
00001DDC
00000F19
00000EC3
00000001
00000001
00001DDD
00000F1A
00000EC3
00000001
00000000
00001DDE
00000F1A
00000EC4
00000001
00000000
00001DDF
00000F1A
00000EC5
00000001
00000000
00001DE0
00000F1A
00000EC6
00000000
00000001
00001DE1
00000F1B
00000EC6
00000000
00000000
00001DE2
00000F1B
00000EC7
00000000
00000001
00001DE3
00000F1C
00000EC7
00000000
00000001
00001DE4
00000F1D
00000EC7
00000000
00000000
00001DE5
00000F1D
00000EC8
00000000
00000000
00001DE6
00000F1D
00000EC9
00000000
00000001
00001DE7
00000F1E
00000EC9
00000000
00000001
00001DE8
00000F1F
00000EC9
00000000
00000001
00001DE9
00000F20
00000EC9
00000000
00000000
00001DEA
00000F20
00000ECA
00000000
00000001
00001DEB
00000F21
00000ECA
00000000
00000001
00001DEC
00000F22
00000ECA
00000000
00000000
00001DED
00000F22
00000ECB
00000000
00000001
00001DEE
00000F23
00000ECB
00000000
00000000
00001DEF
00000F23
00000ECC
00000000
00000001
00001DF0
00000F24
00000ECC
00000000
00000001
00001DF1
00000F25
00000ECC
00000000
00000000
00001DF2
00000F25
00000ECD
00000000
00000000
00001DF3
00000F25
00000ECE
00000000
00000001
00001DF4
00000F26
00000ECE
00000000
00000000
00001DF5
00000F26
00000ECF
00000000
00000001
00001DF6
00000F27
00000ECF
00000000
00000001
00001DF7
00000F28
00000ECF
00000000
00000001
00001DF8
00000F29
00000ECF
00000000
00000001
00001DF9
00000F2A
00000ECF
00000000
00000000
00001DFA
00000F2A
00000ED0
00000000
00000000
00001DFB
00000F2A
00000ED1
00000000
00000001
00001DFC
00000F2B
00000ED1
00000000
00000001
00001DFD
00000F2C
00000ED1
00000000
00000000
00001DFE
00000F2C
00000ED2
00000000
00000000
00001DFF
00000F2C
00000ED3
00000000
00000000
00001E00
00000F2C
00000ED4
00000001
00000000
00001E01
00000F2C
00000ED5
00000000
00000000
00001E02
00000F2C
00000ED6
00000001
00000000
00001E03
00000F2C
00000ED7
00000000
00000001
00001E04
00000F2D
00000ED7
00000000
00000000
00001E05
00000F2D
00000ED8
00000000
00000001
00001E06
00000F2E
00000ED8
00000000
00000001
00001E07
00000F2F
00000ED8
00000000
00000001
00001E08
00000F30
00000ED8
00000000
00000001
00001E09
00000F31
00000ED8
00000000
00000000
00001E0A
00000F31
00000ED9
00000000
00000001
00001E0B
00000F32
00000ED9
00000000
00000000
00001E0C
00000F32
00000EDA
00000000
00000000
00001E0D
00000F32
00000EDB
00000000
00000001
00001E0E
00000F33
00000EDB
00000000
00000000
00001E0F
00000F33
00000EDC
00000000
00000000
00001E10
00000F33
00000EDD
00000001
00000000
00001E11
00000F33
00000EDE
00000000
00000001
00001E12
00000F34
00000EDE
00000000
00000000
00001E13
00000F34
00000EDF
00000000
00000000
00001E14
00000F34
00000EE0
00000001
00000000
00001E15
00000F34
00000EE1
00000000
00000001
00001E16
00000F35
00000EE1
00000000
00000000
00001E17
00000F35
00000EE2
00000000
00000001
00001E18
00000F36
00000EE2
00000000
00000001
00001E19
00000F37
00000EE2
00000000
00000001
00001E1A
00000F38
00000EE2
00000000
00000001
00001E1B
00000F39
00000EE2
00000000
00000001
00001E1C
00000F3A
00000EE2
00000000
00000001
00001E1D
00000F3B
00000EE2
00000000
00000001
00001E1E
00000F3C
00000EE2
00000000
00000000
00001E1F
00000F3C
00000EE3
00000000
00000001
00001E20
00000F3D
00000EE3
00000000
00000001
00001E21
00000F3E
00000EE3
00000000
00000001
00001E22
00000F3F
00000EE3
00000000
00000001
00001E23
00000F40
00000EE3
00000000
00000000
00001E24
00000F40
00000EE4
00000000
00000000
00001E25
00000F40
00000EE5
00000000
00000000
00001E26
00000F40
00000EE6
00000000
00000000
00001E27
00000F40
00000EE7
00000000
00000001
00001E28
00000F41
00000EE7
00000000
00000000
00001E29
00000F41
00000EE8
00000000
00000000
00001E2A
00000F41
00000EE9
00000000
00000000
00001E2B
00000F41
00000EEA
00000001
00000001
00001E2C
00000F42
00000EEA
00000001
00000000
00001E2D
00000F42
00000EEB
00000001
00000001
00001E2E
00000F43
00000EEB
00000001
00000000
00001E2F
00000F43
00000EEC
00000001
00000000
00001E30
00000F43
00000EED
00000000
00000001
00001E31
00000F44
00000EED
00000000
00000000
00001E32
00000F44
00000EEE
00000000
00000001
00001E33
00000F45
00000EEE
00000000
00000001
00001E34
00000F46
00000EEE
00000000
00000001
00001E35
00000F47
00000EEE
00000000
00000001
00001E36
00000F48
00000EEE
00000000
00000000
00001E37
00000F48
00000EEF
00000000
00000000
00001E38
00000F48
00000EF0
00000000
00000000
00001E39
00000F48
00000EF1
00000000
00000000
00001E3A
00000F48
00000EF2
00000001
00000000
00001E3B
00000F48
00000EF3
00000000
00000001
00001E3C
00000F49
00000EF3
00000000
00000001
00001E3D
00000F4A
00000EF3
00000000
00000000
00001E3E
00000F4A
00000EF4
00000000
00000000
00001E3F
00000F4A
00000EF5
00000001
00000000
00001E40
00000F4A
00000EF6
00000000
00000000
00001E41
00000F4A
00000EF7
00000001
00000000
00001E42
00000F4A
00000EF8
00000000
00000001
00001E43
00000F4B
00000EF8
00000000
00000000
00001E44
00000F4B
00000EF9
00000000
00000000
00001E45
00000F4B
00000EFA
00000001
00000001
00001E46
00000F4C
00000EFA
00000001
00000001
00001E47
00000F4D
00000EFA
00000001
00000001
00001E48
00000F4E
00000EFA
00000001
00000001
00001E49
00000F4F
00000EFA
00000001
00000000
00001E4A
00000F4F
00000EFB
00000001
00000001
00001E4B
00000F50
00000EFB
00000001
00000000
00001E4C
00000F50
00000EFC
00000001
00000000
00001E4D
00000F50
00000EFD
00000001
00000001
00001E4E
00000F51
00000EFD
00000001
00000000
00001E4F
00000F51
00000EFE
00000001
00000000
00001E50
00000F51
00000EFF
00000000
00000001
00001E51
00000F52
00000EFF
00000000
00000001
00001E52
00000F53
00000EFF
00000000
00000001
00001E53
00000F54
00000EFF
00000000
00000001
00001E54
00000F55
00000EFF
00000000
00000000
00001E55
00000F55
00000F00
00000000
00000000
00001E56
00000F55
00000F01
00000000
00000001
00001E57
00000F56
00000F01
00000000
00000001
00001E58
00000F57
00000F01
00000000
00000000
00001E59
00000F57
00000F02
00000000
00000001
00001E5A
00000F58
00000F02
00000000
00000001
00001E5B
00000F59
00000F02
00000000
00000000
00001E5C
00000F59
00000F03
00000000
00000001
00001E5D
00000F5A
00000F03
00000000
00000001
00001E5E
00000F5B
00000F03
00000000
00000000
00001E5F
00000F5B
00000F04
00000000
00000001
00001E60
00000F5C
00000F04
00000000
00000001
00001E61
00000F5D
00000F04
00000000
00000000
00001E62
00000F5D
00000F05
00000000
00000001
00001E63
00000F5E
00000F05
00000000
00000001
00001E64
00000F5F
00000F05
00000000
00000001
00001E65
00000F60
00000F05
00000000
00000001
00001E66
00000F61
00000F05
00000000
00000001
00001E67
00000F62
00000F05
00000000
00000000
00001E68
00000F62
00000F06
00000000
00000000
00001E69
00000F62
00000F07
00000000
00000000
00001E6A
00000F62
00000F08
00000000
00000001
00001E6B
00000F63
00000F08
00000000
00000000
00001E6C
00000F63
00000F09
00000000
00000001
00001E6D
00000F64
00000F09
00000000
00000000
00001E6E
00000F64
00000F0A
00000000
00000001
00001E6F
00000F65
00000F0A
00000000
00000000
00001E70
00000F65
00000F0B
00000000
00000001
00001E71
00000F66
00000F0B
00000000
00000001
00001E72
00000F67
00000F0B
00000000
00000001
00001E73
00000F68
00000F0B
00000000
00000001
00001E74
00000F69
00000F0B
00000000
00000001
00001E75
00000F6A
00000F0B
00000000
00000001
00001E76
00000F6B
00000F0B
00000000
00000001
00001E77
00000F6C
00000F0B
00000000
00000001
00001E78
00000F6D
00000F0B
00000000
00000001
00001E79
00000F6E
00000F0B
00000000
00000001
00001E7A
00000F6F
00000F0B
00000000
00000001
00001E7B
00000F70
00000F0B
00000000
00000001
00001E7C
00000F71
00000F0B
00000000
00000000
00001E7D
00000F71
00000F0C
00000000
00000001
00001E7E
00000F72
00000F0C
00000000
00000000
00001E7F
00000F72
00000F0D
00000000
00000001
00001E80
00000F73
00000F0D
00000000
00000000
00001E81
00000F73
00000F0E
00000000
00000000
00001E82
00000F73
00000F0F
00000000
00000000
00001E83
00000F73
00000F10
00000000
00000000
00001E84
00000F73
00000F11
00000000
00000000
00001E85
00000F73
00000F12
00000000
00000001
00001E86
00000F74
00000F12
00000000
00000001
00001E87
00000F75
00000F12
00000000
00000001
00001E88
00000F76
00000F12
00000000
00000000
00001E89
00000F76
00000F13
00000000
00000001
00001E8A
00000F77
00000F13
00000000
00000000
00001E8B
00000F77
00000F14
00000000
00000000
00001E8C
00000F77
00000F15
00000000
00000000
00001E8D
00000F77
00000F16
00000001
00000001
00001E8E
00000F78
00000F16
00000001
00000001
00001E8F
00000F79
00000F16
00000001
00000000
00001E90
00000F79
00000F17
00000001
00000000
00001E91
00000F79
00000F18
00000001
00000000
00001E92
00000F79
00000F19
00000000
00000001
00001E93
00000F7A
00000F19
00000000
00000000
00001E94
00000F7A
00000F1A
00000000
00000001
00001E95
00000F7B
00000F1A
00000000
00000000
00001E96
00000F7B
00000F1B
00000000
00000000
00001E97
00000F7B
00000F1C
00000001
00000001
00001E98
00000F7C
00000F1C
00000001
00000001
00001E99
00000F7D
00000F1C
00000001
00000000
00001E9A
00000F7D
00000F1D
00000001
00000001
00001E9B
00000F7E
00000F1D
00000001
00000001
00001E9C
00000F7F
00000F1D
00000001
00000000
00001E9D
00000F7F
00000F1E
00000001
00000001
00001E9E
00000F80
00000F1E
00000001
00000001
00001E9F
00000F81
00000F1E
00000001
00000001
00001EA0
00000F82
00000F1E
00000001
00000000
00001EA1
00000F82
00000F1F
00000001
00000001
00001EA2
00000F83
00000F1F
00000001
00000001
00001EA3
00000F84
00000F1F
00000001
00000000
00001EA4
00000F84
00000F20
00000001
00000001
00001EA5
00000F85
00000F20
00000001
00000000
00001EA6
00000F85
00000F21
00000001
00000000
00001EA7
00000F85
00000F22
00000001
00000001
00001EA8
00000F86
00000F22
00000001
00000001
00001EA9
00000F87
00000F22
00000001
00000001
00001EAA
00000F88
00000F22
00000001
00000000
00001EAB
00000F88
00000F23
00000001
00000001
00001EAC
00000F89
00000F23
00000001
00000000
00001EAD
00000F89
00000F24
00000001
00000000
00001EAE
00000F89
00000F25
00000001
00000001
00001EAF
00000F8A
00000F25
00000001
00000000
00001EB0
00000F8A
00000F26
00000001
00000000
00001EB1
00000F8A
00000F27
00000000
00000000
00001EB2
00000F8A
00000F28
00000001
00000001
00001EB3
00000F8B
00000F28
00000001
00000001
00001EB4
00000F8C
00000F28
00000001
00000000
00001EB5
00000F8C
00000F29
00000001
00000000
00001EB6
00000F8C
00000F2A
00000000
00000000
00001EB7
00000F8C
00000F2B
00000001
00000001
00001EB8
00000F8D
00000F2B
00000001
00000001
00001EB9
00000F8E
00000F2B
00000001
00000001
00001EBA
00000F8F
00000F2B
00000001
00000000
00001EBB
00000F8F
00000F2C
00000001
00000000
00001EBC
00000F8F
00000F2D
00000001
00000001
00001EBD
00000F90
00000F2D
00000001
00000000
00001EBE
00000F90
00000F2E
00000001
00000000
00001EBF
00000F90
00000F2F
00000000
00000000
00001EC0
00000F90
00000F30
00000001
00000001
00001EC1
00000F91
00000F30
00000001
00000000
00001EC2
00000F91
00000F31
00000001
00000001
00001EC3
00000F92
00000F31
00000001
00000001
00001EC4
00000F93
00000F31
00000001
00000001
00001EC5
00000F94
00000F31
00000001
00000001
00001EC6
00000F95
00000F31
00000001
00000001
00001EC7
00000F96
00000F31
00000001
00000000
00001EC8
00000F96
00000F32
00000001
00000000
00001EC9
00000F96
00000F33
00000001
00000000
00001ECA
00000F96
00000F34
00000001
00000000
00001ECB
00000F96
00000F35
00000000
00000000
00001ECC
00000F96
00000F36
00000001
00000000
00001ECD
00000F96
00000F37
00000000
00000000
00001ECE
00000F96
00000F38
00000001
00000000
00001ECF
00000F96
00000F39
00000000
00000000
00001ED0
00000F96
00000F3A
00000001
00000001
00001ED1
00000F97
00000F3A
00000001
00000001
00001ED2
00000F98
00000F3A
00000001
00000000
00001ED3
00000F98
00000F3B
00000001
00000001
00001ED4
00000F99
00000F3B
00000001
00000000
00001ED5
00000F99
00000F3C
00000001
00000000
00001ED6
00000F99
00000F3D
00000000
00000001
00001ED7
00000F9A
00000F3D
00000000
00000001
00001ED8
00000F9B
00000F3D
00000000
00000001
00001ED9
00000F9C
00000F3D
00000000
00000000
00001EDA
00000F9C
00000F3E
00000000
00000000
00001EDB
00000F9C
00000F3F
00000000
00000001
00001EDC
00000F9D
00000F3F
00000000
00000000
00001EDD
00000F9D
00000F40
00000000
00000000
00001EDE
00000F9D
00000F41
00000001
00000000
00001EDF
00000F9D
00000F42
00000000
00000000
00001EE0
00000F9D
00000F43
00000001
00000001
00001EE1
00000F9E
00000F43
00000001
00000001
00001EE2
00000F9F
00000F43
00000001
00000001
00001EE3
00000FA0
00000F43
00000001
00000001
00001EE4
00000FA1
00000F43
00000001
00000000
00001EE5
00000FA1
00000F44
00000001
00000001
00001EE6
00000FA2
00000F44
00000001
00000001
00001EE7
00000FA3
00000F44
00000001
00000001
00001EE8
00000FA4
00000F44
00000001
00000001
00001EE9
00000FA5
00000F44
00000001
00000001
00001EEA
00000FA6
00000F44
00000001
00000000
00001EEB
00000FA6
00000F45
00000001
00000000
00001EEC
00000FA6
00000F46
00000001
00000001
00001EED
00000FA7
00000F46
00000001
00000001
00001EEE
00000FA8
00000F46
00000001
00000000
00001EEF
00000FA8
00000F47
00000001
00000000
00001EF0
00000FA8
00000F48
00000001
00000000
00001EF1
00000FA8
00000F49
00000001
00000000
00001EF2
00000FA8
00000F4A
00000000
00000001
00001EF3
00000FA9
00000F4A
00000000
00000000
00001EF4
00000FA9
00000F4B
00000000
00000001
00001EF5
00000FAA
00000F4B
00000000
00000000
00001EF6
00000FAA
00000F4C
00000000
00000001
00001EF7
00000FAB
00000F4C
00000000
00000000
00001EF8
00000FAB
00000F4D
00000001
00000000
00001EF9
00000FAB
00000F4E
00000000
00000001
00001EFA
00000FAC
00000F4E
00000000
00000001
00001EFB
00000FAD
00000F4E
00000000
00000000
00001EFC
00000FAD
00000F4F
00000000
00000001
00001EFD
00000FAE
00000F4F
00000000
00000001
00001EFE
00000FAF
00000F4F
00000000
00000000
00001EFF
00000FAF
00000F50
00000000
00000001
00001F00
00000FB0
00000F50
00000000
00000001
00001F01
00000FB1
00000F50
00000000
00000001
00001F02
00000FB2
00000F50
00000000
00000000
00001F03
00000FB2
00000F51
00000000
00000001
00001F04
00000FB3
00000F51
00000000
00000001
00001F05
00000FB4
00000F51
00000000
00000001
00001F06
00000FB5
00000F51
00000000
00000001
00001F07
00000FB6
00000F51
00000000
00000001
00001F08
00000FB7
00000F51
00000000
00000001
00001F09
00000FB8
00000F51
00000000
00000000
00001F0A
00000FB8
00000F52
00000000
00000000
00001F0B
00000FB8
00000F53
00000000
00000000
00001F0C
00000FB8
00000F54
00000000
00000000
00001F0D
00000FB8
00000F55
00000000
00000000
00001F0E
00000FB8
00000F56
00000000
00000000
00001F0F
00000FB8
00000F57
00000001
00000000
00001F10
00000FB8
00000F58
00000000
00000000
00001F11
00000FB8
00000F59
00000001
00000000
00001F12
00000FB8
00000F5A
00000000
00000001
00001F13
00000FB9
00000F5A
00000000
00000000
00001F14
00000FB9
00000F5B
00000000
00000001
00001F15
00000FBA
00000F5B
00000000
00000000
00001F16
00000FBA
00000F5C
00000000
00000001
00001F17
00000FBB
00000F5C
00000000
00000001
00001F18
00000FBC
00000F5C
00000000
00000000
00001F19
00000FBC
00000F5D
00000000
00000001
00001F1A
00000FBD
00000F5D
00000000
00000000
00001F1B
00000FBD
00000F5E
00000000
00000001
00001F1C
00000FBE
00000F5E
00000000
00000000
00001F1D
00000FBE
00000F5F
00000000
00000001
00001F1E
00000FBF
00000F5F
00000000
00000001
00001F1F
00000FC0
00000F5F
00000000
00000000
00001F20
00000FC0
00000F60
00000000
00000001
00001F21
00000FC1
00000F60
00000000
00000000
00001F22
00000FC1
00000F61
00000000
00000000
00001F23
00000FC1
00000F62
00000001
00000001
00001F24
00000FC2
00000F62
00000001
00000000
00001F25
00000FC2
00000F63
00000001
00000000
00001F26
00000FC2
00000F64
00000000
00000001
00001F27
00000FC3
00000F64
00000000
00000000
00001F28
00000FC3
00000F65
00000000
00000001
00001F29
00000FC4
00000F65
00000000
00000000
00001F2A
00000FC4
00000F66
00000000
00000000
00001F2B
00000FC4
00000F67
00000001
00000000
00001F2C
00000FC4
00000F68
00000000
00000001
00001F2D
00000FC5
00000F68
00000000
00000000
00001F2E
00000FC5
00000F69
00000000
00000001
00001F2F
00000FC6
00000F69
00000000
00000001
00001F30
00000FC7
00000F69
00000000
00000000
00001F31
00000FC7
00000F6A
00000000
00000000
00001F32
00000FC7
00000F6B
00000001
00000001
00001F33
00000FC8
00000F6B
00000001
00000000
00001F34
00000FC8
00000F6C
00000000
00000001
00001F35
00000FC9
00000F6C
00000000
00000000
00001F36
00000FC9
00000F6D
00000001
00000000
00001F37
00000FC9
00000F6E
00000000
00000001
00001F38
00000FCA
00000F6E
00000000
00000001
00001F39
00000FCB
00000F6E
00000000
00000001
00001F3A
00000FCC
00000F6E
00000000
00000001
00001F3B
00000FCD
00000F6E
00000000
00000000
00001F3C
00000FCD
00000F6F
00000000
00000001
00001F3D
00000FCE
00000F6F
00000000
00000000
00001F3E
00000FCE
00000F70
00000000
00000000
00001F3F
00000FCE
00000F71
00000000
00000000
00001F40
00000FCE
00000F72
00000000
00000000
00001F41
00000FCE
00000F73
00000001
00000000
00001F42
00000FCE
00000F74
00000000
00000001
00001F43
00000FCF
00000F74
00000000
00000001
00001F44
00000FD0
00000F74
00000000
00000000
00001F45
00000FD0
00000F75
00000000
00000000
00001F46
00000FD0
00000F76
00000001
00000001
00001F47
00000FD1
00000F76
00000001
00000000
00001F48
00000FD1
00000F77
00000001
00000001
00001F49
00000FD2
00000F77
00000001
00000001
00001F4A
00000FD3
00000F77
00000001
00000001
00001F4B
00000FD4
00000F77
00000001
00000000
00001F4C
00000FD4
00000F78
00000001
00000001
00001F4D
00000FD5
00000F78
00000001
00000001
00001F4E
00000FD6
00000F78
00000001
00000000
00001F4F
00000FD6
00000F79
00000001
00000000
00001F50
00000FD6
00000F7A
00000001
00000000
00001F51
00000FD6
00000F7B
00000000
00000000
00001F52
00000FD6
00000F7C
00000001
00000001
00001F53
00000FD7
00000F7C
00000001
00000001
00001F54
00000FD8
00000F7C
00000001
00000001
00001F55
00000FD9
00000F7C
00000001
00000000
00001F56
00000FD9
00000F7D
00000001
00000000
00001F57
00000FD9
00000F7E
00000001
00000000
00001F58
00000FD9
00000F7F
00000000
00000001
00001F59
00000FDA
00000F7F
00000000
00000000
00001F5A
00000FDA
00000F80
00000000
00000000
00001F5B
00000FDA
00000F81
00000001
00000001
00001F5C
00000FDB
00000F81
00000001
00000001
00001F5D
00000FDC
00000F81
00000001
00000001
00001F5E
00000FDD
00000F81
00000001
00000001
00001F5F
00000FDE
00000F81
00000001
00000000
00001F60
00000FDE
00000F82
00000001
00000001
00001F61
00000FDF
00000F82
00000001
00000000
00001F62
00000FDF
00000F83
00000001
00000001
00001F63
00000FE0
00000F83
00000001
00000001
00001F64
00000FE1
00000F83
00000001
00000000
00001F65
00000FE1
00000F84
00000001
00000001
00001F66
00000FE2
00000F84
00000001
00000000
00001F67
00000FE2
00000F85
00000001
00000000
00001F68
00000FE2
00000F86
00000001
00000000
00001F69
00000FE2
00000F87
00000000
00000000
00001F6A
00000FE2
00000F88
00000001
00000001
00001F6B
00000FE3
00000F88
00000001
00000001
00001F6C
00000FE4
00000F88
00000001
00000001
00001F6D
00000FE5
00000F88
00000001
00000001
00001F6E
00000FE6
00000F88
00000001
00000000
00001F6F
00000FE6
00000F89
00000001
00000000
00001F70
00000FE6
00000F8A
00000001
00000000
00001F71
00000FE6
00000F8B
00000001
00000000
00001F72
00000FE6
00000F8C
00000000
00000000
00001F73
00000FE6
00000F8D
00000001
00000000
00001F74
00000FE6
00000F8E
00000000
00000000
00001F75
00000FE6
00000F8F
00000001
00000001
00001F76
00000FE7
00000F8F
00000001
00000000
00001F77
00000FE7
00000F90
00000001
00000000
00001F78
00000FE7
00000F91
00000000
00000000
00001F79
00000FE7
00000F92
00000001
00000001
00001F7A
00000FE8
00000F92
00000001
00000001
00001F7B
00000FE9
00000F92
00000001
00000000
00001F7C
00000FE9
00000F93
00000001
00000000
00001F7D
00000FE9
00000F94
00000000
00000000
00001F7E
00000FE9
00000F95
00000001
00000000
00001F7F
00000FE9
00000F96
00000000
00000000
00001F80
00000FE9
00000F97
00000001
00000001
00001F81
00000FEA
00000F97
00000001
00000001
00001F82
00000FEB
00000F97
00000001
00000000
00001F83
00000FEB
00000F98
00000001
00000000
00001F84
00000FEB
00000F99
00000001
00000000
00001F85
00000FEB
00000F9A
00000000
00000001
00001F86
00000FEC
00000F9A
00000000
00000000
00001F87
00000FEC
00000F9B
00000000
00000000
00001F88
00000FEC
00000F9C
00000001
00000001
00001F89
00000FED
00000F9C
00000001
00000001
00001F8A
00000FEE
00000F9C
00000001
00000001
00001F8B
00000FEF
00000F9C
00000001
00000001
00001F8C
00000FF0
00000F9C
00000001
00000001
00001F8D
00000FF1
00000F9C
00000001
00000001
00001F8E
00000FF2
00000F9C
00000001
00000000
00001F8F
00000FF2
00000F9D
00000001
00000000
00001F90
00000FF2
00000F9E
00000001
00000001
00001F91
00000FF3
00000F9E
00000001
00000000
00001F92
00000FF3
00000F9F
00000001
00000001
00001F93
00000FF4
00000F9F
00000001
00000001
00001F94
00000FF5
00000F9F
00000001
00000000
00001F95
00000FF5
00000FA0
00000001
00000001
00001F96
00000FF6
00000FA0
00000001
00000000
00001F97
00000FF6
00000FA1
00000001
00000000
00001F98
00000FF6
00000FA2
00000001
00000001
00001F99
00000FF7
00000FA2
00000001
00000000
00001F9A
00000FF7
00000FA3
00000001
00000000
00001F9B
00000FF7
00000FA4
00000000
00000001
00001F9C
00000FF8
00000FA4
00000000
00000000
00001F9D
00000FF8
00000FA5
00000000
00000001
00001F9E
00000FF9
00000FA5
00000000
00000001
00001F9F
00000FFA
00000FA5
00000000
00000001
00001FA0
00000FFB
00000FA5
00000000
00000000
00001FA1
00000FFB
00000FA6
00000000
00000001
00001FA2
00000FFC
00000FA6
00000000
00000000
00001FA3
00000FFC
00000FA7
00000000
00000000
00001FA4
00000FFC
00000FA8
00000000
00000000
00001FA5
00000FFC
00000FA9
00000001
00000001
00001FA6
00000FFD
00000FA9
00000001
00000000
00001FA7
00000FFD
00000FAA
00000001
00000001
00001FA8
00000FFE
00000FAA
00000001
00000000
00001FA9
00000FFE
00000FAB
00000001
00000000
00001FAA
00000FFE
00000FAC
00000000
00000001
00001FAB
00000FFF
00000FAC
00000000
00000000
00001FAC
00000FFF
00000FAD
00000000
00000001
00001FAD
00001000
00000FAD
00000000
00000000
00001FAE
00001000
00000FAE
00000000
00000001
00001FAF
00001001
00000FAE
00000000
00000000
00001FB0
00001001
00000FAF
00000000
00000000
00001FB1
00001001
00000FB0
00000001
00000001
00001FB2
00001002
00000FB0
00000001
00000001
00001FB3
00001003
00000FB0
00000001
00000001
00001FB4
00001004
00000FB0
00000001
00000000
00001FB5
00001004
00000FB1
00000001
00000000
00001FB6
00001004
00000FB2
00000001
00000001
00001FB7
00001005
00000FB2
00000001
00000000
00001FB8
00001005
00000FB3
00000001
00000001
00001FB9
00001006
00000FB3
00000001
00000001
00001FBA
00001007
00000FB3
00000001
00000000
00001FBB
00001007
00000FB4
00000001
00000001
00001FBC
00001008
00000FB4
00000001
00000000
00001FBD
00001008
00000FB5
00000001
00000001
00001FBE
00001009
00000FB5
00000001
00000001
00001FBF
0000100A
00000FB5
00000001
00000000
00001FC0
0000100A
00000FB6
00000001
00000001
00001FC1
0000100B
00000FB6
00000001
00000000
00001FC2
0000100B
00000FB7
00000001
00000001
00001FC3
0000100C
00000FB7
00000001
00000000
00001FC4
0000100C
00000FB8
00000001
00000000
00001FC5
0000100C
00000FB9
00000000
00000000
00001FC6
0000100C
00000FBA
00000001
00000001
00001FC7
0000100D
00000FBA
00000001
00000000
00001FC8
0000100D
00000FBB
00000001
00000001
00001FC9
0000100E
00000FBB
00000001
00000000
00001FCA
0000100E
00000FBC
00000001
00000000
00001FCB
0000100E
00000FBD
00000000
00000000
00001FCC
0000100E
00000FBE
00000001
00000001
00001FCD
0000100F
00000FBE
00000001
00000001
00001FCE
00001010
00000FBE
00000001
00000001
00001FCF
00001011
00000FBE
00000001
00000001
00001FD0
00001012
00000FBE
00000001
00000001
00001FD1
00001013
00000FBE
00000001
00000001
00001FD2
00001014
00000FBE
00000001
00000001
00001FD3
00001015
00000FBE
00000001
00000000
00001FD4
00001015
00000FBF
00000001
00000001
00001FD5
00001016
00000FBF
00000001
00000000
00001FD6
00001016
00000FC0
00000001
00000000
00001FD7
00001016
00000FC1
00000001
00000001
00001FD8
00001017
00000FC1
00000001
00000000
00001FD9
00001017
00000FC2
00000001
00000001
00001FDA
00001018
00000FC2
00000001
00000001
00001FDB
00001019
00000FC2
00000001
00000001
00001FDC
0000101A
00000FC2
00000001
00000001
00001FDD
0000101B
00000FC2
00000001
00000000
00001FDE
0000101B
00000FC3
00000001
00000000
00001FDF
0000101B
00000FC4
00000001
00000001
00001FE0
0000101C
00000FC4
00000001
00000001
00001FE1
0000101D
00000FC4
00000001
00000001
00001FE2
0000101E
00000FC4
00000001
00000001
00001FE3
0000101F
00000FC4
00000001
00000001
00001FE4
00001020
00000FC4
00000001
00000001
00001FE5
00001021
00000FC4
00000001
00000001
00001FE6
00001022
00000FC4
00000001
00000001
00001FE7
00001023
00000FC4
00000001
00000000
00001FE8
00001023
00000FC5
00000001
00000000
00001FE9
00001023
00000FC6
00000001
00000000
00001FEA
00001023
00000FC7
00000001
00000000
00001FEB
00001023
00000FC8
00000001
00000001
00001FEC
00001024
00000FC8
00000001
00000000
00001FED
00001024
00000FC9
00000001
00000001
00001FEE
00001025
00000FC9
00000001
00000001
00001FEF
00001026
00000FC9
00000001
00000001
00001FF0
00001027
00000FC9
00000001
00000000
00001FF1
00001027
00000FCA
00000001
00000000
00001FF2
00001027
00000FCB
00000001
00000000
00001FF3
00001027
00000FCC
00000001
00000001
00001FF4
00001028
00000FCC
00000001
00000001
00001FF5
00001029
00000FCC
00000001
00000000
00001FF6
00001029
00000FCD
00000001
00000000
00001FF7
00001029
00000FCE
00000000
00000000
00001FF8
00001029
00000FCF
00000001
00000000
00001FF9
00001029
00000FD0
00000000
00000001
00001FFA
0000102A
00000FD0
00000000
00000000
00001FFB
0000102A
00000FD1
00000000
00000000
00001FFC
0000102A
00000FD2
00000001
00000001
00001FFD
0000102B
00000FD2
00000001
00000001
00001FFE
0000102C
00000FD2
00000001
00000001
00001FFF
0000102D
00000FD2
00000001
00000001
00002000
0000102E
00000FD2
00000001
00000000
00002001
0000102E
00000FD3
00000001
00000001
00002002
0000102F
00000FD3
00000001
00000000
00002003
0000102F
00000FD4
00000001
00000001
00002004
00001030
00000FD4
00000001
00000001
00002005
00001031
00000FD4
00000001
00000001
00002006
00001032
00000FD4
00000001
00000001
00002007
00001033
00000FD4
00000001
00000001
00002008
00001034
00000FD4
00000001
00000000
00002009
00001034
00000FD5
00000001
00000001
0000200A
00001035
00000FD5
00000001
00000000
0000200B
00001035
00000FD6
00000001
00000001
0000200C
00001036
00000FD6
00000001
00000000
0000200D
00001036
00000FD7
00000001
00000000
0000200E
00001036
00000FD8
00000001
00000000
0000200F
00001036
00000FD9
00000001
00000000
00002010
00001036
00000FDA
00000000
00000000
00002011
00001036
00000FDB
00000001
00000001
00002012
00001037
00000FDB
00000001
00000000
00002013
00001037
00000FDC
00000001
00000001
00002014
00001038
00000FDC
00000001
00000001
00002015
00001039
00000FDC
00000001
00000000
00002016
00001039
00000FDD
00000001
00000001
00002017
0000103A
00000FDD
00000001
00000000
00002018
0000103A
00000FDE
00000001
00000000
00002019
0000103A
00000FDF
00000000
00000000
0000201A
0000103A
00000FE0
00000001
00000000
0000201B
0000103A
00000FE1
00000000
00000001
0000201C
0000103B
00000FE1
00000000
00000001
0000201D
0000103C
00000FE1
00000000
00000000
0000201E
0000103C
00000FE2
00000000
00000001
0000201F
0000103D
00000FE2
00000000
00000001
00002020
0000103E
00000FE2
00000000
00000000
00002021
0000103E
00000FE3
00000000
00000000
00002022
0000103E
00000FE4
00000000
00000001
00002023
0000103F
00000FE4
00000000
00000000
00002024
0000103F
00000FE5
00000000
00000000
00002025
0000103F
00000FE6
00000001
00000001
00002026
00001040
00000FE6
00000001
00000001
00002027
00001041
00000FE6
00000001
00000000
00002028
00001041
00000FE7
00000001
00000000
00002029
00001041
00000FE8
00000001
00000001
0000202A
00001042
00000FE8
00000001
00000000
0000202B
00001042
00000FE9
00000001
00000001
0000202C
00001043
00000FE9
00000001
00000001
0000202D
00001044
00000FE9
00000001
00000000
0000202E
00001044
00000FEA
00000001
00000000
0000202F
00001044
00000FEB
00000000
00000001
00002030
00001045
00000FEB
00000000
00000001
00002031
00001046
00000FEB
00000000
00000001
00002032
00001047
00000FEB
00000000
00000001
00002033
00001048
00000FEB
00000000
00000001
00002034
00001049
00000FEB
00000000
00000000
00002035
00001049
00000FEC
00000000
00000001
00002036
0000104A
00000FEC
00000000
00000000
00002037
0000104A
00000FED
00000000
00000001
00002038
0000104B
00000FED
00000000
00000000
00002039
0000104B
00000FEE
00000000
00000001
0000203A
0000104C
00000FEE
00000000
00000001
0000203B
0000104D
00000FEE
00000000
00000000
0000203C
0000104D
00000FEF
00000000
00000001
0000203D
0000104E
00000FEF
00000000
00000000
0000203E
0000104E
00000FF0
00000000
00000000
0000203F
0000104E
00000FF1
00000000
00000001
00002040
0000104F
00000FF1
00000000
00000000
00002041
0000104F
00000FF2
00000000
00000001
00002042
00001050
00000FF2
00000000
00000001
00002043
00001051
00000FF2
00000000
00000001
00002044
00001052
00000FF2
00000000
00000000
00002045
00001052
00000FF3
00000000
00000000
00002046
00001052
00000FF4
00000000
00000000
00002047
00001052
00000FF5
00000001
00000001
00002048
00001053
00000FF5
00000001
00000001
00002049
00001054
00000FF5
00000001
00000000
0000204A
00001054
00000FF6
00000001
00000001
0000204B
00001055
00000FF6
00000001
00000000
0000204C
00001055
00000FF7
00000001
00000001
0000204D
00001056
00000FF7
00000001
00000000
0000204E
00001056
00000FF8
00000001
00000000
0000204F
00001056
00000FF9
00000000
00000000
00002050
00001056
00000FFA
00000001
00000001
00002051
00001057
00000FFA
00000001
00000000
00002052
00001057
00000FFB
00000001
00000000
00002053
00001057
00000FFC
00000000
00000000
00002054
00001057
00000FFD
00000001
00000000
00002055
00001057
00000FFE
00000000
00000001
00002056
00001058
00000FFE
00000000
00000000
00002057
00001058
00000FFF
00000000
00000001
00002058
00001059
00000FFF
00000000
00000001
00002059
0000105A
00000FFF
00000000
00000001
0000205A
0000105B
00000FFF
00000000
00000000
0000205B
0000105B
00001000
00000000
00000000
0000205C
0000105B
00001001
00000000
00000000
0000205D
0000105B
00001002
00000001
00000001
0000205E
0000105C
00001002
00000001
00000001
0000205F
0000105D
00001002
00000001
00000001
00002060
0000105E
00001002
00000001
00000000
00002061
0000105E
00001003
00000001
00000001
00002062
0000105F
00001003
00000001
00000001
00002063
00001060
00001003
00000001
00000000
00002064
00001060
00001004
00000001
00000000
00002065
00001060
00001005
00000001
00000000
00002066
00001060
00001006
00000000
00000001
00002067
00001061
00001006
00000000
00000000
00002068
00001061
00001007
00000000
00000001
00002069
00001062
00001007
00000000
00000001
0000206A
00001063
00001007
00000000
00000000
0000206B
00001063
00001008
00000000
00000000
0000206C
00001063
00001009
00000001
00000001
0000206D
00001064
00001009
00000001
00000001
0000206E
00001065
00001009
00000001
00000000
0000206F
00001065
0000100A
00000001
00000001
00002070
00001066
0000100A
00000001
00000001
00002071
00001067
0000100A
00000001
00000000
00002072
00001067
0000100B
00000001
00000000
00002073
00001067
0000100C
00000001
00000000
00002074
00001067
0000100D
00000000
00000001
00002075
00001068
0000100D
00000000
00000001
00002076
00001069
0000100D
00000000
00000001
00002077
0000106A
0000100D
00000000
00000000
00002078
0000106A
0000100E
00000000
00000000
00002079
0000106A
0000100F
00000000
00000000
0000207A
0000106A
00001010
00000001
00000000
0000207B
0000106A
00001011
00000000
00000001
0000207C
0000106B
00001011
00000000
00000001
0000207D
0000106C
00001011
00000000
00000000
0000207E
0000106C
00001012
00000000
00000000
0000207F
0000106C
00001013
00000000
00000001
00002080
0000106D
00001013
00000000
00000001
00002081
0000106E
00001013
00000000
00000001
00002082
0000106F
00001013
00000000
00000001
00002083
00001070
00001013
00000000
00000001
00002084
00001071
00001013
00000000
00000001
00002085
00001072
00001013
00000000
00000001
00002086
00001073
00001013
00000000
00000001
00002087
00001074
00001013
00000000
00000000
00002088
00001074
00001014
00000000
00000001
00002089
00001075
00001014
00000000
00000000
0000208A
00001075
00001015
00000000
00000000
0000208B
00001075
00001016
00000000
00000001
0000208C
00001076
00001016
00000000
00000000
0000208D
00001076
00001017
00000000
00000000
0000208E
00001076
00001018
00000000
00000001
0000208F
00001077
00001018
00000000
00000001
00002090
00001078
00001018
00000000
00000000
00002091
00001078
00001019
00000000
00000000
00002092
00001078
0000101A
00000000
00000001
00002093
00001079
0000101A
00000000
00000001
00002094
0000107A
0000101A
00000000
00000001
00002095
0000107B
0000101A
00000000
00000000
00002096
0000107B
0000101B
00000000
00000000
00002097
0000107B
0000101C
00000000
00000001
00002098
0000107C
0000101C
00000000
00000001
00002099
0000107D
0000101C
00000000
00000001
0000209A
0000107E
0000101C
00000000
00000000
0000209B
0000107E
0000101D
00000000
00000000
0000209C
0000107E
0000101E
00000000
00000000
0000209D
0000107E
0000101F
00000001
00000000
0000209E
0000107E
00001020
00000000
00000001
0000209F
0000107F
00001020
00000000
00000000
000020A0
0000107F
00001021
00000000
00000000
000020A1
0000107F
00001022
00000001
00000000
000020A2
0000107F
00001023
00000000
00000001
000020A3
00001080
00001023
00000000
00000001
000020A4
00001081
00001023
00000000
00000001
000020A5
00001082
00001023
00000000
00000000
000020A6
00001082
00001024
00000000
00000000
000020A7
00001082
00001025
00000000
00000000
000020A8
00001082
00001026
00000001
00000000
000020A9
00001082
00001027
00000000
00000000
000020AA
00001082
00001028
00000001
00000001
000020AB
00001083
00001028
00000001
00000001
000020AC
00001084
00001028
00000001
00000001
000020AD
00001085
00001028
00000001
00000001
000020AE
00001086
00001028
00000001
00000000
000020AF
00001086
00001029
00000001
00000001
000020B0
00001087
00001029
00000001
00000000
000020B1
00001087
0000102A
00000001
00000000
000020B2
00001087
0000102B
00000001
00000000
000020B3
00001087
0000102C
00000000
00000000
000020B4
00001087
0000102D
00000001
00000001
000020B5
00001088
0000102D
00000001
00000000
000020B6
00001088
0000102E
00000001
00000000
000020B7
00001088
0000102F
00000000
00000001
000020B8
00001089
0000102F
00000000
00000001
000020B9
0000108A
0000102F
00000000
00000001
000020BA
0000108B
0000102F
00000000
00000001
000020BB
0000108C
0000102F
00000000
00000001
000020BC
0000108D
0000102F
00000000
00000001
000020BD
0000108E
0000102F
00000000
00000001
000020BE
0000108F
0000102F
00000000
00000001
000020BF
00001090
0000102F
00000000
00000001
000020C0
00001091
0000102F
00000000
00000000
000020C1
00001091
00001030
00000000
00000001
000020C2
00001092
00001030
00000000
00000000
000020C3
00001092
00001031
00000000
00000000
000020C4
00001092
00001032
00000000
00000001
000020C5
00001093
00001032
00000000
00000000
000020C6
00001093
00001033
00000000
00000001
000020C7
00001094
00001033
00000000
00000001
000020C8
00001095
00001033
00000000
00000000
000020C9
00001095
00001034
00000000
00000000
000020CA
00001095
00001035
00000000
00000001
000020CB
00001096
00001035
00000000
00000000
000020CC
00001096
00001036
00000000
00000001
000020CD
00001097
00001036
00000000
00000001
000020CE
00001098
00001036
00000000
00000000
000020CF
00001098
00001037
00000000
00000000
000020D0
00001098
00001038
00000000
00000000
000020D1
00001098
00001039
00000001
00000001
000020D2
00001099
00001039
00000001
00000001
000020D3
0000109A
00001039
00000001
00000000
000020D4
0000109A
0000103A
00000001
00000000
000020D5
0000109A
0000103B
00000000
00000000
000020D6
0000109A
0000103C
00000001
00000000
000020D7
0000109A
0000103D
00000000
00000001
000020D8
0000109B
0000103D
00000000
00000001
000020D9
0000109C
0000103D
00000000
00000000
000020DA
0000109C
0000103E
00000000
00000001
000020DB
0000109D
0000103E
00000000
00000001
000020DC
0000109E
0000103E
00000000
00000001
000020DD
0000109F
0000103E
00000000
00000001
000020DE
000010A0
0000103E
00000000
00000000
000020DF
000010A0
0000103F
00000000
00000001
000020E0
000010A1
0000103F
00000000
00000000
000020E1
000010A1
00001040
00000000
00000001
000020E2
000010A2
00001040
00000000
00000000
000020E3
000010A2
00001041
00000000
00000000
000020E4
000010A2
00001042
00000000
00000000
000020E5
000010A2
00001043
00000001
00000000
000020E6
000010A2
00001044
00000000
00000001
000020E7
000010A3
00001044
00000000
00000001
000020E8
000010A4
00001044
00000000
00000000
000020E9
000010A4
00001045
00000000
00000000
000020EA
000010A4
00001046
00000000
00000000
000020EB
000010A4
00001047
00000001
00000001
000020EC
000010A5
00001047
00000001
00000001
000020ED
000010A6
00001047
00000001
00000001
000020EE
000010A7
00001047
00000001
00000000
000020EF
000010A7
00001048
00000001
00000001
000020F0
000010A8
00001048
00000001
00000000
000020F1
000010A8
00001049
00000001
00000001
000020F2
000010A9
00001049
00000001
00000001
000020F3
000010AA
00001049
00000001
00000001
000020F4
000010AB
00001049
00000001
00000000
000020F5
000010AB
0000104A
00000001
00000000
000020F6
000010AB
0000104B
00000001
00000000
000020F7
000010AB
0000104C
00000001
00000001
000020F8
000010AC
0000104C
00000001
00000000
000020F9
000010AC
0000104D
00000001
00000001
000020FA
000010AD
0000104D
00000001
00000001
000020FB
000010AE
0000104D
00000001
00000001
000020FC
000010AF
0000104D
00000001
00000001
000020FD
000010B0
0000104D
00000001
00000000
000020FE
000010B0
0000104E
00000001
00000000
000020FF
000010B0
0000104F
00000001
00000001
00002100
000010B1
0000104F
00000001
00000001
00002101
000010B2
0000104F
00000001
00000000
00002102
000010B2
00001050
00000001
00000000
00002103
000010B2
00001051
00000001
00000001
00002104
000010B3
00001051
00000001
00000001
00002105
000010B4
00001051
00000001
00000001
00002106
000010B5
00001051
00000001
00000000
00002107
000010B5
00001052
00000001
00000000
00002108
000010B5
00001053
00000001
00000000
00002109
000010B5
00001054
00000000
00000000
0000210A
000010B5
00001055
00000001
00000001
0000210B
000010B6
00001055
00000001
00000000
0000210C
000010B6
00001056
00000001
00000000
0000210D
000010B6
00001057
00000000
00000000
0000210E
000010B6
00001058
00000001
00000000
0000210F
000010B6
00001059
00000000
00000000
00002110
000010B6
0000105A
00000001
00000001
00002111
000010B7
0000105A
00000001
00000000
00002112
000010B7
0000105B
00000001
00000000
00002113
000010B7
0000105C
00000000
00000001
00002114
000010B8
0000105C
00000000
00000000
00002115
000010B8
0000105D
00000000
00000000
00002116
000010B8
0000105E
00000001
00000000
00002117
000010B8
0000105F
00000000
00000001
00002118
000010B9
0000105F
00000000
00000001
00002119
000010BA
0000105F
00000000
00000000
0000211A
000010BA
00001060
00000000
00000001
0000211B
000010BB
00001060
00000000
00000000
0000211C
000010BB
00001061
00000000
00000000
0000211D
000010BB
00001062
00000001
00000000
0000211E
000010BB
00001063
00000000
00000000
0000211F
000010BB
00001064
00000001
00000000
00002120
000010BB
00001065
00000000
00000001
00002121
000010BC
00001065
00000000
00000001
00002122
000010BD
00001065
00000000
00000000
00002123
000010BD
00001066
00000000
00000001
00002124
000010BE
00001066
00000000
00000001
00002125
000010BF
00001066
00000000
00000000
00002126
000010BF
00001067
00000000
00000001
00002127
000010C0
00001067
00000000
00000000
00002128
000010C0
00001068
00000000
00000000
00002129
000010C0
00001069
00000000
00000001
0000212A
000010C1
00001069
00000000
00000000
0000212B
000010C1
0000106A
00000000
00000001
0000212C
000010C2
0000106A
00000000
00000001
0000212D
000010C3
0000106A
00000000
00000001
0000212E
000010C4
0000106A
00000000
00000000
0000212F
000010C4
0000106B
00000000
00000001
00002130
000010C5
0000106B
00000000
00000000
00002131
000010C5
0000106C
00000000
00000000
00002132
000010C5
0000106D
00000000
00000000
00002133
000010C5
0000106E
00000001
00000000
00002134
000010C5
0000106F
00000000
00000000
00002135
000010C5
00001070
00000001
00000000
00002136
000010C5
00001071
00000000
00000000
00002137
000010C5
00001072
00000001
00000001
00002138
000010C6
00001072
00000001
00000000
00002139
000010C6
00001073
00000001
00000001
0000213A
000010C7
00001073
00000001
00000000
0000213B
000010C7
00001074
00000001
00000001
0000213C
000010C8
00001074
00000001
00000001
0000213D
000010C9
00001074
00000001
00000001
0000213E
000010CA
00001074
00000001
00000000
0000213F
000010CA
00001075
00000001
00000001
00002140
000010CB
00001075
00000001
00000001
00002141
000010CC
00001075
00000001
00000001
00002142
000010CD
00001075
00000001
00000001
00002143
000010CE
00001075
00000001
00000000
00002144
000010CE
00001076
00000001
00000001
00002145
000010CF
00001076
00000001
00000001
00002146
000010D0
00001076
00000001
00000000
00002147
000010D0
00001077
00000001
00000001
00002148
000010D1
00001077
00000001
00000001
00002149
000010D2
00001077
00000001
00000000
0000214A
000010D2
00001078
00000001
00000000
0000214B
000010D2
00001079
00000001
00000000
0000214C
000010D2
0000107A
00000001
00000000
0000214D
000010D2
0000107B
00000000
00000000
0000214E
000010D2
0000107C
00000001
00000000
0000214F
000010D2
0000107D
00000000
00000000
00002150
000010D2
0000107E
00000001
00000000
00002151
000010D2
0000107F
00000000
00000001
00002152
000010D3
0000107F
00000000
00000000
00002153
000010D3
00001080
00000000
00000001
00002154
000010D4
00001080
00000000
00000001
00002155
000010D5
00001080
00000000
00000001
00002156
000010D6
00001080
00000000
00000001
00002157
000010D7
00001080
00000000
00000000
00002158
000010D7
00001081
00000000
00000000
00002159
000010D7
00001082
00000000
00000000
0000215A
000010D7
00001083
00000001
00000001
0000215B
000010D8
00001083
00000001
00000001
0000215C
000010D9
00001083
00000001
00000001
0000215D
000010DA
00001083
00000001
00000000
0000215E
000010DA
00001084
00000001
00000000
0000215F
000010DA
00001085
00000001
00000000
00002160
000010DA
00001086
00000000
00000001
00002161
000010DB
00001086
00000000
00000000
00002162
000010DB
00001087
00000000
00000001
00002163
000010DC
00001087
00000000
00000000
00002164
000010DC
00001088
00000000
00000000
00002165
000010DC
00001089
00000001
00000000
00002166
000010DC
0000108A
00000000
00000001
00002167
000010DD
0000108A
00000000
00000001
00002168
000010DE
0000108A
00000000
00000001
00002169
000010DF
0000108A
00000000
00000001
0000216A
000010E0
0000108A
00000000
00000001
0000216B
000010E1
0000108A
00000000
00000000
0000216C
000010E1
0000108B
00000000
00000001
0000216D
000010E2
0000108B
00000000
00000001
0000216E
000010E3
0000108B
00000000
00000000
0000216F
000010E3
0000108C
00000000
00000000
00002170
000010E3
0000108D
00000000
00000000
00002171
000010E3
0000108E
00000000
00000001
00002172
000010E4
0000108E
00000000
00000000
00002173
000010E4
0000108F
00000000
00000001
00002174
000010E5
0000108F
00000000
00000000
00002175
000010E5
00001090
00000000
00000001
00002176
000010E6
00001090
00000000
00000001
00002177
000010E7
00001090
00000000
00000000
00002178
000010E7
00001091
00000000
00000001
00002179
000010E8
00001091
00000000
00000001
0000217A
000010E9
00001091
00000000
00000000
0000217B
000010E9
00001092
00000000
00000001
0000217C
000010EA
00001092
00000000
00000001
0000217D
000010EB
00001092
00000000
00000000
0000217E
000010EB
00001093
00000000
00000000
0000217F
000010EB
00001094
00000000
00000000
00002180
000010EB
00001095
00000001
00000000
00002181
000010EB
00001096
00000000
00000001
00002182
000010EC
00001096
00000000
00000000
00002183
000010EC
00001097
00000000
00000001
00002184
000010ED
00001097
00000000
00000000
00002185
000010ED
00001098
00000000
00000000
00002186
000010ED
00001099
00000001
00000001
00002187
000010EE
00001099
00000001
00000000
00002188
000010EE
0000109A
00000001
00000000
00002189
000010EE
0000109B
00000000
00000001
0000218A
000010EF
0000109B
00000000
00000001
0000218B
000010F0
0000109B
00000000
00000001
0000218C
000010F1
0000109B
00000000
00000000
0000218D
000010F1
0000109C
00000000
00000000
0000218E
000010F1
0000109D
00000000
00000000
0000218F
000010F1
0000109E
00000001
00000000
00002190
000010F1
0000109F
00000000
00000001
00002191
000010F2
0000109F
00000000
00000001
00002192
000010F3
0000109F
00000000
00000001
00002193
000010F4
0000109F
00000000
00000000
00002194
000010F4
000010A0
00000000
00000000
00002195
000010F4
000010A1
00000000
00000001
00002196
000010F5
000010A1
00000000
00000000
00002197
000010F5
000010A2
00000000
00000001
00002198
000010F6
000010A2
00000000
00000000
00002199
000010F6
000010A3
00000000
00000001
0000219A
000010F7
000010A3
00000000
00000000
0000219B
000010F7
000010A4
00000000
00000000
0000219C
000010F7
000010A5
00000001
00000000
0000219D
000010F7
000010A6
00000000
00000000
0000219E
000010F7
000010A7
00000001
00000000
0000219F
000010F7
000010A8
00000000
00000001
000021A0
000010F8
000010A8
00000000
00000000
000021A1
000010F8
000010A9
00000000
00000000
000021A2
000010F8
000010AA
00000001
00000000
000021A3
000010F8
000010AB
00000000
00000001
000021A4
000010F9
000010AB
00000000
00000001
000021A5
000010FA
000010AB
00000000
00000001
000021A6
000010FB
000010AB
00000000
00000000
000021A7
000010FB
000010AC
00000000
00000001
000021A8
000010FC
000010AC
00000000
00000000
000021A9
000010FC
000010AD
00000000
00000000
000021AA
000010FC
000010AE
00000000
00000000
000021AB
000010FC
000010AF
00000001
00000000
000021AC
000010FC
000010B0
00000000
00000000
000021AD
000010FC
000010B1
00000001
00000001
000021AE
000010FD
000010B1
00000001
00000001
000021AF
000010FE
000010B1
00000001
00000000
000021B0
000010FE
000010B2
00000001
00000001
000021B1
000010FF
000010B2
00000001
00000000
000021B2
000010FF
000010B3
00000001
00000000
000021B3
000010FF
000010B4
00000000
00000000
000021B4
000010FF
000010B5
00000001
00000001
000021B5
00001100
000010B5
00000001
00000000
000021B6
00001100
000010B6
00000001
00000001
000021B7
00001101
000010B6
00000001
00000001
000021B8
00001102
000010B6
00000001
00000001
000021B9
00001103
000010B6
00000001
00000001
000021BA
00001104
000010B6
00000001
00000001
000021BB
00001105
000010B6
00000001
00000000
000021BC
00001105
000010B7
00000001
00000000
000021BD
00001105
000010B8
00000001
00000001
000021BE
00001106
000010B8
00000001
00000000
000021BF
00001106
000010B9
00000001
00000000
000021C0
00001106
000010BA
00000001
00000000
000021C1
00001106
000010BB
00000000
00000000
000021C2
00001106
000010BC
00000001
00000001
000021C3
00001107
000010BC
00000001
00000000
000021C4
00001107
000010BD
00000001
00000001
000021C5
00001108
000010BD
00000001
00000000
000021C6
00001108
000010BE
00000001
00000001
000021C7
00001109
000010BE
00000001
00000000
000021C8
00001109
000010BF
00000000
00000000
000021C9
00001109
000010C0
00000001
00000001
000021CA
0000110A
000010C0
00000001
00000001
000021CB
0000110B
000010C0
00000001
00000000
000021CC
0000110B
000010C1
00000001
00000000
000021CD
0000110B
000010C2
00000001
00000000
000021CE
0000110B
000010C3
00000000
00000000
000021CF
0000110B
000010C4
00000001
00000001
000021D0
0000110C
000010C4
00000001
00000000
000021D1
0000110C
000010C5
00000001
00000001
000021D2
0000110D
000010C5
00000001
00000000
000021D3
0000110D
000010C6
00000001
00000000
000021D4
0000110D
000010C7
00000000
00000000
000021D5
0000110D
000010C8
00000001
00000000
000021D6
0000110D
000010C9
00000000
00000000
000021D7
0000110D
000010CA
00000001
00000001
000021D8
0000110E
000010CA
00000001
00000000
000021D9
0000110E
000010CB
00000001
00000000
000021DA
0000110E
000010CC
00000000
00000001
000021DB
0000110F
000010CC
00000000
00000000
000021DC
0000110F
000010CD
00000000
00000000
000021DD
0000110F
000010CE
00000001
00000001
000021DE
00001110
000010CE
00000001
00000000
000021DF
00001110
000010CF
00000001
00000001
000021E0
00001111
000010CF
00000001
00000000
000021E1
00001111
000010D0
00000001
00000000
000021E2
00001111
000010D1
00000000
00000001
000021E3
00001112
000010D1
00000000
00000001
000021E4
00001113
000010D1
00000000
00000000
000021E5
00001113
000010D2
00000000
00000001
000021E6
00001114
000010D2
00000000
00000001
000021E7
00001115
000010D2
00000000
00000000
000021E8
00001115
000010D3
00000000
00000000
000021E9
00001115
000010D4
00000000
00000001
000021EA
00001116
000010D4
00000000
00000001
000021EB
00001117
000010D4
00000000
00000001
000021EC
00001118
000010D4
00000000
00000001
000021ED
00001119
000010D4
00000000
00000001
000021EE
0000111A
000010D4
00000000
00000000
000021EF
0000111A
000010D5
00000000
00000000
000021F0
0000111A
000010D6
00000000
00000000
000021F1
0000111A
000010D7
00000000
00000001
000021F2
0000111B
000010D7
00000000
00000001
000021F3
0000111C
000010D7
00000000
00000000
000021F4
0000111C
000010D8
00000000
00000001
000021F5
0000111D
000010D8
00000000
00000000
000021F6
0000111D
000010D9
00000000
00000000
000021F7
0000111D
000010DA
00000001
00000001
000021F8
0000111E
000010DA
00000001
00000001
000021F9
0000111F
000010DA
00000001
00000001
000021FA
00001120
000010DA
00000001
00000000
000021FB
00001120
000010DB
00000001
00000000
000021FC
00001120
000010DC
00000001
00000001
000021FD
00001121
000010DC
00000001
00000001
000021FE
00001122
000010DC
00000001
00000000
000021FF
00001122
000010DD
00000001
00000000
00002200
00001122
000010DE
00000000
00000000
00002201
00001122
000010DF
00000001
00000001
00002202
00001123
000010DF
00000001
00000001
00002203
00001124
000010DF
00000001
00000000
00002204
00001124
000010E0
00000001
00000001
00002205
00001125
000010E0
00000001
00000000
00002206
00001125
000010E1
00000001
00000001
00002207
00001126
000010E1
00000001
00000000
00002208
00001126
000010E2
00000001
00000000
00002209
00001126
000010E3
00000000
00000001
0000220A
00001127
000010E3
00000000
00000001
0000220B
00001128
000010E3
00000000
00000001
0000220C
00001129
000010E3
00000000
00000001
0000220D
0000112A
000010E3
00000000
00000001
0000220E
0000112B
000010E3
00000000
00000001
0000220F
0000112C
000010E3
00000000
00000000
00002210
0000112C
000010E4
00000000
00000001
00002211
0000112D
000010E4
00000000
00000000
00002212
0000112D
000010E5
00000000
00000001
00002213
0000112E
000010E5
00000000
00000000
00002214
0000112E
000010E6
00000000
00000000
00002215
0000112E
000010E7
00000000
00000001
00002216
0000112F
000010E7
00000000
00000000
00002217
0000112F
000010E8
00000000
00000001
00002218
00001130
000010E8
00000000
00000001
00002219
00001131
000010E8
00000000
00000000
0000221A
00001131
000010E9
00000000
00000001
0000221B
00001132
000010E9
00000000
00000001
0000221C
00001133
000010E9
00000000
00000001
0000221D
00001134
000010E9
00000000
00000001
0000221E
00001135
000010E9
00000000
00000000
0000221F
00001135
000010EA
00000000
00000000
00002220
00001135
000010EB
00000000
00000001
00002221
00001136
000010EB
00000000
00000001
00002222
00001137
000010EB
00000000
00000000
00002223
00001137
000010EC
00000000
00000001
00002224
00001138
000010EC
00000000
00000001
00002225
00001139
000010EC
00000000
00000001
00002226
0000113A
000010EC
00000000
00000000
00002227
0000113A
000010ED
00000000
00000001
00002228
0000113B
000010ED
00000000
00000000
00002229
0000113B
000010EE
00000000
00000000
0000222A
0000113B
000010EF
00000000
00000000
0000222B
0000113B
000010F0
00000000
00000000
0000222C
0000113B
000010F1
00000001
00000000
0000222D
0000113B
000010F2
00000000
00000000
0000222E
0000113B
000010F3
00000001
00000001
0000222F
0000113C
000010F3
00000001
00000001
00002230
0000113D
000010F3
00000001
00000001
00002231
0000113E
000010F3
00000001
00000001
00002232
0000113F
000010F3
00000001
00000001
00002233
00001140
000010F3
00000001
00000000
00002234
00001140
000010F4
00000001
00000001
00002235
00001141
000010F4
00000001
00000001
00002236
00001142
000010F4
00000001
00000001
00002237
00001143
000010F4
00000001
00000000
00002238
00001143
000010F5
00000001
00000000
00002239
00001143
000010F6
00000001
00000000
0000223A
00001143
000010F7
00000001
00000000
0000223B
00001143
000010F8
00000001
00000001
0000223C
00001144
000010F8
00000001
00000001
0000223D
00001145
000010F8
00000001
00000001
0000223E
00001146
000010F8
00000001
00000001
0000223F
00001147
000010F8
00000001
00000000
00002240
00001147
000010F9
00000001
00000001
00002241
00001148
000010F9
00000001
00000001
00002242
00001149
000010F9
00000001
00000001
00002243
0000114A
000010F9
00000001
00000001
00002244
0000114B
000010F9
00000001
00000000
00002245
0000114B
000010FA
00000001
00000001
00002246
0000114C
000010FA
00000001
00000001
00002247
0000114D
000010FA
00000001
00000001
00002248
0000114E
000010FA
00000001
00000001
00002249
0000114F
000010FA
00000001
00000001
0000224A
00001150
000010FA
00000001
00000001
0000224B
00001151
000010FA
00000001
00000001
0000224C
00001152
000010FA
00000001
00000000
0000224D
00001152
000010FB
00000001
00000001
0000224E
00001153
000010FB
00000001
00000001
0000224F
00001154
000010FB
00000001
00000000
00002250
00001154
000010FC
00000001
00000000
00002251
00001154
000010FD
00000001
00000000
00002252
00001154
000010FE
00000001
00000001
00002253
00001155
000010FE
00000001
00000000
00002254
00001155
000010FF
00000001
00000000
00002255
00001155
00001100
00000001
00000001
00002256
00001156
00001100
00000001
00000001
00002257
00001157
00001100
00000001
00000000
00002258
00001157
00001101
00000001
00000001
00002259
00001158
00001101
00000001
00000001
0000225A
00001159
00001101
00000001
00000001
0000225B
0000115A
00001101
00000001
00000001
0000225C
0000115B
00001101
00000001
00000000
0000225D
0000115B
00001102
00000001
00000001
0000225E
0000115C
00001102
00000001
00000001
0000225F
0000115D
00001102
00000001
00000001
00002260
0000115E
00001102
00000001
00000001
00002261
0000115F
00001102
00000001
00000000
00002262
0000115F
00001103
00000001
00000001
00002263
00001160
00001103
00000001
00000000
00002264
00001160
00001104
00000001
00000000
00002265
00001160
00001105
00000001
00000000
00002266
00001160
00001106
00000001
00000001
00002267
00001161
00001106
00000001
00000001
00002268
00001162
00001106
00000001
00000001
00002269
00001163
00001106
00000001
00000000
0000226A
00001163
00001107
00000001
00000000
0000226B
00001163
00001108
00000001
00000000
0000226C
00001163
00001109
00000001
00000001
0000226D
00001164
00001109
00000001
00000001
0000226E
00001165
00001109
00000001
00000000
0000226F
00001165
0000110A
00000001
00000000
00002270
00001165
0000110B
00000000
00000001
00002271
00001166
0000110B
00000000
00000001
00002272
00001167
0000110B
00000000
00000000
00002273
00001167
0000110C
00000000
00000000
00002274
00001167
0000110D
00000001
00000001
00002275
00001168
0000110D
00000001
00000000
00002276
00001168
0000110E
00000001
00000001
00002277
00001169
0000110E
00000001
00000001
00002278
0000116A
0000110E
00000001
00000000
00002279
0000116A
0000110F
00000001
00000001
0000227A
0000116B
0000110F
00000001
00000000
0000227B
0000116B
00001110
00000001
00000000
0000227C
0000116B
00001111
00000000
00000000
0000227D
0000116B
00001112
00000001
00000001
0000227E
0000116C
00001112
00000001
00000000
0000227F
0000116C
00001113
00000001
00000001
00002280
0000116D
00001113
00000001
00000000
00002281
0000116D
00001114
00000001
00000001
00002282
0000116E
00001114
00000001
00000000
00002283
0000116E
00001115
00000000
00000001
00002284
0000116F
00001115
00000000
00000000
00002285
0000116F
00001116
00000001
00000001
00002286
00001170
00001116
00000001
00000001
00002287
00001171
00001116
00000001
00000000
00002288
00001171
00001117
00000001
00000000
00002289
00001171
00001118
00000000
00000000
0000228A
00001171
00001119
00000001
00000001
0000228B
00001172
00001119
00000001
00000001
0000228C
00001173
00001119
00000001
00000001
0000228D
00001174
00001119
00000001
00000001
0000228E
00001175
00001119
00000001
00000000
0000228F
00001175
0000111A
00000001
00000001
00002290
00001176
0000111A
00000001
00000001
00002291
00001177
0000111A
00000001
00000000
00002292
00001177
0000111B
00000001
00000001
00002293
00001178
0000111B
00000001
00000001
00002294
00001179
0000111B
00000001
00000000
00002295
00001179
0000111C
00000001
00000001
00002296
0000117A
0000111C
00000001
00000000
00002297
0000117A
0000111D
00000001
00000000
00002298
0000117A
0000111E
00000001
00000000
00002299
0000117A
0000111F
00000001
00000001
0000229A
0000117B
0000111F
00000001
00000000
0000229B
0000117B
00001120
00000000
00000000
0000229C
0000117B
00001121
00000001
00000000
0000229D
0000117B
00001122
00000000
00000001
0000229E
0000117C
00001122
00000000
00000000
0000229F
0000117C
00001123
00000000
00000000
000022A0
0000117C
00001124
00000001
00000000
000022A1
0000117C
00001125
00000000
00000001
000022A2
0000117D
00001125
00000000
00000001
000022A3
0000117E
00001125
00000000
00000000
000022A4
0000117E
00001126
00000000
00000000
000022A5
0000117E
00001127
00000001
00000001
000022A6
0000117F
00001127
00000001
00000000
000022A7
0000117F
00001128
00000001
00000000
000022A8
0000117F
00001129
00000000
00000001
000022A9
00001180
00001129
00000000
00000000
000022AA
00001180
0000112A
00000000
00000001
000022AB
00001181
0000112A
00000000
00000001
000022AC
00001182
0000112A
00000000
00000000
000022AD
00001182
0000112B
00000000
00000000
000022AE
00001182
0000112C
00000000
00000001
000022AF
00001183
0000112C
00000000
00000000
000022B0
00001183
0000112D
00000000
00000001
000022B1
00001184
0000112D
00000000
00000001
000022B2
00001185
0000112D
00000000
00000001
000022B3
00001186
0000112D
00000000
00000001
000022B4
00001187
0000112D
00000000
00000000
000022B5
00001187
0000112E
00000000
00000001
000022B6
00001188
0000112E
00000000
00000001
000022B7
00001189
0000112E
00000000
00000000
000022B8
00001189
0000112F
00000000
00000001
000022B9
0000118A
0000112F
00000000
00000001
000022BA
0000118B
0000112F
00000000
00000000
000022BB
0000118B
00001130
00000000
00000001
000022BC
0000118C
00001130
00000000
00000000
000022BD
0000118C
00001131
00000000
00000000
000022BE
0000118C
00001132
00000000
00000001
000022BF
0000118D
00001132
00000000
00000000
000022C0
0000118D
00001133
00000000
00000000
000022C1
0000118D
00001134
00000001
00000001
000022C2
0000118E
00001134
00000001
00000001
000022C3
0000118F
00001134
00000001
00000000
000022C4
0000118F
00001135
00000001
00000000
000022C5
0000118F
00001136
00000000
00000001
000022C6
00001190
00001136
00000000
00000001
000022C7
00001191
00001136
00000000
00000000
000022C8
00001191
00001137
00000000
00000000
000022C9
00001191
00001138
00000001
00000000
000022CA
00001191
00001139
00000000
00000000
000022CB
00001191
0000113A
00000001
00000001
000022CC
00001192
0000113A
00000001
00000001
000022CD
00001193
0000113A
00000001
00000000
000022CE
00001193
0000113B
00000001
00000000
000022CF
00001193
0000113C
00000000
00000000
000022D0
00001193
0000113D
00000001
00000001
000022D1
00001194
0000113D
00000001
00000001
000022D2
00001195
0000113D
00000001
00000000
000022D3
00001195
0000113E
00000001
00000000
000022D4
00001195
0000113F
00000001
00000001
000022D5
00001196
0000113F
00000001
00000001
000022D6
00001197
0000113F
00000001
00000001
000022D7
00001198
0000113F
00000001
00000000
000022D8
00001198
00001140
00000001
00000001
000022D9
00001199
00001140
00000001
00000001
000022DA
0000119A
00001140
00000001
00000001
000022DB
0000119B
00001140
00000001
00000000
000022DC
0000119B
00001141
00000001
00000001
000022DD
0000119C
00001141
00000001
00000000
000022DE
0000119C
00001142
00000001
00000000
000022DF
0000119C
00001143
00000001
00000000
000022E0
0000119C
00001144
00000000
00000000
000022E1
0000119C
00001145
00000001
00000000
000022E2
0000119C
00001146
00000000
00000000
000022E3
0000119C
00001147
00000001
00000001
000022E4
0000119D
00001147
00000001
00000000
000022E5
0000119D
00001148
00000001
00000000
000022E6
0000119D
00001149
00000000
00000001
000022E7
0000119E
00001149
00000000
00000000
000022E8
0000119E
0000114A
00000000
00000000
000022E9
0000119E
0000114B
00000001
00000000
000022EA
0000119E
0000114C
00000000
00000001
000022EB
0000119F
0000114C
00000000
00000000
000022EC
0000119F
0000114D
00000000
00000001
000022ED
000011A0
0000114D
00000000
00000001
000022EE
000011A1
0000114D
00000000
00000001
000022EF
000011A2
0000114D
00000000
00000000
000022F0
000011A2
0000114E
00000000
00000001
000022F1
000011A3
0000114E
00000000
00000000
000022F2
000011A3
0000114F
00000000
00000001
000022F3
000011A4
0000114F
00000000
00000001
000022F4
000011A5
0000114F
00000000
00000000
000022F5
000011A5
00001150
00000000
00000000
000022F6
000011A5
00001151
00000000
00000001
000022F7
000011A6
00001151
00000000
00000000
000022F8
000011A6
00001152
00000000
00000001
000022F9
000011A7
00001152
00000000
00000001
000022FA
000011A8
00001152
00000000
00000001
000022FB
000011A9
00001152
00000000
00000001
000022FC
000011AA
00001152
00000000
00000001
000022FD
000011AB
00001152
00000000
00000001
000022FE
000011AC
00001152
00000000
00000000
000022FF
000011AC
00001153
00000000
00000000
00002300
000011AC
00001154
00000000
00000000
00002301
000011AC
00001155
00000000
00000001
00002302
000011AD
00001155
00000000
00000000
00002303
000011AD
00001156
00000000
00000001
00002304
000011AE
00001156
00000000
00000000
00002305
000011AE
00001157
00000000
00000001
00002306
000011AF
00001157
00000000
00000001
00002307
000011B0
00001157
00000000
00000000
00002308
000011B0
00001158
00000000
00000001
00002309
000011B1
00001158
00000000
00000001
0000230A
000011B2
00001158
00000000
00000000
0000230B
000011B2
00001159
00000000
00000001
0000230C
000011B3
00001159
00000000
00000001
0000230D
000011B4
00001159
00000000
00000001
0000230E
000011B5
00001159
00000000
00000001
0000230F
000011B6
00001159
00000000
00000000
00002310
000011B6
0000115A
00000000
00000001
00002311
000011B7
0000115A
00000000
00000000
00002312
000011B7
0000115B
00000000
00000000
00002313
000011B7
0000115C
00000000
00000000
00002314
000011B7
0000115D
00000000
00000001
00002315
000011B8
0000115D
00000000
00000000
00002316
000011B8
0000115E
00000000
00000001
00002317
000011B9
0000115E
00000000
00000000
00002318
000011B9
0000115F
00000000
00000001
00002319
000011BA
0000115F
00000000
00000000
0000231A
000011BA
00001160
00000000
00000000
0000231B
000011BA
00001161
00000001
00000001
0000231C
000011BB
00001161
00000001
00000000
0000231D
000011BB
00001162
00000001
00000001
0000231E
000011BC
00001162
00000001
00000001
0000231F
000011BD
00001162
00000001
00000000
00002320
000011BD
00001163
00000001
00000000
00002321
000011BD
00001164
00000001
00000000
00002322
000011BD
00001165
00000000
00000000
00002323
000011BD
00001166
00000001
00000001
00002324
000011BE
00001166
00000001
00000001
00002325
000011BF
00001166
00000001
00000001
00002326
000011C0
00001166
00000001
00000000
00002327
000011C0
00001167
00000001
00000001
00002328
000011C1
00001167
00000001
00000000
00002329
000011C1
00001168
00000001
00000001
0000232A
000011C2
00001168
00000001
00000000
0000232B
000011C2
00001169
00000001
00000001
0000232C
000011C3
00001169
00000001
00000001
0000232D
000011C4
00001169
00000001
00000001
0000232E
000011C5
00001169
00000001
00000000
0000232F
000011C5
0000116A
00000001
00000000
00002330
000011C5
0000116B
00000001
00000000
00002331
000011C5
0000116C
00000000
00000001
00002332
000011C6
0000116C
00000000
00000000
00002333
000011C6
0000116D
00000000
00000001
00002334
000011C7
0000116D
00000000
00000000
00002335
000011C7
0000116E
00000001
00000001
00002336
000011C8
0000116E
00000001
00000001
00002337
000011C9
0000116E
00000001
00000000
00002338
000011C9
0000116F
00000001
00000000
00002339
000011C9
00001170
00000000
00000001
0000233A
000011CA
00001170
00000000
00000001
0000233B
000011CB
00001170
00000000
00000000
0000233C
000011CB
00001171
00000000
00000001
0000233D
000011CC
00001171
00000000
00000001
0000233E
000011CD
00001171
00000000
00000000
0000233F
000011CD
00001172
00000000
00000000
00002340
000011CD
00001173
00000000
00000001
00002341
000011CE
00001173
00000000
00000000
00002342
000011CE
00001174
00000000
00000000
00002343
000011CE
00001175
00000001
00000000
00002344
000011CE
00001176
00000000
00000000
00002345
000011CE
00001177
00000001
00000001
00002346
000011CF
00001177
00000001
00000000
00002347
000011CF
00001178
00000001
00000001
00002348
000011D0
00001178
00000001
00000001
00002349
000011D1
00001178
00000001
00000000
0000234A
000011D1
00001179
00000001
00000001
0000234B
000011D2
00001179
00000001
00000000
0000234C
000011D2
0000117A
00000001
00000001
0000234D
000011D3
0000117A
00000001
00000001
0000234E
000011D4
0000117A
00000001
00000000
0000234F
000011D4
0000117B
00000001
00000001
00002350
000011D5
0000117B
00000001
00000001
00002351
000011D6
0000117B
00000001
00000000
00002352
000011D6
0000117C
00000001
00000001
00002353
000011D7
0000117C
00000001
00000000
00002354
000011D7
0000117D
00000001
00000000
00002355
000011D7
0000117E
00000001
00000001
00002356
000011D8
0000117E
00000001
00000001
00002357
000011D9
0000117E
00000001
00000000
00002358
000011D9
0000117F
00000001
00000001
00002359
000011DA
0000117F
00000001
00000000
0000235A
000011DA
00001180
00000001
00000001
0000235B
000011DB
00001180
00000001
00000000
0000235C
000011DB
00001181
00000001
00000001
0000235D
000011DC
00001181
00000001
00000000
0000235E
000011DC
00001182
00000001
00000000
0000235F
000011DC
00001183
00000000
00000001
00002360
000011DD
00001183
00000000
00000001
00002361
000011DE
00001183
00000000
00000000
00002362
000011DE
00001184
00000000
00000000
00002363
000011DE
00001185
00000000
00000001
00002364
000011DF
00001185
00000000
00000001
00002365
000011E0
00001185
00000000
00000000
00002366
000011E0
00001186
00000000
00000000
00002367
000011E0
00001187
00000001
00000000
00002368
000011E0
00001188
00000000
00000000
00002369
000011E0
00001189
00000001
00000000
0000236A
000011E0
0000118A
00000000
00000001
0000236B
000011E1
0000118A
00000000
00000000
0000236C
000011E1
0000118B
00000000
00000001
0000236D
000011E2
0000118B
00000000
00000001
0000236E
000011E3
0000118B
00000000
00000001
0000236F
000011E4
0000118B
00000000
00000001
00002370
000011E5
0000118B
00000000
00000000
00002371
000011E5
0000118C
00000000
00000000
00002372
000011E5
0000118D
00000000
00000000
00002373
000011E5
0000118E
00000000
00000001
00002374
000011E6
0000118E
00000000
00000001
00002375
000011E7
0000118E
00000000
00000001
00002376
000011E8
0000118E
00000000
00000000
00002377
000011E8
0000118F
00000000
00000001
00002378
000011E9
0000118F
00000000
00000001
00002379
000011EA
0000118F
00000000
00000001
0000237A
000011EB
0000118F
00000000
00000001
0000237B
000011EC
0000118F
00000000
00000001
0000237C
000011ED
0000118F
00000000
00000000
0000237D
000011ED
00001190
00000000
00000000
0000237E
000011ED
00001191
00000000
00000000
0000237F
000011ED
00001192
00000000
00000000
00002380
000011ED
00001193
00000000
00000001
00002381
000011EE
00001193
00000000
00000001
00002382
000011EF
00001193
00000000
00000001
00002383
000011F0
00001193
00000000
00000001
00002384
000011F1
00001193
00000000
00000001
00002385
000011F2
00001193
00000000
00000000
00002386
000011F2
00001194
00000000
00000001
00002387
000011F3
00001194
00000000
00000001
00002388
000011F4
00001194
00000000
00000000
00002389
000011F4
00001195
00000000
00000000
0000238A
000011F4
00001196
00000000
00000000
0000238B
000011F4
00001197
00000000
00000001
0000238C
000011F5
00001197
00000000
00000001
0000238D
000011F6
00001197
00000000
00000000
0000238E
000011F6
00001198
00000000
00000001
0000238F
000011F7
00001198
00000000
00000001
00002390
000011F8
00001198
00000000
00000001
00002391
000011F9
00001198
00000000
00000001
00002392
000011FA
00001198
00000000
00000000
00002393
000011FA
00001199
00000000
00000001
00002394
000011FB
00001199
00000000
00000000
00002395
000011FB
0000119A
00000000
00000001
00002396
000011FC
0000119A
00000000
00000001
00002397
000011FD
0000119A
00000000
00000000
00002398
000011FD
0000119B
00000000
00000000
00002399
000011FD
0000119C
00000000
00000000
0000239A
000011FD
0000119D
00000000
00000000
0000239B
000011FD
0000119E
00000001
00000000
0000239C
000011FD
0000119F
00000000
00000001
0000239D
000011FE
0000119F
00000000
00000000
0000239E
000011FE
000011A0
00000000
00000001
0000239F
000011FF
000011A0
00000000
00000001
000023A0
00001200
000011A0
00000000
00000000
000023A1
00001200
000011A1
00000000
00000000
000023A2
00001200
000011A2
00000001
00000000
000023A3
00001200
000011A3
00000000
00000000
000023A4
00001200
000011A4
00000001
00000000
000023A5
00001200
000011A5
00000000
00000000
000023A6
00001200
000011A6
00000001
00000000
000023A7
00001200
000011A7
00000000
00000000
000023A8
00001200
000011A8
00000001
00000000
000023A9
00001200
000011A9
00000000
00000001
000023AA
00001201
000011A9
00000000
00000001
000023AB
00001202
000011A9
00000000
00000000
000023AC
00001202
000011AA
00000000
00000000
000023AD
00001202
000011AB
00000000
00000000
000023AE
00001202
000011AC
00000001
00000000
000023AF
00001202
000011AD
00000000
00000001
000023B0
00001203
000011AD
00000000
00000000
000023B1
00001203
000011AE
00000000
00000000
000023B2
00001203
000011AF
00000001
00000001
000023B3
00001204
000011AF
00000001
00000000
000023B4
00001204
000011B0
00000001
00000000
000023B5
00001204
000011B1
00000000
00000000
000023B6
00001204
000011B2
00000001
00000000
000023B7
00001204
000011B3
00000000
00000000
000023B8
00001204
000011B4
00000001
00000000
000023B9
00001204
000011B5
00000000
00000001
000023BA
00001205
000011B5
00000000
00000001
000023BB
00001206
000011B5
00000000
00000001
000023BC
00001207
000011B5
00000000
00000000
000023BD
00001207
000011B6
00000000
00000000
000023BE
00001207
000011B7
00000000
00000001
000023BF
00001208
000011B7
00000000
00000000
000023C0
00001208
000011B8
00000000
00000000
000023C1
00001208
000011B9
00000001
00000000
000023C2
00001208
000011BA
00000000
00000001
000023C3
00001209
000011BA
00000000
00000000
000023C4
00001209
000011BB
00000000
00000001
000023C5
0000120A
000011BB
00000000
00000000
000023C6
0000120A
000011BC
00000000
00000000
000023C7
0000120A
000011BD
00000001
00000000
000023C8
0000120A
000011BE
00000000
00000000
000023C9
0000120A
000011BF
00000001
00000000
000023CA
0000120A
000011C0
00000000
00000000
000023CB
0000120A
000011C1
00000001
00000001
000023CC
0000120B
000011C1
00000001
00000001
000023CD
0000120C
000011C1
00000001
00000000
000023CE
0000120C
000011C2
00000001
00000001
000023CF
0000120D
000011C2
00000001
00000000
000023D0
0000120D
000011C3
00000001
00000000
000023D1
0000120D
000011C4
00000000
00000000
000023D2
0000120D
000011C5
00000001
00000001
000023D3
0000120E
000011C5
00000001
00000000
000023D4
0000120E
000011C6
00000001
00000000
000023D5
0000120E
000011C7
00000000
00000001
000023D6
0000120F
000011C7
00000000
00000001
000023D7
00001210
000011C7
00000000
00000000
000023D8
00001210
000011C8
00000000
00000001
000023D9
00001211
000011C8
00000000
00000001
000023DA
00001212
000011C8
00000000
00000001
000023DB
00001213
000011C8
00000000
00000000
000023DC
00001213
000011C9
00000000
00000001
000023DD
00001214
000011C9
00000000
00000000
000023DE
00001214
000011CA
00000000
00000001
000023DF
00001215
000011CA
00000000
00000001
000023E0
00001216
000011CA
00000000
00000000
000023E1
00001216
000011CB
00000000
00000001
000023E2
00001217
000011CB
00000000
00000001
000023E3
00001218
000011CB
00000000
00000000
000023E4
00001218
000011CC
00000000
00000000
000023E5
00001218
000011CD
00000000
00000000
000023E6
00001218
000011CE
00000000
00000001
000023E7
00001219
000011CE
00000000
00000001
000023E8
0000121A
000011CE
00000000
00000001
000023E9
0000121B
000011CE
00000000
00000001
000023EA
0000121C
000011CE
00000000
00000000
000023EB
0000121C
000011CF
00000000
00000000
000023EC
0000121C
000011D0
00000000
00000001
000023ED
0000121D
000011D0
00000000
00000001
000023EE
0000121E
000011D0
00000000
00000001
000023EF
0000121F
000011D0
00000000
00000001
000023F0
00001220
000011D0
00000000
00000001
000023F1
00001221
000011D0
00000000
00000001
000023F2
00001222
000011D0
00000000
00000000
000023F3
00001222
000011D1
00000000
00000001
000023F4
00001223
000011D1
00000000
00000000
000023F5
00001223
000011D2
00000000
00000000
000023F6
00001223
000011D3
00000000
00000001
000023F7
00001224
000011D3
00000000
00000000
000023F8
00001224
000011D4
00000000
00000001
000023F9
00001225
000011D4
00000000
00000001
000023FA
00001226
000011D4
00000000
00000001
000023FB
00001227
000011D4
00000000
00000000
000023FC
00001227
000011D5
00000000
00000000
000023FD
00001227
000011D6
00000000
00000001
000023FE
00001228
000011D6
00000000
00000001
000023FF
00001229
000011D6
00000000
00000001
00002400
0000122A
000011D6
00000000
00000001
00002401
0000122B
000011D6
00000000
00000001
00002402
0000122C
000011D6
00000000
00000000
00002403
0000122C
000011D7
00000000
00000000
00002404
0000122C
000011D8
00000000
00000001
00002405
0000122D
000011D8
00000000
00000001
00002406
0000122E
000011D8
00000000
00000001
00002407
0000122F
000011D8
00000000
00000000
00002408
0000122F
000011D9
00000000
00000001
00002409
00001230
000011D9
00000000
00000001
0000240A
00001231
000011D9
00000000
00000001
0000240B
00001232
000011D9
00000000
00000001
0000240C
00001233
000011D9
00000000
00000001
0000240D
00001234
000011D9
00000000
00000001
0000240E
00001235
000011D9
00000000
00000001
0000240F
00001236
000011D9
00000000
00000001
00002410
00001237
000011D9
00000000
00000001
00002411
00001238
000011D9
00000000
00000000
00002412
00001238
000011DA
00000000
00000001
00002413
00001239
000011DA
00000000
00000000
00002414
00001239
000011DB
00000000
00000001
00002415
0000123A
000011DB
00000000
00000000
00002416
0000123A
000011DC
00000000
00000000
00002417
0000123A
000011DD
00000000
00000001
00002418
0000123B
000011DD
00000000
00000000
00002419
0000123B
000011DE
00000000
00000000
0000241A
0000123B
000011DF
00000000
00000001
0000241B
0000123C
000011DF
00000000
00000001
0000241C
0000123D
000011DF
00000000
00000001
0000241D
0000123E
000011DF
00000000
00000000
0000241E
0000123E
000011E0
00000000
00000001
0000241F
0000123F
000011E0
00000000
00000000
00002420
0000123F
000011E1
00000000
00000001
00002421
00001240
000011E1
00000000
00000001
00002422
00001241
000011E1
00000000
00000000
00002423
00001241
000011E2
00000000
00000000
00002424
00001241
000011E3
00000000
00000000
00002425
00001241
000011E4
00000000
00000001
00002426
00001242
000011E4
00000000
00000000
00002427
00001242
000011E5
00000000
00000001
00002428
00001243
000011E5
00000000
00000000
00002429
00001243
000011E6
00000000
00000001
0000242A
00001244
000011E6
00000000
00000001
0000242B
00001245
000011E6
00000000
00000001
0000242C
00001246
000011E6
00000000
00000000
0000242D
00001246
000011E7
00000000
00000000
0000242E
00001246
000011E8
00000000
00000001
0000242F
00001247
000011E8
00000000
00000001
00002430
00001248
000011E8
00000000
00000000
00002431
00001248
000011E9
00000000
00000001
00002432
00001249
000011E9
00000000
00000000
00002433
00001249
000011EA
00000000
00000000
00002434
00001249
000011EB
00000001
00000001
00002435
0000124A
000011EB
00000001
00000000
00002436
0000124A
000011EC
00000001
00000000
00002437
0000124A
000011ED
00000000
00000000
00002438
0000124A
000011EE
00000001
00000001
00002439
0000124B
000011EE
00000001
00000001
0000243A
0000124C
000011EE
00000001
00000001
0000243B
0000124D
000011EE
00000001
00000001
0000243C
0000124E
000011EE
00000001
00000000
0000243D
0000124E
000011EF
00000001
00000000
0000243E
0000124E
000011F0
00000001
00000000
0000243F
0000124E
000011F1
00000000
00000000
00002440
0000124E
000011F2
00000001
00000000
00002441
0000124E
000011F3
00000000
00000001
00002442
0000124F
000011F3
00000000
00000001
00002443
00001250
000011F3
00000000
00000000
00002444
00001250
000011F4
00000000
00000001
00002445
00001251
000011F4
00000000
00000001
00002446
00001252
000011F4
00000000
00000001
00002447
00001253
000011F4
00000000
00000001
00002448
00001254
000011F4
00000000
00000001
00002449
00001255
000011F4
00000000
00000000
0000244A
00001255
000011F5
00000000
00000001
0000244B
00001256
000011F5
00000000
00000001
0000244C
00001257
000011F5
00000000
00000000
0000244D
00001257
000011F6
00000000
00000000
0000244E
00001257
000011F7
00000000
00000001
0000244F
00001258
000011F7
00000000
00000000
00002450
00001258
000011F8
00000000
00000000
00002451
00001258
000011F9
00000000
00000000
00002452
00001258
000011FA
00000001
00000000
00002453
00001258
000011FB
00000000
00000001
00002454
00001259
000011FB
00000000
00000000
00002455
00001259
000011FC
00000000
00000000
00002456
00001259
000011FD
00000001
00000000
00002457
00001259
000011FE
00000000
00000001
00002458
0000125A
000011FE
00000000
00000001
00002459
0000125B
000011FE
00000000
00000000
0000245A
0000125B
000011FF
00000000
00000000
0000245B
0000125B
00001200
00000001
00000000
0000245C
0000125B
00001201
00000000
00000001
0000245D
0000125C
00001201
00000000
00000000
0000245E
0000125C
00001202
00000000
00000000
0000245F
0000125C
00001203
00000001
00000001
00002460
0000125D
00001203
00000001
00000000
00002461
0000125D
00001204
00000001
00000000
00002462
0000125D
00001205
00000000
00000001
00002463
0000125E
00001205
00000000
00000001
00002464
0000125F
00001205
00000000
00000000
00002465
0000125F
00001206
00000000
00000001
00002466
00001260
00001206
00000000
00000000
00002467
00001260
00001207
00000000
00000001
00002468
00001261
00001207
00000000
00000001
00002469
00001262
00001207
00000000
00000000
0000246A
00001262
00001208
00000000
00000000
0000246B
00001262
00001209
00000000
00000000
0000246C
00001262
0000120A
00000001
00000001
0000246D
00001263
0000120A
00000001
00000001
0000246E
00001264
0000120A
00000001
00000000
0000246F
00001264
0000120B
00000001
00000001
00002470
00001265
0000120B
00000001
00000000
00002471
00001265
0000120C
00000001
00000000
00002472
00001265
0000120D
00000000
00000000
00002473
00001265
0000120E
00000001
00000000
00002474
00001265
0000120F
00000000
00000000
00002475
00001265
00001210
00000001
00000001
00002476
00001266
00001210
00000001
00000000
00002477
00001266
00001211
00000001
00000001
00002478
00001267
00001211
00000001
00000000
00002479
00001267
00001212
00000001
00000001
0000247A
00001268
00001212
00000001
00000001
0000247B
00001269
00001212
00000001
00000000
0000247C
00001269
00001213
00000001
00000000
0000247D
00001269
00001214
00000000
00000000
0000247E
00001269
00001215
00000001
00000001
0000247F
0000126A
00001215
00000001
00000001
00002480
0000126B
00001215
00000001
00000000
00002481
0000126B
00001216
00000001
00000000
00002482
0000126B
00001217
00000001
00000001
00002483
0000126C
00001217
00000001
00000000
00002484
0000126C
00001218
00000001
00000001
00002485
0000126D
00001218
00000001
00000000
00002486
0000126D
00001219
00000000
00000000
00002487
0000126D
0000121A
00000001
00000001
00002488
0000126E
0000121A
00000001
00000001
00002489
0000126F
0000121A
00000001
00000001
0000248A
00001270
0000121A
00000001
00000001
0000248B
00001271
0000121A
00000001
00000001
0000248C
00001272
0000121A
00000001
00000001
0000248D
00001273
0000121A
00000001
00000000
0000248E
00001273
0000121B
00000001
00000001
0000248F
00001274
0000121B
00000001
00000001
00002490
00001275
0000121B
00000001
00000001
00002491
00001276
0000121B
00000001
00000000
00002492
00001276
0000121C
00000001
00000001
00002493
00001277
0000121C
00000001
00000000
00002494
00001277
0000121D
00000001
00000001
00002495
00001278
0000121D
00000001
00000001
00002496
00001279
0000121D
00000001
00000000
00002497
00001279
0000121E
00000001
00000000
00002498
00001279
0000121F
00000001
00000001
00002499
0000127A
0000121F
00000001
00000001
0000249A
0000127B
0000121F
00000001
00000001
0000249B
0000127C
0000121F
00000001
00000000
0000249C
0000127C
00001220
00000001
00000001
0000249D
0000127D
00001220
00000001
00000001
0000249E
0000127E
00001220
00000001
00000000
0000249F
0000127E
00001221
00000001
00000000
000024A0
0000127E
00001222
00000001
00000001
000024A1
0000127F
00001222
00000001
00000001
000024A2
00001280
00001222
00000001
00000001
000024A3
00001281
00001222
00000001
00000000
000024A4
00001281
00001223
00000001
00000001
000024A5
00001282
00001223
00000001
00000001
000024A6
00001283
00001223
00000001
00000000
000024A7
00001283
00001224
00000001
00000000
000024A8
00001283
00001225
00000001
00000001
000024A9
00001284
00001225
00000001
00000000
000024AA
00001284
00001226
00000001
00000001
000024AB
00001285
00001226
00000001
00000000
000024AC
00001285
00001227
00000001
00000000
000024AD
00001285
00001228
00000000
00000000
000024AE
00001285
00001229
00000001
00000001
000024AF
00001286
00001229
00000001
00000001
000024B0
00001287
00001229
00000001
00000000
000024B1
00001287
0000122A
00000001
00000000
000024B2
00001287
0000122B
00000001
00000001
000024B3
00001288
0000122B
00000001
00000001
000024B4
00001289
0000122B
00000001
00000001
000024B5
0000128A
0000122B
00000001
00000001
000024B6
0000128B
0000122B
00000001
00000000
000024B7
0000128B
0000122C
00000001
00000001
000024B8
0000128C
0000122C
00000001
00000001
000024B9
0000128D
0000122C
00000001
00000001
000024BA
0000128E
0000122C
00000001
00000001
000024BB
0000128F
0000122C
00000001
00000000
000024BC
0000128F
0000122D
00000001
00000001
000024BD
00001290
0000122D
00000001
00000000
000024BE
00001290
0000122E
00000001
00000001
000024BF
00001291
0000122E
00000001
00000001
000024C0
00001292
0000122E
00000001
00000000
000024C1
00001292
0000122F
00000001
00000000
000024C2
00001292
00001230
00000001
00000001
000024C3
00001293
00001230
00000001
00000000
000024C4
00001293
00001231
00000001
00000001
000024C5
00001294
00001231
00000001
00000001
000024C6
00001295
00001231
00000001
00000000
000024C7
00001295
00001232
00000001
00000000
000024C8
00001295
00001233
00000001
00000000
000024C9
00001295
00001234
00000000
00000001
000024CA
00001296
00001234
00000000
00000000
000024CB
00001296
00001235
00000000
00000001
000024CC
00001297
00001235
00000000
00000001
000024CD
00001298
00001235
00000000
00000001
000024CE
00001299
00001235
00000000
00000000
000024CF
00001299
00001236
00000000
00000000
000024D0
00001299
00001237
00000000
00000001
000024D1
0000129A
00001237
00000000
00000001
000024D2
0000129B
00001237
00000000
00000000
000024D3
0000129B
00001238
00000000
00000000
000024D4
0000129B
00001239
00000001
00000001
000024D5
0000129C
00001239
00000001
00000000
000024D6
0000129C
0000123A
00000000
00000001
000024D7
0000129D
0000123A
00000000
00000001
000024D8
0000129E
0000123A
00000000
00000001
000024D9
0000129F
0000123A
00000000
00000000
000024DA
0000129F
0000123B
00000000
00000001
000024DB
000012A0
0000123B
00000000
00000001
000024DC
000012A1
0000123B
00000000
00000001
000024DD
000012A2
0000123B
00000000
00000000
000024DE
000012A2
0000123C
00000000
00000000
000024DF
000012A2
0000123D
00000000
00000001
000024E0
000012A3
0000123D
00000000
00000000
000024E1
000012A3
0000123E
00000000
00000000
000024E2
000012A3
0000123F
00000000
00000001
000024E3
000012A4
0000123F
00000000
00000000
000024E4
000012A4
00001240
00000001
00000001
000024E5
000012A5
00001240
00000001
00000001
000024E6
000012A6
00001240
00000001
00000000
000024E7
000012A6
00001241
00000001
00000000
000024E8
000012A6
00001242
00000000
00000000
000024E9
000012A6
00001243
00000001
00000000
000024EA
000012A6
00001244
00000000
00000001
000024EB
000012A7
00001244
00000000
00000001
000024EC
000012A8
00001244
00000000
00000000
000024ED
000012A8
00001245
00000000
00000000
000024EE
000012A8
00001246
00000001
00000000
000024EF
000012A8
00001247
00000000
00000001
000024F0
000012A9
00001247
00000000
00000001
000024F1
000012AA
00001247
00000000
00000001
000024F2
000012AB
00001247
00000000
00000001
000024F3
000012AC
00001247
00000000
00000000
000024F4
000012AC
00001248
00000000
00000001
000024F5
000012AD
00001248
00000000
00000000
000024F6
000012AD
00001249
00000000
00000001
000024F7
000012AE
00001249
00000000
00000000
000024F8
000012AE
0000124A
00000000
00000000
000024F9
000012AE
0000124B
00000000
00000001
000024FA
000012AF
0000124B
00000000
00000000
000024FB
000012AF
0000124C
00000000
00000001
000024FC
000012B0
0000124C
00000000
00000001
000024FD
000012B1
0000124C
00000000
00000000
000024FE
000012B1
0000124D
00000000
00000001
000024FF
000012B2
0000124D
00000000
00000001
00002500
000012B3
0000124D
00000000
00000000
00002501
000012B3
0000124E
00000000
00000001
00002502
000012B4
0000124E
00000000
00000000
00002503
000012B4
0000124F
00000000
00000001
00002504
000012B5
0000124F
00000000
00000000
00002505
000012B5
00001250
00000000
00000000
00002506
000012B5
00001251
00000001
00000000
00002507
000012B5
00001252
00000000
00000001
00002508
000012B6
00001252
00000000
00000001
00002509
000012B7
00001252
00000000
00000000
0000250A
000012B7
00001253
00000000
00000000
0000250B
000012B7
00001254
00000000
00000001
0000250C
000012B8
00001254
00000000
00000000
0000250D
000012B8
00001255
00000000
00000001
0000250E
000012B9
00001255
00000000
00000001
0000250F
000012BA
00001255
00000000
00000001
00002510
000012BB
00001255
00000000
00000000
00002511
000012BB
00001256
00000000
00000000
00002512
000012BB
00001257
00000000
00000001
00002513
000012BC
00001257
00000000
00000001
00002514
000012BD
00001257
00000000
00000001
00002515
000012BE
00001257
00000000
00000000
00002516
000012BE
00001258
00000000
00000000
00002517
000012BE
00001259
00000000
00000000
00002518
000012BE
0000125A
00000001
00000001
00002519
000012BF
0000125A
00000001
00000001
0000251A
000012C0
0000125A
00000001
00000001
0000251B
000012C1
0000125A
00000001
00000001
0000251C
000012C2
0000125A
00000001
00000000
0000251D
000012C2
0000125B
00000001
00000000
0000251E
000012C2
0000125C
00000001
00000000
0000251F
000012C2
0000125D
00000001
00000000
00002520
000012C2
0000125E
00000000
00000000
00002521
000012C2
0000125F
00000001
00000001
00002522
000012C3
0000125F
00000001
00000001
00002523
000012C4
0000125F
00000001
00000001
00002524
000012C5
0000125F
00000001
00000000
00002525
000012C5
00001260
00000001
00000001
00002526
000012C6
00001260
00000001
00000000
00002527
000012C6
00001261
00000001
00000000
00002528
000012C6
00001262
00000001
00000000
00002529
000012C6
00001263
00000000
00000000
0000252A
000012C6
00001264
00000001
00000000
0000252B
000012C6
00001265
00000000
00000001
0000252C
000012C7
00001265
00000000
00000000
0000252D
000012C7
00001266
00000000
00000000
0000252E
000012C7
00001267
00000001
00000000
0000252F
000012C7
00001268
00000000
00000000
00002530
000012C7
00001269
00000001
00000000
00002531
000012C7
0000126A
00000000
00000001
00002532
000012C8
0000126A
00000000
00000001
00002533
000012C9
0000126A
00000000
00000000
00002534
000012C9
0000126B
00000000
00000001
00002535
000012CA
0000126B
00000000
00000001
00002536
000012CB
0000126B
00000000
00000001
00002537
000012CC
0000126B
00000000
00000000
00002538
000012CC
0000126C
00000000
00000000
00002539
000012CC
0000126D
00000000
00000000
0000253A
000012CC
0000126E
00000000
00000001
0000253B
000012CD
0000126E
00000000
00000000
0000253C
000012CD
0000126F
00000001
00000001
0000253D
000012CE
0000126F
00000001
00000000
0000253E
000012CE
00001270
00000000
00000001
0000253F
000012CF
00001270
00000000
00000000
00002540
000012CF
00001271
00000001
00000001
00002541
000012D0
00001271
00000001
00000001
00002542
000012D1
00001271
00000001
00000000
00002543
000012D1
00001272
00000001
00000001
00002544
000012D2
00001272
00000001
00000001
00002545
000012D3
00001272
00000001
00000000
00002546
000012D3
00001273
00000001
00000000
00002547
000012D3
00001274
00000001
00000000
00002548
000012D3
00001275
00000000
00000001
00002549
000012D4
00001275
00000000
00000000
0000254A
000012D4
00001276
00000000
00000000
0000254B
000012D4
00001277
00000001
00000001
0000254C
000012D5
00001277
00000001
00000000
0000254D
000012D5
00001278
00000001
00000001
0000254E
000012D6
00001278
00000001
00000000
0000254F
000012D6
00001279
00000001
00000001
00002550
000012D7
00001279
00000001
00000000
00002551
000012D7
0000127A
00000000
00000000
00002552
000012D7
0000127B
00000001
00000000
00002553
000012D7
0000127C
00000000
00000000
00002554
000012D7
0000127D
00000001
00000001
00002555
000012D8
0000127D
00000001
00000001
00002556
000012D9
0000127D
00000001
00000001
00002557
000012DA
0000127D
00000001
00000000
00002558
000012DA
0000127E
00000001
00000001
00002559
000012DB
0000127E
00000001
00000001
0000255A
000012DC
0000127E
00000001
00000001
0000255B
000012DD
0000127E
00000001
00000000
0000255C
000012DD
0000127F
00000001
00000001
0000255D
000012DE
0000127F
00000001
00000000
0000255E
000012DE
00001280
00000001
00000001
0000255F
000012DF
00001280
00000001
00000000
00002560
000012DF
00001281
00000001
00000001
00002561
000012E0
00001281
00000001
00000000
00002562
000012E0
00001282
00000001
00000000
00002563
000012E0
00001283
00000001
00000001
00002564
000012E1
00001283
00000001
00000001
00002565
000012E2
00001283
00000001
00000001
00002566
000012E3
00001283
00000001
00000001
00002567
000012E4
00001283
00000001
00000000
00002568
000012E4
00001284
00000001
00000001
00002569
000012E5
00001284
00000001
00000000
0000256A
000012E5
00001285
00000001
00000000
0000256B
000012E5
00001286
00000001
00000000
0000256C
000012E5
00001287
00000000
00000000
0000256D
000012E5
00001288
00000001
00000000
0000256E
000012E5
00001289
00000000
00000001
0000256F
000012E6
00001289
00000000
00000000
00002570
000012E6
0000128A
00000000
00000000
00002571
000012E6
0000128B
00000001
00000001
00002572
000012E7
0000128B
00000001
00000000
00002573
000012E7
0000128C
00000001
00000000
00002574
000012E7
0000128D
00000000
00000001
00002575
000012E8
0000128D
00000000
00000000
00002576
000012E8
0000128E
00000000
00000000
00002577
000012E8
0000128F
00000001
00000001
00002578
000012E9
0000128F
00000001
00000000
00002579
000012E9
00001290
00000001
00000001
0000257A
000012EA
00001290
00000001
00000001
0000257B
000012EB
00001290
00000001
00000001
0000257C
000012EC
00001290
00000001
00000000
0000257D
000012EC
00001291
00000001
00000000
0000257E
000012EC
00001292
00000001
00000001
0000257F
000012ED
00001292
00000001
00000000
00002580
000012ED
00001293
00000001
00000001
00002581
000012EE
00001293
00000001
00000000
00002582
000012EE
00001294
00000001
00000000
00002583
000012EE
00001295
00000000
00000001
00002584
000012EF
00001295
00000000
00000001
00002585
000012F0
00001295
00000000
00000000
00002586
000012F0
00001296
00000000
00000001
00002587
000012F1
00001296
00000000
00000000
00002588
000012F1
00001297
00000000
00000000
00002589
000012F1
00001298
00000001
00000000
0000258A
000012F1
00001299
00000000
00000001
0000258B
000012F2
00001299
00000000
00000001
0000258C
000012F3
00001299
00000000
00000000
0000258D
000012F3
0000129A
00000000
00000000
0000258E
000012F3
0000129B
00000000
00000001
0000258F
000012F4
0000129B
00000000
00000000
00002590
000012F4
0000129C
00000000
00000000
00002591
000012F4
0000129D
00000001
00000000
00002592
000012F4
0000129E
00000000
00000000
00002593
000012F4
0000129F
00000001
00000001
00002594
000012F5
0000129F
00000001
00000000
00002595
000012F5
000012A0
00000001
00000001
00002596
000012F6
000012A0
00000001
00000001
00002597
000012F7
000012A0
00000001
00000001
00002598
000012F8
000012A0
00000001
00000001
00002599
000012F9
000012A0
00000001
00000000
0000259A
000012F9
000012A1
00000001
00000001
0000259B
000012FA
000012A1
00000001
00000000
0000259C
000012FA
000012A2
00000001
00000001
0000259D
000012FB
000012A2
00000001
00000001
0000259E
000012FC
000012A2
00000001
00000001
0000259F
000012FD
000012A2
00000001
00000000
000025A0
000012FD
000012A3
00000001
00000000
000025A1
000012FD
000012A4
00000001
00000000
000025A2
000012FD
000012A5
00000001
00000001
000025A3
000012FE
000012A5
00000001
00000001
000025A4
000012FF
000012A5
00000001
00000001
000025A5
00001300
000012A5
00000001
00000000
000025A6
00001300
000012A6
00000001
00000000
000025A7
00001300
000012A7
00000001
00000001
000025A8
00001301
000012A7
00000001
00000001
000025A9
00001302
000012A7
00000001
00000000
000025AA
00001302
000012A8
00000001
00000000
000025AB
00001302
000012A9
00000001
00000001
000025AC
00001303
000012A9
00000001
00000001
000025AD
00001304
000012A9
00000001
00000001
000025AE
00001305
000012A9
00000001
00000000
000025AF
00001305
000012AA
00000001
00000001
000025B0
00001306
000012AA
00000001
00000000
000025B1
00001306
000012AB
00000001
00000000
000025B2
00001306
000012AC
00000001
00000000
000025B3
00001306
000012AD
00000000
00000001
000025B4
00001307
000012AD
00000000
00000000
000025B5
00001307
000012AE
00000000
00000000
000025B6
00001307
000012AF
00000001
00000000
000025B7
00001307
000012B0
00000000
00000000
000025B8
00001307
000012B1
00000001
00000001
000025B9
00001308
000012B1
00000001
00000000
000025BA
00001308
000012B2
00000001
00000001
000025BB
00001309
000012B2
00000001
00000000
000025BC
00001309
000012B3
00000001
00000000
000025BD
00001309
000012B4
00000000
00000000
000025BE
00001309
000012B5
00000001
00000001
000025BF
0000130A
000012B5
00000001
00000001
000025C0
0000130B
000012B5
00000001
00000001
000025C1
0000130C
000012B5
00000001
00000000
000025C2
0000130C
000012B6
00000001
00000001
000025C3
0000130D
000012B6
00000001
00000001
000025C4
0000130E
000012B6
00000001
00000001
000025C5
0000130F
000012B6
00000001
00000000
000025C6
0000130F
000012B7
00000001
00000000
000025C7
0000130F
000012B8
00000001
00000001
000025C8
00001310
000012B8
00000001
00000000
000025C9
00001310
000012B9
00000001
00000001
000025CA
00001311
000012B9
00000001
00000000
000025CB
00001311
000012BA
00000001
00000000
000025CC
00001311
000012BB
00000000
00000000
000025CD
00001311
000012BC
00000001
00000001
000025CE
00001312
000012BC
00000001
00000000
000025CF
00001312
000012BD
00000001
00000001
000025D0
00001313
000012BD
00000001
00000000
000025D1
00001313
000012BE
00000001
00000000
000025D2
00001313
000012BF
00000000
00000000
000025D3
00001313
000012C0
00000001
00000001
000025D4
00001314
000012C0
00000001
00000001
000025D5
00001315
000012C0
00000001
00000001
000025D6
00001316
000012C0
00000001
00000001
000025D7
00001317
000012C0
00000001
00000001
000025D8
00001318
000012C0
00000001
00000001
000025D9
00001319
000012C0
00000001
00000001
000025DA
0000131A
000012C0
00000001
00000000
000025DB
0000131A
000012C1
00000001
00000001
000025DC
0000131B
000012C1
00000001
00000001
000025DD
0000131C
000012C1
00000001
00000000
000025DE
0000131C
000012C2
00000001
00000000
000025DF
0000131C
000012C3
00000001
00000001
000025E0
0000131D
000012C3
00000001
00000000
000025E1
0000131D
000012C4
00000001
00000000
000025E2
0000131D
000012C5
00000001
00000001
000025E3
0000131E
000012C5
00000001
00000001
000025E4
0000131F
000012C5
00000001
00000001
000025E5
00001320
000012C5
00000001
00000000
000025E6
00001320
000012C6
00000001
00000001
000025E7
00001321
000012C6
00000001
00000001
000025E8
00001322
000012C6
00000001
00000001
000025E9
00001323
000012C6
00000001
00000001
000025EA
00001324
000012C6
00000001
00000000
000025EB
00001324
000012C7
00000001
00000001
000025EC
00001325
000012C7
00000001
00000000
000025ED
00001325
000012C8
00000001
00000001
000025EE
00001326
000012C8
00000001
00000000
000025EF
00001326
000012C9
00000001
00000000
000025F0
00001326
000012CA
00000001
00000000
000025F1
00001326
000012CB
00000001
00000001
000025F2
00001327
000012CB
00000001
00000000
000025F3
00001327
000012CC
00000001
00000001
000025F4
00001328
000012CC
00000001
00000000
000025F5
00001328
000012CD
00000000
00000001
000025F6
00001329
000012CD
00000000
00000000
000025F7
00001329
000012CE
00000001
00000000
000025F8
00001329
000012CF
00000000
00000001
000025F9
0000132A
000012CF
00000000
00000001
000025FA
0000132B
000012CF
00000000
00000001
000025FB
0000132C
000012CF
00000000
00000001
000025FC
0000132D
000012CF
00000000
00000000
000025FD
0000132D
000012D0
00000000
00000001
000025FE
0000132E
000012D0
00000000
00000001
000025FF
0000132F
000012D0
00000000
00000001
00002600
00001330
000012D0
00000000
00000001
00002601
00001331
000012D0
00000000
00000000
00002602
00001331
000012D1
00000000
00000001
00002603
00001332
000012D1
00000000
00000000
00002604
00001332
000012D2
00000000
00000001
00002605
00001333
000012D2
00000000
00000000
00002606
00001333
000012D3
00000000
00000000
00002607
00001333
000012D4
00000000
00000000
00002608
00001333
000012D5
00000000
00000000
00002609
00001333
000012D6
00000001
00000000
0000260A
00001333
000012D7
00000000
00000000
0000260B
00001333
000012D8
00000001
00000001
0000260C
00001334
000012D8
00000001
00000000
0000260D
00001334
000012D9
00000001
00000001
0000260E
00001335
000012D9
00000001
00000000
0000260F
00001335
000012DA
00000001
00000000
00002610
00001335
000012DB
00000000
00000000
00002611
00001335
000012DC
00000001
00000000
00002612
00001335
000012DD
00000000
00000001
00002613
00001336
000012DD
00000000
00000000
00002614
00001336
000012DE
00000000
00000001
00002615
00001337
000012DE
00000000
00000000
00002616
00001337
000012DF
00000000
00000000
00002617
00001337
000012E0
00000001
00000000
00002618
00001337
000012E1
00000000
00000000
00002619
00001337
000012E2
00000001
00000001
0000261A
00001338
000012E2
00000001
00000001
0000261B
00001339
000012E2
00000001
00000001
0000261C
0000133A
000012E2
00000001
00000001
0000261D
0000133B
000012E2
00000001
00000000
0000261E
0000133B
000012E3
00000001
00000001
0000261F
0000133C
000012E3
00000001
00000000
00002620
0000133C
000012E4
00000001
00000000
00002621
0000133C
000012E5
00000001
00000001
00002622
0000133D
000012E5
00000001
00000001
00002623
0000133E
000012E5
00000001
00000000
00002624
0000133E
000012E6
00000001
00000001
00002625
0000133F
000012E6
00000001
00000001
00002626
00001340
000012E6
00000001
00000001
00002627
00001341
000012E6
00000001
00000001
00002628
00001342
000012E6
00000001
00000000
00002629
00001342
000012E7
00000001
00000001
0000262A
00001343
000012E7
00000001
00000001
0000262B
00001344
000012E7
00000001
00000000
0000262C
00001344
000012E8
00000001
00000001
0000262D
00001345
000012E8
00000001
00000000
0000262E
00001345
000012E9
00000001
00000001
0000262F
00001346
000012E9
00000001
00000001
00002630
00001347
000012E9
00000001
00000000
00002631
00001347
000012EA
00000001
00000000
00002632
00001347
000012EB
00000001
00000000
00002633
00001347
000012EC
00000001
00000000
00002634
00001347
000012ED
00000000
00000000
00002635
00001347
000012EE
00000001
00000001
00002636
00001348
000012EE
00000001
00000001
00002637
00001349
000012EE
00000001
00000001
00002638
0000134A
000012EE
00000001
00000000
00002639
0000134A
000012EF
00000001
00000000
0000263A
0000134A
000012F0
00000001
00000001
0000263B
0000134B
000012F0
00000001
00000000
0000263C
0000134B
000012F1
00000001
00000001
0000263D
0000134C
000012F1
00000001
00000001
0000263E
0000134D
000012F1
00000001
00000000
0000263F
0000134D
000012F2
00000001
00000001
00002640
0000134E
000012F2
00000001
00000001
00002641
0000134F
000012F2
00000001
00000000
00002642
0000134F
000012F3
00000001
00000001
00002643
00001350
000012F3
00000001
00000001
00002644
00001351
000012F3
00000001
00000000
00002645
00001351
000012F4
00000001
00000001
00002646
00001352
000012F4
00000001
00000001
00002647
00001353
000012F4
00000001
00000001
00002648
00001354
000012F4
00000001
00000000
00002649
00001354
000012F5
00000001
00000001
0000264A
00001355
000012F5
00000001
00000001
0000264B
00001356
000012F5
00000001
00000001
0000264C
00001357
000012F5
00000001
00000001
0000264D
00001358
000012F5
00000001
00000001
0000264E
00001359
000012F5
00000001
00000000
0000264F
00001359
000012F6
00000001
00000000
00002650
00001359
000012F7
00000001
00000000
00002651
00001359
000012F8
00000001
00000000
00002652
00001359
000012F9
00000001
00000001
00002653
0000135A
000012F9
00000001
00000001
00002654
0000135B
000012F9
00000001
00000001
00002655
0000135C
000012F9
00000001
00000000
00002656
0000135C
000012FA
00000001
00000001
00002657
0000135D
000012FA
00000001
00000000
00002658
0000135D
000012FB
00000001
00000001
00002659
0000135E
000012FB
00000001
00000001
0000265A
0000135F
000012FB
00000001
00000001
0000265B
00001360
000012FB
00000001
00000000
0000265C
00001360
000012FC
00000001
00000001
0000265D
00001361
000012FC
00000001
00000000
0000265E
00001361
000012FD
00000001
00000000
0000265F
00001361
000012FE
00000001
00000001
00002660
00001362
000012FE
00000001
00000001
00002661
00001363
000012FE
00000001
00000001
00002662
00001364
000012FE
00000001
00000001
00002663
00001365
000012FE
00000001
00000001
00002664
00001366
000012FE
00000001
00000000
00002665
00001366
000012FF
00000001
00000000
00002666
00001366
00001300
00000001
00000000
00002667
00001366
00001301
00000001
00000001
00002668
00001367
00001301
00000001
00000001
00002669
00001368
00001301
00000001
00000000
0000266A
00001368
00001302
00000001
00000000
0000266B
00001368
00001303
00000001
00000001
0000266C
00001369
00001303
00000001
00000000
0000266D
00001369
00001304
00000001
00000000
0000266E
00001369
00001305
00000000
00000001
0000266F
0000136A
00001305
00000000
00000001
00002670
0000136B
00001305
00000000
00000000
00002671
0000136B
00001306
00000000
00000000
00002672
0000136B
00001307
00000000
00000001
00002673
0000136C
00001307
00000000
00000001
00002674
0000136D
00001307
00000000
00000001
00002675
0000136E
00001307
00000000
00000000
00002676
0000136E
00001308
00000000
00000000
00002677
0000136E
00001309
00000000
00000000
00002678
0000136E
0000130A
00000001
00000001
00002679
0000136F
0000130A
00000001
00000000
0000267A
0000136F
0000130B
00000001
00000000
0000267B
0000136F
0000130C
00000000
00000000
0000267C
0000136F
0000130D
00000001
00000001
0000267D
00001370
0000130D
00000001
00000001
0000267E
00001371
0000130D
00000001
00000001
0000267F
00001372
0000130D
00000001
00000001
00002680
00001373
0000130D
00000001
00000001
00002681
00001374
0000130D
00000001
00000000
00002682
00001374
0000130E
00000001
00000001
00002683
00001375
0000130E
00000001
00000000
00002684
00001375
0000130F
00000001
00000000
00002685
00001375
00001310
00000001
00000000
00002686
00001375
00001311
00000001
00000001
00002687
00001376
00001311
00000001
00000001
00002688
00001377
00001311
00000001
00000000
00002689
00001377
00001312
00000001
00000000
0000268A
00001377
00001313
00000000
00000000
0000268B
00001377
00001314
00000001
00000001
0000268C
00001378
00001314
00000001
00000001
0000268D
00001379
00001314
00000001
00000000
0000268E
00001379
00001315
00000001
00000000
0000268F
00001379
00001316
00000001
00000001
00002690
0000137A
00001316
00000001
00000001
00002691
0000137B
00001316
00000001
00000001
00002692
0000137C
00001316
00000001
00000001
00002693
0000137D
00001316
00000001
00000000
00002694
0000137D
00001317
00000001
00000001
00002695
0000137E
00001317
00000001
00000000
00002696
0000137E
00001318
00000001
00000001
00002697
0000137F
00001318
00000001
00000001
00002698
00001380
00001318
00000001
00000000
00002699
00001380
00001319
00000001
00000001
0000269A
00001381
00001319
00000001
00000001
0000269B
00001382
00001319
00000001
00000000
0000269C
00001382
0000131A
00000001
00000000
0000269D
00001382
0000131B
00000001
00000000
0000269E
00001382
0000131C
00000001
00000000
0000269F
00001382
0000131D
00000000
00000000
000026A0
00001382
0000131E
00000001
00000000
000026A1
00001382
0000131F
00000000
00000000
000026A2
00001382
00001320
00000001
00000000
000026A3
00001382
00001321
00000000
00000001
000026A4
00001383
00001321
00000000
00000000
000026A5
00001383
00001322
00000000
00000000
000026A6
00001383
00001323
00000001
00000001
000026A7
00001384
00001323
00000001
00000001
000026A8
00001385
00001323
00000001
00000001
000026A9
00001386
00001323
00000001
00000001
000026AA
00001387
00001323
00000001
00000001
000026AB
00001388
00001323
00000001
00000000
000026AC
00001388
00001324
00000001
00000001
000026AD
00001389
00001324
00000001
00000000
000026AE
00001389
00001325
00000001
00000000
000026AF
00001389
00001326
00000001
00000000
000026B0
00001389
00001327
00000001
00000000
000026B1
00001389
00001328
00000000
00000001
000026B2
0000138A
00001328
00000000
00000001
000026B3
0000138B
00001328
00000000
00000001
000026B4
0000138C
00001328
00000000
00000001
000026B5
0000138D
00001328
00000000
00000000
000026B6
0000138D
00001329
00000000
00000000
000026B7
0000138D
0000132A
00000000
00000000
000026B8
0000138D
0000132B
00000000
00000001
000026B9
0000138E
0000132B
00000000
00000000
000026BA
0000138E
0000132C
00000000
00000001
000026BB
0000138F
0000132C
00000000
00000000
000026BC
0000138F
0000132D
00000000
00000001
000026BD
00001390
0000132D
00000000
00000000
000026BE
00001390
0000132E
00000000
00000001
000026BF
00001391
0000132E
00000000
00000001
000026C0
00001392
0000132E
00000000
00000001
000026C1
00001393
0000132E
00000000
00000001
000026C2
00001394
0000132E
00000000
00000000
000026C3
00001394
0000132F
00000000
00000001
000026C4
00001395
0000132F
00000000
00000000
000026C5
00001395
00001330
00000000
00000001
000026C6
00001396
00001330
00000000
00000000
000026C7
00001396
00001331
00000000
00000000
000026C8
00001396
00001332
00000000
00000001
000026C9
00001397
00001332
00000000
00000001
000026CA
00001398
00001332
00000000
00000001
000026CB
00001399
00001332
00000000
00000001
000026CC
0000139A
00001332
00000000
00000001
000026CD
0000139B
00001332
00000000
00000000
000026CE
0000139B
00001333
00000000
00000001
000026CF
0000139C
00001333
00000000
00000000
000026D0
0000139C
00001334
00000000
00000001
000026D1
0000139D
00001334
00000000
00000000
000026D2
0000139D
00001335
00000000
00000001
000026D3
0000139E
00001335
00000000
00000000
000026D4
0000139E
00001336
00000000
00000001
000026D5
0000139F
00001336
00000000
00000001
000026D6
000013A0
00001336
00000000
00000001
000026D7
000013A1
00001336
00000000
00000000
000026D8
000013A1
00001337
00000000
00000000
000026D9
000013A1
00001338
00000000
00000001
000026DA
000013A2
00001338
00000000
00000001
000026DB
000013A3
00001338
00000000
00000001
000026DC
000013A4
00001338
00000000
00000000
000026DD
000013A4
00001339
00000000
00000001
000026DE
000013A5
00001339
00000000
00000000
000026DF
000013A5
0000133A
00000000
00000000
000026E0
000013A5
0000133B
00000000
00000000
000026E1
000013A5
0000133C
00000001
00000000
000026E2
000013A5
0000133D
00000000
00000001
000026E3
000013A6
0000133D
00000000
00000000
000026E4
000013A6
0000133E
00000000
00000000
000026E5
000013A6
0000133F
00000001
00000000
000026E6
000013A6
00001340
00000000
00000000
000026E7
000013A6
00001341
00000001
00000001
000026E8
000013A7
00001341
00000001
00000000
000026E9
000013A7
00001342
00000001
00000001
000026EA
000013A8
00001342
00000001
00000000
000026EB
000013A8
00001343
00000001
00000000
000026EC
000013A8
00001344
00000000
00000000
000026ED
000013A8
00001345
00000001
00000000
000026EE
000013A8
00001346
00000000
00000000
000026EF
000013A8
00001347
00000001
00000001
000026F0
000013A9
00001347
00000001
00000000
000026F1
000013A9
00001348
00000001
00000001
000026F2
000013AA
00001348
00000001
00000000
000026F3
000013AA
00001349
00000000
00000001
000026F4
000013AB
00001349
00000000
00000000
000026F5
000013AB
0000134A
00000001
00000000
000026F6
000013AB
0000134B
00000000
00000000
000026F7
000013AB
0000134C
00000001
00000001
000026F8
000013AC
0000134C
00000001
00000000
000026F9
000013AC
0000134D
00000000
00000000
000026FA
000013AC
0000134E
00000001
00000000
000026FB
000013AC
0000134F
00000000
00000000
000026FC
000013AC
00001350
00000001
00000000
000026FD
000013AC
00001351
00000000
00000001
000026FE
000013AD
00001351
00000000
00000001
000026FF
000013AE
00001351
00000000
00000000
00002700
000013AE
00001352
00000000
00000001
00002701
000013AF
00001352
00000000
00000001
00002702
000013B0
00001352
00000000
00000000
00002703
000013B0
00001353
00000000
00000001
00002704
000013B1
00001353
00000000
00000000
00002705
000013B1
00001354
00000000
00000000
00002706
000013B1
00001355
00000001
00000000
00002707
000013B1
00001356
00000000
00000001
00002708
000013B2
00001356
00000000
00000001
00002709
000013B3
00001356
00000000
00000001
0000270A
000013B4
00001356
00000000
00000000
0000270B
000013B4
00001357
00000000
00000000
0000270C
000013B4
00001358
00000000
00000000
0000270D
000013B4
00001359
00000001
00000000
0000270E
000013B4
0000135A
00000000
00000000
0000270F
000013B4
0000135B
00000001
00000000
00002710
000013B4
0000135C
0000FF6A
0000FF71
0000FF7E
0000FF82
0000FF68
0000FF6A
0000FF81
0000FF84
0000FF6E
0000FF6D
0000FF7B
0000FF7C
0000FFB8
0000FFC5
0000FFBF
0000FFCD
0000FDF6
0000FD36
0000FDAB
0000FC51
00000008
0000FFC5
0000002E
0000FFF0
0000FFF6
00000039
0000FFE7
0000003A
0000001D
0000FFDD
