0001
ffff
0006
0001
fffb
0003
000c
0009
fffa
fff4
fffa
0000
ffeb
fffe
fff5
fff9
fffb
fffd
0004
000a
ffff
000c
fffa
0003
0008
0001
fff9
fff8
fffc
0002
fff7
fffe
ffff
0005
0002
0003
fffa
ffff
0007
000e
fff4
000e
000c
0007
0002
fffd
000d
0012
0010
000c
0003
fff5
0000
0006
fff4
0004
0004
0006
fff5
fffa
fffc
fff5
0010
fffb
0003
fffe
000e
000c
0006
ffec
0000
0006
0009
fffa
0011
fff4
fffa
0009
0000
0012
0002
fffa
fffd
fff6
fff4
0006
0005
000c
fff9
000f
fffd
000e
fffc
fff9
0002
0009
0001
fffb
fff4
fff3
0005
0009
fffe
fff6
0008
fff4
fff9
0006
ffeb
0004
fffb
0001
ffff
0002
0006
fff9
000d
0007
0008
000b
0007
0008
0001
fff3
ffff
fff9
fff3
0002
fffb
fff7
fff6
0002
0003
000c
0000
000a
000d
000b
ffea
000b
0003
0004
0003
0003
0003
fffd
ffef
ffff
fff9
000a
fffd
0001
fff8
fffb
0000
fff2
0003
ffff
fff5
ffea
0005
fffd
fffb
fffe
0011
0000
0001
fff2
000f
0008
000a
0000
0008
0003
0006
ffff
fff3
0009
ffee
fffe
fffe
fff6
0006
fffe
fffc
0005
fffc
000d
0003
fffc
ffee
fff4
000a
0000
fffd
000f
fff4
fffb
fffc
0005
fffa
fffa
fff1
0007
0007
fffc
0001
fff4
fffc
000d
0001
0015
fff9
0005
fffe
0005
0000
fffb
fff8
001c
ffff
ffee
fffa
0006
fffb
000c
0009
ffff
fffc
fff7
fffa
fff3
000b
000f
fff5
fff5
fff0
fff7
ffe4
fff6
000c
fffd
0008
fffc
0010
0002
fffd
0017
fffd
fff5
0002
0000
000a
fff8
0007
0008
fffa
0001
fff8
0015
fffa
fffc
fff6
fffd
0000
0007
fffa
fffe
fff3
fff8
0019
000a
fff9
fff4
fff7
0000
0000
fff9
fff4
000d
0004
fffd
fffe
fffb
ffe5
0001
fff6
fff7
fffa
0007
fff5
fff3
0006
0007
fff7
0005
fffd
0003
fff4
0008
000b
0006
0005
ffde
0002
0000
ffff
fffa
0001
0004
fffe
fffc
000b
fff6
0009
0002
fff9
fffd
fff8
0006
0003
fffb
fff6
0003
0009
ffff
0004
fffd
0001
fffd
0003
fff2
0006
fffe
0003
fffd
0003
fff6
000b
fff0
fff6
0002
000d
0003
fffe
fff3
fffe
0000
000f
0006
fff2
0013
fffc
fff8
000d
0000
fffd
0002
0008
0009
fff3
0012
0009
fffd
fff9
fff7
0001
fffa
fff9
0007
0003
fffc
0007
000d
fff6
fffa
0009
0007
0002
000b
fff6
fff2
fff8
0001
fff9
fffc
fff7
fffa
fff7
0003
0007
fffc
fffe
fffb
0005
0001
000f
fff6
0003
0004
fffd
0005
fff3
0013
fff4
0009
fff6
000a
fffc
0001
0000
000a
fffe
ffe4
fff9
0002
fffe
0007
0009
ffff
fff2
000d
000a
fffd
0013
fffd
fff6
ffff
000a
fff6
0011
fff8
0009
0005
ffff
000a
fff2
000d
0000
fffb
0007
000a
0007
0012
000c
000b
fffb
0001
0005
0000
0003
0004
0008
ffff
fffd
fff8
fff8
000b
ffff
0007
fff4
ffee
fff6
000b
000a
0003
fff9
ffff
fffd
fffd
ffe9
fff8
fffe
000e
0001
000d
fffc
fffe
ffdc
0004
0005
0010
fffc
0001
fffa
fff5
fff9
fffd
000c
0000
fff9
0001
0002
fffa
000a
ffef
fffe
0006
fff4
0003
000c
0004
fff1
fff9
000b
0003
0000
0004
0007
fffa
fffd
0001
fffb
ffff
000c
fff7
0012
0011
fff0
ffff
0003
fff9
fff9
fffe
0007
fffb
0011
0003
ffff
000d
0006
0003
fffd
0011
0007
fffe
fff2
0003
fff6
fff0
fffd
0003
000c
0003
0007
fff5
0000
0001
0008
0001
0007
fffb
0003
0004
fff5
0002
fffd
ffef
0009
fffd
fff8
fffd
0001
000e
fffe
0004
000d
0005
000a
fffc
0007
ffff
000a
fff7
fff9
000c
fffe
fffd
0001
fffa
000c
fff5
ffff
0003
ffff
fff9
fff8
0004
fff7
0006
fff2
fffb
0000
fff5
0006
0000
fff7
fff2
fff2
0000
fff5
fff4
fffe
0015
0003
0007
0002
0007
fff4
fffc
0002
0000
fffe
fffa
fffe
fff9
ffea
fff5
0004
000e
0011
0001
0008
0008
fffa
fff0
0000
fff0
fffd
0006
fff3
0000
000b
0003
0005
0008
0010
0001
000b
ffff
fffb
0003
fffa
fffb
fffa
ffeb
0001
fff4
ffff
000d
fffb
fffb
000c
0005
0009
fffd
0007
fffa
fffa
0005
fffb
0007
0016
fff1
fff9
000a
ffff
000b
fff7
0003
ffff
0001
0003
fff5
fff6
000d
0003
0001
0000
0003
fff5
fff7
000c
0001
0008
fffa
000d
0003
0004
0005
fff9
ffef
fff6
000f
000c
fffd
fffd
0009
fffe
fff4
000c
0004
ffe9
fffd
0001
0004
0001
fffa
ffff
0003
fffe
fffd
000b
fff7
fffd
ffed
0005
0008
0005
0008
0004
0003
0004
fffe
000b
fffd
fff3
0008
0011
fff7
ffff
fffa
fffd
0000
fff5
fffd
fff3
fffb
fff5
fff6
fff0
000b
0005
ffee
fffb
fffa
fffa
fff3
0007
fffc
0004
0005
000d
ffef
0010
000c
0005
0016
0002
0008
fff9
000a
0002
fffc
0013
fffd
0000
fffe
fff9
0005
0007
0003
ffea
0009
fffd
fff5
0006
0005
fff6
0017
fff5
fff0
fff5
000d
fffe
fffd
ffff
fffb
fffa
fffa
0006
0009
fff6
0002
0007
fff6
fffb
fff7
fff4
0001
fff9
0006
0000
0004
fffd
fffa
ffff
0000
fffa
0004
0007
0001
0010
fffa
0005
fffc
0002
fff8
000a
0002
000b
fff4
fffb
fff8
fffb
fffa
ffff
0000
0000
fffb
0002
0008
fff8
0000
ffff
0004
ffff
0000
fff7
0000
fff8
0005
ffff
0000
fff8
0007
0006
0008
0014
0000
000b
ffff
0004
0003
0002
0006
fffd
0000
0005
0010
fff8
ffef
fffc
0001
0002
0001
000b
0009
0000
fffc
fffd
fffd
fffe
fff2
fffc
fffc
fffe
fffe
0006
fffb
fffc
0005
fffe
0002
0006
0004
0002
fffe
0006
0002
fffb
ffff
fff5
fff7
ffef
fffa
000c
fffb
0007
0000
fffa
000c
0005
fff0
000a
fff6
fffe
0006
fffd
000a
0007
fff2
fffc
0003
fffb
fffe
0007
0003
fff8
0002
fffa
fff5
fff6
0003
0000
0000
fff6
fffe
fff7
fff8
fffe
fff3
0006
0017
0004
fff6
fffe
fff2
fffd
0005
0005
fff7
0003
000b
0010
fffa
fff8
0000
ffe5
fffb
fffe
fffc
fff2
fffe
fff9
0007
fff8
fffd
fffe
0005
ffe9
fffd
0007
fffd
fff2
0003
0003
fffe
fff5
fff9
fffd
fff8
ffee
fff9
ffff
fffb
ffff
0001
0008
0014
0007
fff3
ffe8
ffff
0001
fff5
0002
fff9
0004
fffd
0004
fff0
fffc
ffff
fff3
0011
fffb
000d
fffa
fffe
000b
0003
0002
0002
fff4
fffc
fff7
0002
fffb
0000
ffff
0000
0000
fffa
fff6
fffa
000a
0003
0005
000d
fff5
0005
fff6
fffd
0004
000f
fff9
ffff
000b
fff2
0003
fffd
fff8
0001
0005
fff8
0003
0002
fff5
000e
000a
fff8
fffb
0007
fffb
ffef
000a
0000
0011
0003
0002
001a
fffe
fff7
0002
000a
fff5
fff8
0004
ffe3
fff6
0007
fffb
fff1
0012
fff3
fffb
fffd
0001
fffd
ffff
0001
ffff
0001
ffea
0004
fff3
ffec
000d
fff4
0002
fff9
fffa
0004
fff6
0003
0003
000b
ffff
000a
000f
000f
0005
0004
001a
0014
fff9
0008
0006
0001
0001
0004
0009
0003
0002
000d
0003
0007
0009
000f
000d
0003
0002
fff5
0003
fff7
fffb
0005
ffff
0004
fffd
000b
0001
000c
0006
0002
fffb
ffff
0008
0006
fff5
000b
fffe
0006
fff9
0007
fff7
0001
fffd
0003
fffb
ffff
fff3
0008
0009
fffc
fff3
fffa
0011
0003
fffe
0008
fffd
fffb
ffff
0001
fffb
ffea
0002
0000
fff0
0006
0000
0009
0009
fff6
0001
0009
fff7
000f
0006
0002
0010
fff7
ffff
fff6
ffff
000b
000c
0005
0013
fff6
fffb
0009
fffa
0009
fffe
0003
000f
fffc
000e
fff2
fff9
fff2
fff9
0008
0007
0001
0000
fff7
ffef
0003
000c
0000
fff4
fff4
fffb
000e
fffe
fff7
fffa
fffc
000a
fff6
fff8
fffe
0007
0007
0000
fffd
fff2
fffa
0002
fff3
0001
fffb
fffb
000d
0001
0009
fff5
000e
0003
ffe5
ffff
0012
0007
ffff
0001
fff3
0002
fff1
fff6
000b
000c
fff4
ffff
0018
000d
fffa
000b
0001
000b
fffb
fff7
0006
fff6
fff9
0009
fff8
fff2
0000
ffea
fffd
fff9
fff4
fff6
000c
0002
fffb
0006
000c
fff4
0002
0011
0008
001a
fff3
fff7
0009
000f
0003
fff5
fff4
0007
fff9
fffe
0003
0003
0008
0015
0010
fff6
fff1
000f
ffff
fffa
0011
000e
000a
0002
fff7
fffa
fff5
0000
ffff
ffff
0019
002a
fff2
fffe
fff2
0010
fff9
fffc
fff8
0004
0001
0007
000a
0005
0010
000f
0007
0002
ffeb
ffff
0004
ffed
fffc
0009
fffb
000c
0008
0000
fffd
0008
fff4
0012
fffb
0008
0002
0007
000a
000b
0002
fff5
fffd
0000
0000
ffeb
0008
0008
0010
fff7
0008
ffeb
0015
ffeb
0006
0009
0009
0007
fff4
fffd
0002
0002
000f
fffe
0015
0004
fffc
000f
fffc
0005
fffe
fff0
ffff
0005
0000
fffd
fff7
fffd
000b
fff4
fffd
fffb
0028
fffc
0001
fffd
001f
0005
fffb
fffa
000e
0009
fff9
0005
0005
ffed
fff3
0005
0008
000a
000d
000d
0003
000b
fff4
0000
fff7
fff7
0001
0009
0011
fff7
0001
0000
0013
0013
fffc
fff7
001a
0002
fffa
0014
0001
fffa
0004
0004
fff5
0006
000f
0013
ffff
000d
ffff
0008
0011
0009
0003
fff7
fff7
0002
0004
0004
0007
0009
ffea
0008
fff9
000c
0000
0003
0003
0001
ffef
000a
ffff
ffe8
000d
0012
fff8
000e
fffa
ffeb
fffe
0007
fffe
0002
0002
0003
0001
fff9
ffff
ffff
fffe
fff6
fffb
0000
0004
0000
0001
0001
0004
0004
fff2
fffa
0007
0004
0008
0003
fffa
000c
fff3
0009
0000
fff2
fffe
0011
fff6
fff4
fffb
fffa
fff8
0002
000d
0000
0005
fffc
ffff
ffff
000f
0005
fffa
0001
fffa
fff9
fffb
fffd
0000
fffc
fff6
fff0
0003
0003
0013
fffe
000a
0009
0002
000a
fff7
0010
ffee
0002
0010
fffd
ffff
0006
0005
0005
0002
0005
0009
fff6
0000
0006
0001
ffff
0008
0005
fff9
fff4
fff7
0010
fff8
ffff
fffe
0009
fff1
fffe
000d
0013
ffff
fffd
000e
fff3
000d
0003
0007
0004
0003
0008
fff4
fff2
0002
0000
0005
000c
fff8
0003
0005
000a
fff4
fffa
fffd
000b
fffa
0011
000e
0008
0004
ffee
0002
ffff
fff7
0001
fffc
000a
ffff
fff0
fff7
fff5
fffe
000b
0004
0001
fff4
0016
0001
0016
fff7
fffa
0019
ffeb
0004
fffd
fff9
0014
fff8
000b
000a
fff7
ffef
ffef
fff9
0007
0000
ffff
ffff
0009
0007
0002
fffa
0007
0002
fff9
fffb
000b
0011
fffb
ffed
0005
fff7
0007
fffd
0013
0001
0008
fff5
ffe6
0001
0004
0007
fffb
fff4
fff1
0005
0007
fff6
fffb
fff9
ffef
0002
0008
fffe
fff3
fffe
000c
0013
0002
fff9
ffee
fff2
ffff
0002
0002
fffe
fff2
fff2
0001
fff8
000c
fff3
000f
fffa
0002
0002
fffd
ffee
fffc
000e
fff4
ffef
fffe
fffc
fff4
fff9
fffc
fffc
0001
0006
0004
0003
000f
000a
ffe5
fffd
fff2
fffa
0007
fffe
fffc
000c
fff2
ffff
0005
0000
fff5
0000
0007
0003
0003
0003
0001
fff5
fffd
0004
ffe4
0007
0003
fff6
fff9
fffe
0004
fffd
000b
0004
fff9
fffc
0002
0007
0006
ffff
0001
0000
0008
fff7
0006
ffef
0004
0002
0000
ffed
000e
0008
0000
0004
fff7
0005
000e
fff5
0019
fffc
0008
fff8
0004
fff4
fffa
fffe
fffa
fffe
0009
fff4
fff5
0000
fffb
fff7
0001
fffb
0003
0000
fffe
ffff
0009
000c
ffff
fff7
fff2
ffec
fff5
fff8
0000
ffef
000d
000a
000b
fffb
0002
fff7
000e
fff5
fffb
000d
0017
ffff
fffc
ffe9
0010
0003
ffef
0008
0006
fffd
fffb
0007
0002
0004
000b
000b
0007
0005
fff4
fff6
0007
0006
0005
0008
fffb
0005
fff7
0001
0008
fffa
0012
000a
000d
fffe
fff3
fffa
0005
fffd
0007
0001
fffb
0009
000c
fff9
0005
0001
0003
ffff
fff5
000d
fff6
fff8
0006
0002
fff9
fffa
ffff
fffc
0006
fff5
0003
000e
0002
fff8
fff9
0000
fffa
000b
ffef
000f
ffed
0000
fff6
0007
fff9
fff6
fffd
fffc
ffee
0004
ffea
000b
fffd
0007
fffa
fff9
0006
fffa
fff2
ffff
fff3
0000
000d
000a
0001
fffe
fffd
fffa
0003
fffe
fffd
0004
ffee
0012
0006
fff3
0001
fff6
fffb
fff9
000a
ffee
fffd
fff1
0000
fffd
fff3
000d
000e
fffb
0005
ffff
0002
000e
fffe
0011
fffe
ffff
0011
0003
ffed
0002
fff4
fff1
fff7
0003
fff6
fff3
fffd
0004
fffa
fff5
ffec
fff9
0008
0009
0007
fffe
0001
000c
fff8
0003
ffef
0006
fffc
fff5
0007
fff6
fff8
000e
fff6
fffa
fffa
0007
ffef
000c
fffe
fffd
fff8
ffff
000d
0002
fff7
fffd
0005
0001
fffe
0006
0005
fff7
ffee
0005
0011
fff9
fffe
000c
0010
0001
000c
0008
fffb
ffed
fff7
0004
0003
fffb
fff8
fff4
fff1
ffff
fff3
0000
fff9
fffd
0013
0001
0000
fffd
fff3
000c
0011
fffa
fffd
fffd
0004
fff3
0001
000c
0004
fffc
0009
0017
0007
fffc
fff5
0009
000b
ffee
0009
000b
000e
0001
fff2
0011
fff6
0008
fffe
0001
000f
fff1
0002
0000
0016
fffe
fff7
0011
fff6
0003
0000
0006
0001
0006
fffe
0016
fffe
fffd
fffc
0008
ffe0
0003
fffa
0001
fffa
0002
fffa
fff1
0010
fff9
fff9
fff4
002c
fffa
0002
fff9
000e
fff7
ffe4
0010
0002
000d
0010
0005
000a
0011
fff4
000d
fff9
0002
fffe
001c
ffef
0000
ffde
0004
000a
000d
fffb
fff6
0014
0012
fffd
0003
0022
ffda
fff8
ffea
001d
0007
ffd1
0013
0007
fffb
fff1
fff8
0008
0007
000c
000c
0000
ffdf
ffdf
001a
ffdb
fffa
fff7
000c
ffff
0017
0011
ffee
000b
000c
0012
0002
0028
ffc1
fff9
ffe9
0013
001e
ffd7
000c
000d
0003
ffff
fff6
0007
000a
0003
0029
0002
ffe3
fff8
0018
ffe8
0002
ffea
0027
0002
002c
000d
fffa
0003
000d
000d
0007
0037
ffbb
fffa
fffb
0024
001b
ffc2
0014
0013
0001
000b
fffe
ffee
0007
0010
001a
0009
ffd6
ffcb
002c
ffd6
0000
fff0
0027
0006
0019
0015
ffe7
0000
fffe
0001
001a
003e
ffc7
0002
fff1
003a
0011
ff9f
001e
0026
0020
0002
ffff
fff6
0014
000c
0004
000c
ffdd
ffe1
001d
ffc3
0002
ffe3
0022
fffb
000f
001d
ffe6
000c
0015
001e
000a
0023
ffde
fff9
fff7
0012
0008
ffd5
0029
0026
0018
fff4
000c
fff4
0016
0018
0010
0026
fff9
fff3
0011
ffd5
0009
fffe
0038
fffc
001e
001e
fffb
fffa
fffe
000c
fffe
0003
ffe0
fffc
0017
0019
fffb
0000
001a
000a
001b
fff4
000e
fff8
001c
0003
0023
0026
ffe0
ffdc
002b
ffdb
fffc
fff3
0021
0002
000a
001c
fff3
0002
0012
fffd
0015
0027
fff8
000a
ffff
001e
000d
ffe1
0013
0009
0019
fff9
0013
ffea
001f
0002
002d
0019
fff4
0014
0018
ffc8
0009
fffa
0027
0007
001a
0014
fff1
ffff
000c
fff1
0009
0028
ffe9
000d
0001
000e
fffc
ffe1
001f
0000
0025
fff6
0003
0004
001b
0002
0023
ffff
ffec
000b
0013
ffea
000c
fff7
0018
fffe
001a
0015
fff0
0013
0008
fff1
0017
001a
fff4
fffb
ffff
0017
001f
0004
000b
0013
0008
fff8
fff0
fffe
fffb
0009
0015
fff5
fff8
000a
0004
fffc
001c
ffed
000a
000b
001e
0006
ffff
0008
000a
fff8
000f
0011
0002
ffff
fff6
0017
0025
fffa
0004
001c
0015
ffea
fffd
0008
0009
fffe
0012
ffe7
ffe9
ffe4
0006
fffd
0000
fff9
001e
fffd
0023
0004
0004
fff7
0001
fff9
0004
0010
fff0
0002
ffef
0007
0025
fff7
001e
0008
0006
fff3
0007
0008
0009
0006
0021
ffee
fffd
0000
ffff
fffc
0010
fff5
000b
fffc
0000
0000
fffb
0017
0009
fff9
0003
0017
ffee
fffc
fff0
0003
002a
ffe9
0008
000a
0005
fff5
0002
fff7
ffef
000d
0016
ffe9
0001
fff0
fffe
ffff
0008
0003
0003
fffa
0002
fff9
ffe5
000e
fffa
fffa
fff7
002d
ffe2
fffb
ffdf
0002
001a
ffff
000e
fffe
ffee
fff3
fff5
0006
0004
0004
0008
ffed
fffb
ffe8
0002
ffff
fff9
fffa
0003
fff8
fffb
000e
ffea
fff7
0005
ffea
0001
002a
ffed
fffd
ffdb
ffff
0015
0007
0002
000d
fff9
fff2
ffea
fff3
0005
fffd
0017
0002
fff7
fff8
0002
0001
fffd
ffff
fffc
000b
ffff
fffc
ffec
0008
fffc
fffd
fffe
0019
ffe5
fff8
ffe7
0015
000f
0004
0019
000b
fff4
fff4
0002
ffff
0000
fff9
0012
ffff
0009
0018
fffb
0005
000e
000e
0007
0006
ffff
000d
0003
0001
fffc
fff4
fffe
0016
fffa
fffa
fffd
fffe
fffb
0006
0003
000a
0006
0002
ffed
0002
fff8
000a
0001
fffc
fffb
fffd
fffb
0003
000a
0005
0007
000a
fffb
000e
fff4
0001
fffb
ffef
000f
ffee
0007
0011
0001
ffff
ffef
fffe
000d
fffb
fff7
ffeb
000c
0004
fffd
000a
fffb
fffd
0013
fff8
0003
0002
0001
0000
fff4
ffff
fffe
fffa
fff8
fff7
fff9
0004
0000
000f
0006
fffb
fffb
fffe
fffd
0000
0012
ffff
0001
fff5
fff2
ffff
fffc
0002
000c
fffb
fffa
0009
fffc
0001
ffff
0011
fff1
fff8
0006
000b
fff7
000b
fffc
fff9
fffa
0003
0004
fff8
0002
fffd
fff5
000f
fff7
0001
fff5
fffc
0001
0001
fff7
ffff
0003
000e
0007
000a
0006
fffa
fffd
0008
fffa
fff6
0000
ffef
fff9
fff6
fffc
000c
0015
0005
fff7
0007
0004
fffa
0008
fffc
fffb
0001
0006
fffd
0003
ffef
0003
fffc
fffb
ffe9
fff3
fff0
0006
fff8
0002
0006
fffb
fff7
000b
0002
fff5
0004
fffa
0004
0008
fff9
0004
ffe4
0005
ffee
0017
0003
fffa
000a
fff9
0001
fffd
0000
fffb
0004
fff9
0002
0006
fffb
0008
0004
fffd
fffc
0000
fffc
fffb
ffff
ffff
0001
000d
0008
0008
0005
fffb
fff7
ffff
000c
0007
fff3
ffef
000f
000d
fffa
ffff
0000
000a
fffc
0008
0004
0002
000a
0002
fff3
0008
fffc
000c
0002
fff7
0002
fffa
0003
fffc
0009
fffd
fffd
fff9
fff9
ffff
0002
0004
0000
fffc
fff2
0009
fffb
0004
fff6
000e
0007
fff9
0004
000c
ffff
fff1
0004
0011
fff1
000b
fffe
ffff
0002
0000
0008
fff6
ffff
fff9
fffb
001b
fff8
0004
0002
fff2
fff5
fff1
ffff
0000
fff8
fffe
0006
0006
0011
0000
0006
000a
0014
fff5
fff1
fff8
fff1
0007
ffff
fff2
fff5
0003
fffc
0003
ffff
0004
000b
ffec
000c
fffe
fffc
000a
fff5
fff9
fffc
001a
ffef
ffff
fff1
fff6
0003
fffb
0002
ffff
0001
0014
ffef
0002
fff1
0004
0001
0007
fffc
000d
fffe
0001
fff8
0003
0012
fff5
ffec
fffa
0018
fffb
ffee
0008
ffe9
0016
ffed
000b
0007
ffff
000a
0010
0003
ffee
fffb
000c
fff5
0008
fff0
0007
fff5
fff5
fff5
fffa
fffa
0004
ffff
0000
0024
ffe2
fffe
fffb
000f
ffea
ffdc
0002
ffef
000b
fffd
0010
000c
0004
0010
0003
0016
fff2
000f
0011
ffdf
fffb
ffff
0013
fffd
0004
0017
000b
0014
000f
0011
ffff
0027
ffda
fffc
0013
0035
000a
ffc2
0005
ffef
0008
0003
0002
0014
0002
000e
001a
001d
ffde
0039
0011
ffc6
fffa
ffca
0015
0012
0001
000c
ffed
000d
0007
0007
fff3
0039
ffaf
fff3
fff2
0047
0012
ffa8
000f
000e
0012
0005
0011
0005
0017
0000
001b
0027
ffe3
003d
001e
ffb1
0002
ffda
0042
001d
001c
002c
ffd9
0017
fff2
0023
ffdf
0039
ff91
0007
fff0
002a
003d
ff87
0006
0000
fffc
ffe8
0025
0012
0013
001a
001d
002a
ffcc
002c
0030
ffb0
fff9
ffe9
002a
0018
000d
0039
ffc8
0027
ffff
0028
fff0
001d
ff81
ffeb
0011
0005
003a
ff91
0007
0025
0019
ffca
0031
ffff
0001
0027
0022
004f
ffc5
0019
0034
ff9e
ffe3
0009
0056
0002
0010
003b
0000
0021
0019
002f
fff0
003f
ff8c
ffe8
0038
001f
0049
ff81
0004
0008
0014
ffd2
0035
ffed
0012
000d
0026
0047
ffd3
0014
0051
ffab
0022
fff4
0065
fff3
0015
0074
ffdd
0059
002e
0036
0008
0054
ff8f
ffdc
006d
0021
0045
ffc6
0000
002d
001c
ffe1
0020
fff7
fffd
0028
0038
003b
ffd5
0010
004e
ffcb
0018
0015
0052
fffa
001e
0046
ffc7
0062
0039
0034
001c
0013
ff98
fff3
0064
003d
0021
ffd7
0004
0024
000c
ffe6
001c
fff7
fffb
0022
003c
0028
ffc7
0016
004b
ffb2
0018
002d
0060
0003
0024
0035
0002
002d
0020
000e
0040
0044
ffa0
0001
003a
000a
0054
ffd3
fff4
0043
ffe9
ffda
0018
0002
fff9
0009
0048
003c
ffcd
0045
003d
ffc4
0012
002f
0061
0003
0036
004c
fffe
0019
000a
000a
0046
0018
ffa1
fff8
0027
ffdb
0051
0005
ffd8
0058
000f
ffde
0020
001e
ffdd
000d
0063
000f
ffd2
001b
002a
ffcc
0026
002e
0058
fff1
0018
0012
fff5
001b
0027
0015
0019
fffe
ffc2
ffd8
0009
ffea
0083
0014
0004
0035
002c
ffef
0029
001b
fff5
0011
0066
ffd8
fffb
0012
001d
ffbb
0035
0018
003a
ffd2
001c
0003
fff4
0023
0019
001a
0009
fff0
ffe1
ffee
ffe8
fff3
0079
000a
fffe
0037
0005
fffb
0006
0009
0008
000c
005a
ffd6
ffe3
0001
0014
fffe
0034
000b
0046
ffd5
0024
0019
ffed
0016
0026
0012
0025
0014
ffbf
ffe6
ffea
fff3
0056
0001
fff9
0035
001b
0003
0010
0015
fffb
fffe
003b
ffcd
fff6
ffdf
fff8
ffee
0010
0020
0018
ffe4
002b
0000
fff6
002a
0018
ffe0
0014
002e
ffac
fffa
ffd4
0015
0052
000b
fff8
001e
0017
ffff
000f
fff7
0005
0002
0024
ffd5
ffec
ffd6
0015
0018
fffc
0017
0007
fff4
001d
fffb
ffe0
fffb
0026
ffc6
000d
0069
ffd7
ffe6
ffcc
000b
0043
0002
000d
0016
0004
0004
fff6
fff9
001f
0010
0025
ffe7
0008
ffb7
fff6
0009
0001
0008
fff8
0005
fff7
ffee
ffd5
fff7
0015
ffd8
000b
0049
0002
ffef
ffc5
000c
002e
ffc5
000f
001e
0005
0011
0026
fffb
000b
0015
0018
fffa
fffd
ffd8
0009
fffe
fffb
0001
0005
000b
0003
0002
ffe3
0006
0002
0008
fff4
0052
ffec
0003
ffbb
fffc
000b
ffe8
fffc
0008
fffa
fffd
0029
fff7
fff5
fffd
fff3
fffb
fff9
0007
fffc
fffa
000d
000c
0002
000a
000a
0011
ffe7
0008
0000
0004
0009
0020
ffe7
fff9
ffdc
0002
ffff
0004
fffd
fff9
000b
0004
0002
fff7
fff0
fff5
fffe
fffd
0009
000e
fffe
fffa
fff8
000b
0000
0001
0009
fffe
fffb
0004
0002
000b
fffc
fffd
0005
0002
0008
0006
0007
fff6
ffff
fffe
fffc
0001
000f
0016
fff8
0000
fff8
fffb
fffe
fff2
0003
fff5
fffe
fffb
0006
000c
0006
0000
fff0
fff7
0004
fffb
fffd
0008
0013
fff9
0004
fffb
fff6
fffd
fffe
fffc
0005
fffd
ffed
0005
0004
fff3
fffa
fffc
0006
fffe
0009
fff9
0008
0000
fffd
0008
0007
0005
ffff
000a
000b
fffd
0001
fff2
fffa
0009
fff7
0003
0000
000f
0001
ffef
fffc
0004
0006
0004
000c
0002
ffef
fffa
0002
fffa
0003
0003
000f
fffa
fff5
fff5
fffc
0005
ffff
fffa
fff6
fffe
0006
000a
000b
0006
0003
fffa
0003
000e
0001
0007
0000
0004
fff8
fff4
fff7
ffee
0008
0016
fffe
fff9
0003
000f
0001
000c
0000
0002
fff2
0003
fff7
fff6
fff2
0005
0015
fff9
fffe
fffd
0004
0009
ffff
fffd
fff0
0005
0001
ffef
fff6
fff7
fffc
fff8
0007
fffa
fffb
fff7
0006
fffc
ffff
0007
0000
ffff
0007
0003
0003
fffc
0001
fff9
000e
0002
0006
fffb
0000
0005
ffef
fffe
fffa
fff7
0006
fff9
fff7
0009
ffee
0009
000a
ffee
fffe
0003
0009
fffb
fffe
0008
fff8
0004
000a
fff6
0004
0001
fff6
0002
fffd
fff9
fffd
fff7
0005
fffe
000c
0002
ffff
0001
0006
fffa
0009
fffc
fff6
0005
000f
0008
fffd
fff7
fff3
fffd
0000
fff1
ffff
0006
fffd
fffd
fff8
0007
fffa
fffb
0006
fff6
ffff
0000
0005
0003
000c
0009
fffa
fff9
0017
0007
0026
fff8
fffd
001a
0011
0002
0003
000a
0001
ffe4
0008
fff7
0005
fffc
ffef
fffc
0004
000d
fff9
0002
ffdd
0000
ffed
000b
0006
0019
001e
000a
ffef
000b
0021
0004
0025
0002
0003
000e
0000
000d
fffc
0012
0014
fff0
fffa
fff4
001a
fff6
0001
fff4
000b
000a
0028
0002
ffea
0016
fff0
000e
000e
0007
0015
ffef
ffec
0009
001c
fff1
0017
0003
fffb
000e
fffd
fffc
fff9
002a
fff6
ffdc
fff3
fff0
0019
000e
ffe6
0004
0016
ffef
0001
0005
fff5
000b
ffd6
fff1
0016
fff0
0029
ffe7
ffe8
fffe
fffe
ffec
0060
000f
000a
0026
ffe3
0018
fff9
0039
fff4
ffaf
ffe4
0007
001a
fff7
ffe6
001e
0012
0016
0000
001b
ffde
000e
ffd4
0004
0027
001a
0015
ffda
0012
ffe5
0007
fff8
003a
0008
001f
0011
fffa
0042
ffc8
0056
0012
ffa5
ffdf
fffc
0031
0002
fff0
0025
fff9
0029
fff9
002a
ffdd
001e
ffcb
ffe7
0032
0023
0027
ffd4
000f
ffe6
000f
fff1
0045
ffeb
0026
001b
fffb
0040
ffaf
0055
0033
ff9d
ffc1
fff0
0019
ffd9
ffd5
000b
fff5
001a
000d
0038
ffbd
0032
ffbe
ffcb
004f
0001
0010
fffd
ffe9
ffed
0016
ffd8
0025
001d
fffb
001c
ffd3
0050
ffac
0043
0047
ffcf
ffc2
fffd
0002
ffde
ffeb
002f
0000
0031
0038
003f
ffa7
0014
ffd6
ffb6
002d
ffe7
002b
000d
ffe5
ffea
000a
fff3
000a
fff5
fff9
003d
ffdf
003f
ffae
001c
003d
ffd0
ffcc
001c
fffc
ffec
ffce
0016
0019
004f
0049
0042
ffd1
0023
ffe0
ffa5
0066
fff7
0053
fffd
ffe9
ffee
ffef
fff6
0049
fff6
0022
004c
0005
0040
ffb1
0018
0036
ffa8
0001
002c
0017
0007
ff96
001d
0010
0033
004c
002e
ffe8
003a
ffb7
ff8d
008f
fff4
0016
fffb
ffd2
ffd8
0017
000d
0005
fffa
fffc
0044
0009
003a
ff9a
001a
0052
ff86
ffff
0060
000f
ffd9
ffa1
000e
0013
0052
0037
0022
001d
0067
000b
ffb6
0087
ffe1
fffc
0011
0012
ffe2
0004
0005
ffd1
ffde
ffd2
002b
0021
002e
ff92
0018
0053
ffba
001e
0080
ffe5
fff1
fff5
ffe1
000d
0031
0015
001c
0077
0079
001d
ffd0
004a
ff8e
ffdd
0000
0017
0015
0023
0010
fff3
ffe7
ffdf
0032
0017
0009
ff95
0065
002f
ffd1
0048
004a
fff5
ffe7
000f
0012
0017
0023
000d
003c
0090
0044
fff8
ffd9
fffa
ffaa
ffd4
fff7
0002
002a
ffe8
fffd
ffde
0002
fffb
0036
0037
000b
ffb0
0026
0027
ffeb
0057
0034
002b
fff5
0011
0016
0028
0044
ffe8
004f
007b
0038
ffd2
ffe9
ffe3
ffac
002c
0045
ffd3
0029
0008
fffb
fffd
000d
0017
0024
003d
fff3
ffc2
0034
002e
ffe9
003d
0023
001f
ffc9
fffd
fff0
0006
0024
000a
002e
0032
0003
ffd6
fffc
000f
ffd1
0031
0049
0000
0021
ffe4
002e
0000
0018
002b
0024
0031
ffaa
ffde
ffe8
0002
0020
0050
000e
ffef
ffdf
000e
fff8
0009
0020
001a
0008
0000
fffd
0017
0006
ffe6
fff6
000b
0026
000c
fff1
ffce
001f
0007
0009
0054
0014
0007
ff8e
fffe
ffc7
ffe0
0059
0038
000e
fffb
0022
fff8
000d
ffe6
fff7
0039
ffdc
0017
001d
000a
0005
ffb8
fffa
0016
0008
0019
0012
ffe2
ffed
ffd8
ffea
0029
000b
0003
ffad
001b
ffac
ffd8
0072
0039
fff5
0014
ffff
0021
0004
fff0
fff5
001d
ffc8
000e
0031
fff0
fff4
ffb1
0005
0016
ffec
0001
0028
ffdf
ffe8
ffca
ffed
0024
0011
fffa
ffbd
000e
ffa2
fff2
005c
0020
0002
fff5
0007
0030
000c
ffd0
fff0
0017
ffe8
000c
003b
0006
ffe0
ffb9
fff6
0024
000c
0008
001e
0015
ffdd
ffea
000e
0009
0007
fffa
ffe3
0015
ffa4
fffd
0040
0009
0003
000a
0011
002f
fff5
ffef
fff1
002c
ffe8
ffff
0022
0010
0002
ffe2
0002
0011
0035
0006
0014
0023
ffe8
0008
0016
ffc1
fffc
ffea
0007
fffa
ffe1
ffee
001b
fff3
0014
fff9
0013
0003
0007
fff4
000a
0009
000b
fffb
0026
0015
0013
fffc
ffff
ffff
001a
fff4
fffa
0009
fff2
ffff
0027
ffe7
0000
0008
000c
fff1
0010
000e
fffb
fff4
001a
0008
0003
0007
0006
ffef
0005
0016
000d
ffee
000c
000d
000e
0008
fff3
000a
ffff
fffb
fffe
001c
0002
0001
fff6
fff8
fff5
0008
fffb
fff6
0002
0004
0011
fffb
000f
fff9
fff7
fff6
0001
fffe
000d
0009
ffff
0001
0013
fff4
0001
fff2
0005
ffff
fff7
0005
fffd
0009
ffff
0003
fff5
0004
fffe
fff0
fff0
fff6
0008
ffed
000a
fffe
0002
0007
fffa
ffff
ffff
fff9
0009
0001
0008
0007
0006
0007
fff6
fff3
000d
fffd
0006
000a
0003
0007
fff5
fff4
fff5
fffa
ffe8
fffc
ffef
0009
0004
0004
ffee
fffc
000d
fff9
0008
fff8
ffff
0018
0006
000c
0000
fff2
fff3
0008
0003
000d
fffc
0003
fffa
0006
ffed
0000
fff8
ffff
0009
0004
0006
fff9
ffe8
fff6
0002
fff5
0003
ffef
ffff
000c
0005
fff8
0006
ffff
fffa
000a
0003
ffee
fffa
000e
ffff
0012
0007
0009
fff1
fffc
000e
000d
0002
fffa
fff8
fffe
ffff
fff7
fff8
0005
000c
0004
0001
000c
fff5
fffe
fffc
fffb
fff7
0009
0006
fffe
000e
fff2
fffe
fff8
0010
ffff
fffe
0001
000b
0002
0005
0001
0007
000b
0004
fff2
000c
0009
0007
fffe
0009
fff6
fff7
0010
0000
fffb
0000
fffb
fff5
0006
fffc
0000
000b
fffe
000a
0002
fff9
ffff
ffef
000c
0004
0006
0006
ffff
0011
001e
0003
000b
0007
0015
0006
ffee
001b
0001
ffdb
0007
ffff
ffff
ffef
ffee
fff6
000d
0004
ffff
fffa
ffe5
0002
fff1
fffb
0010
ffea
0031
0026
fff2
0019
000b
ffe7
0044
0006
0006
000f
0006
0003
0008
001d
0009
ffcc
fffe
fffb
0011
fffd
ffce
ffe3
0013
000a
fff8
0004
ffc4
0006
fffe
0011
003e
fffa
0043
0014
ffdf
0001
0009
fff7
005a
0006
fffa
fff9
ffff
0011
fff9
0018
0003
ffc7
0001
fffd
000d
ffff
ffc4
fff6
fffd
0016
fffd
000a
ffd0
000a
ffe3
ffff
0039
ffd5
003a
0008
ffdf
fff0
0020
0003
0032
000e
0010
000a
ffdd
0016
fff0
0025
000d
ffe0
fff5
0003
0013
0009
ffcf
fff3
0001
000c
ffe3
002a
ffdc
ffef
ffe9
ffed
0048
ffd1
0039
000e
fff0
fff6
002e
ffff
0029
0032
0016
0004
ffc9
0025
0002
000d
000c
ffe0
fffb
fff0
0013
0021
000d
0025
ffd9
003d
ffeb
0040
ffe9
ffe2
ffd5
ffdc
0030
ffe7
005a
0029
ffed
ffd4
0050
0003
001e
0036
0012
0005
ffc8
fffa
0002
0025
000b
ffbe
ffed
ffff
0004
0015
000e
0027
ffe6
005e
fff4
004f
ffd5
0002
ffe8
ffbe
0034
0011
0016
001e
ffd9
ffd2
0034
fff7
001d
000a
001c
0021
ffbc
0022
ffda
0029
002d
ffca
ffe6
002f
000b
001a
000d
0049
ffc8
004c
0013
004a
ffd6
0002
ffb5
ffa6
0040
ffdc
ffde
004f
ffcc
ffc5
0018
ffef
0022
000f
ffc2
0029
ffad
002e
ffde
0012
003e
ffee
ffc2
0050
ffea
fffa
0005
002e
ffc9
0057
0017
0060
ffd2
0000
000c
ffbf
003f
ffe4
000b
0009
001a
ffbc
0011
001b
0004
ffef
ffb6
004b
ff8c
0021
ffc8
ffff
0023
ffff
ffd5
003c
0009
0008
ffef
0029
ffd4
007f
0009
0052
ffc5
003b
002d
ffc6
002b
001f
ffdb
ffe6
ffea
ffd7
ffea
000b
0005
ffe5
ffd0
0053
ffb6
0071
ffb0
ffee
002e
ffe4
ff93
0032
003e
001c
fffb
0032
ffb7
005e
0025
0060
ffdf
004d
0009
ffe9
0036
0045
ffb0
0001
0000
ffdc
ffdc
000d
fffd
0009
fff8
006c
ff77
0022
ffd9
ffc5
001b
ffa7
ffbb
0043
002b
001e
ffe4
0036
0004
fffb
001d
003e
fff8
0062
000f
ffe2
0013
0014
fffa
0007
ffd6
ffe8
ffad
0003
002e
ffd5
fffe
0074
ff7e
001d
ffe5
0010
001a
ffca
ffe6
006b
000f
fff0
ffd0
0045
ffe5
0010
ffed
0027
0017
003c
0008
fffd
0040
fffc
ffbf
fff9
ffc6
0001
ffcf
000a
000c
fff1
ffec
0078
ff6d
000c
ffad
0047
fffd
000f
001f
0029
ffff
ffc7
ffdd
002c
ffc9
0040
ffcc
001c
005f
0026
fff0
ffb2
0050
fff6
ffa8
fff0
000f
0018
ffe0
0037
ffda
0047
fff1
0095
ff65
ffee
ffbc
ffed
fff0
002a
0023
0024
001b
fff7
ffc8
002f
ffb5
0050
ffe0
0088
0057
004e
fffc
ffdf
fffc
0031
ff95
fffb
ffdd
fff8
ffe1
0020
ffd9
fff8
fff1
0082
ffee
fff0
ffba
fff5
003f
003e
fff1
0035
0023
ffbc
fff5
0011
fff8
004c
fff7
006a
0053
0040
ffe6
fff4
0029
0023
ffd9
ffdb
fff6
fff6
0004
001e
fffe
fff0
0010
0089
0013
ffd2
ffd5
ffe1
002b
0015
0008
ffe4
fffb
ffa7
0003
0006
fff1
002a
000b
0049
0004
0018
0001
fffb
fff7
fff7
ffbf
000f
0005
0013
0007
000f
0006
fffd
0024
005d
ffd4
fff6
ffdc
0005
fff8
0029
001f
ffe0
000e
ffd4
0004
ffe0
ffe3
0006
0034
0025
0016
0021
0007
ffd6
ffc4
0004
ffeb
001d
001b
fff5
0003
fffd
000a
ffe0
003a
0026
ffb1
ffe7
ffdf
ffd2
fff5
0087
0021
ffe1
001f
0014
0029
ffe6
ffff
ffe3
0010
ffd8
0011
0014
002d
fff2
ffd2
001f
ffed
0033
0001
0009
0018
ffce
ffd2
ffe6
004b
0001
ffb9
ffcd
fffa
ffba
fff0
009b
002e
ffe4
0013
001e
005b
fff2
fffb
ffae
0013
ffce
0011
0007
0013
ffd5
ffd6
0016
0020
0052
fffc
001d
000a
ffc7
ffb8
ffe5
002d
ffe7
ffbf
ffd9
0023
ffbb
fff5
0066
0039
0002
0016
0029
0054
ffda
001e
ffde
0016
ffce
000c
ffe9
0012
fff3
fff6
0016
0019
005a
ffd2
0018
0025
ffbe
fff4
0003
000d
fffb
ffd6
fffb
0020
ffd4
0005
001e
000a
0005
fff9
0022
0021
ffe0
0020
fff4
0015
fff5
fffa
0001
fff8
ffff
0005
fff2
0006
003f
fff4
fffe
0033
ffe0
fff0
0016
ffe2
ffff
fff7
fff6
fff1
0003
0001
0006
000a
000a
0006
0008
fff6
ffe3
ffff
0019
0013
000a
fff9
000a
fffe
fff2
0013
fffb
ffef
fffa
ffef
fff9
000b
ffff
ffef
000e
0004
fff7
fff5
0012
fffb
0006
0001
0000
fff2
fffe
fff7
fff8
0004
fff5
0013
0001
000a
0005
fff4
ffef
fff0
fffa
000c
fffa
0002
0002
0019
fffb
fffc
ffff
0001
ffed
0000
fffb
ffff
fff8
0007
000a
0005
0008
fff8
fff7
fffa
0008
0008
0007
0001
0004
0007
fffa
fffc
0004
000f
0006
0000
fffb
0001
ffe7
0007
0004
fff8
0003
0001
fff7
000d
0002
fff6
0014
0000
fffa
0007
0008
0003
ffe5
ffff
ffff
ffff
0006
0002
fffe
fff3
0006
fffe
0001
000b
0008
0002
fff8
fff8
fff4
fffb
0010
ffff
0000
0001
0005
000b
fffe
0007
001c
ffe9
fffd
ffff
0000
0002
fffa
001d
fffd
0002
fffe
0005
0005
0003
000d
ffff
0009
fff3
0009
0005
0004
0002
fffd
ffe8
fff9
fffe
fff9
0004
fffd
0004
fff9
0005
0001
ffff
fff7
000c
fffd
fff5
000d
fff9
fff8
0002
fff1
fffb
fff0
ffec
0000
fffd
000b
0011
0003
0005
ffe5
0009
0003
ffff
0004
fffd
fffa
000e
ffee
fffa
fffe
0009
fffa
0007
0026
0000
ffed
fff9
fff1
0009
000e
fff0
ffef
fffd
fff2
fffa
0019
fff4
0015
fff8
0004
0014
ffe3
0017
fffa
fff2
0018
fff9
ffef
0011
fffb
fffc
0018
0027
fff5
0011
0034
fff1
ffea
0003
000a
0007
0007
ffde
fff1
000d
0000
fffe
fffe
ffe5
fff1
0003
fff7
0029
ffc3
0027
0006
ffea
fffb
ffff
fffd
0029
000e
fff7
fffc
fff0
ffeb
0011
003b
ffe7
ffcd
0007
0018
0016
0018
ffb6
ffd9
0001
0007
fff2
0000
ffd0
0004
fff1
ffde
0037
ffd0
0043
0023
ffd1
ffc8
0014
0013
003d
0019
0007
fff1
ffdb
fff9
fffc
000b
ffdc
ffd8
000b
001a
000b
004c
ffd3
0009
ffba
002f
ffd9
0020
ffe9
0017
fff2
ffde
0045
ffd5
001a
001a
fffc
ffe0
0036
002b
002b
003e
0019
000b
ffd7
ffda
fffb
fff6
ffea
ffef
0001
001a
0010
0033
0025
0031
ff9f
004b
ffd1
0036
ffe9
fffc
fff7
ffde
0036
ffc4
001f
006d
ffeb
fff8
006d
000a
0023
004b
ffea
ffde
fffc
ffeb
001c
0003
ffd8
0004
fff6
0023
0000
001e
002c
001c
ffc0
0068
ffb5
0065
ffe8
ffd7
ffe7
ffc0
0021
ffc0
002d
0056
fff0
ffe4
0076
0005
0043
005d
ffc4
0000
fff1
fff5
000d
0004
ffdf
0003
fffe
0017
fff0
0014
0011
0009
000c
0077
ffd5
007e
ffd3
ffdc
ffe1
ffc7
0035
fff7
ffe8
0056
ffec
ffb9
0023
ffbc
006e
0027
ffda
ffd1
ffdf
fff4
fff8
003f
fff8
fff7
ffac
001a
fffc
0006
0012
002d
001a
004e
ffc4
0032
ffee
0014
ffca
0002
003a
ffe8
ffc9
0047
fff0
ffd0
000a
ffb1
0037
0019
ffad
ffd6
ffce
0037
fffd
0019
000a
fffe
ff8d
002b
ffcd
ffcd
ffec
001f
0013
0060
ffae
003e
fffe
000d
0007
0043
0046
000b
ffe8
fff9
000a
ffec
002b
ffe6
000f
0021
ffaa
ffeb
ffee
0057
fff6
0012
ffeb
ffd0
ffc0
ffde
ffde
fff2
000d
0005
ffdb
0056
ffd7
005c
0004
ffe7
ffd7
0044
fffc
fff4
fff1
fff4
ffd8
0024
000d
ffc6
001b
0020
ffa1
0033
ffea
005f
ffbb
0029
0021
ffc5
ffa1
0014
ffe2
ffdb
0006
ffee
fff8
0027
0001
0053
0037
ffdb
ffea
0035
0023
ffeb
ffda
0009
fff2
ffe3
fffd
ffe7
fffc
0013
ffae
0044
fff0
006c
ffff
002c
004f
ffb5
ff86
0010
ffd9
0003
000a
fff8
0000
fffd
002b
0031
0035
ffdf
ffe1
002e
0013
ffcd
fff1
ffe3
0000
ffe7
ffea
0012
ffa8
000a
ffd6
0015
000a
0083
fffa
0026
004e
ffa1
ff8b
001a
ffca
ffda
ffc3
0021
000b
0056
0025
0053
fffe
fff7
0012
004d
000a
ffff
ffc6
0008
0010
0002
0008
ffcc
fff6
0008
ffe0
fff7
0019
0053
fffa
004d
0028
ffb0
ffa6
ffee
ffcb
ffce
ffb5
0033
0023
004b
ffe9
0037
000e
fff0
0014
0079
002a
0002
ffd0
ffd8
0002
0044
ffeb
ffdd
fff8
0005
ffa0
0004
ffeb
0041
fff2
0000
ffea
ffb5
ff9f
ffd1
ffd4
ffc8
fff6
0014
000b
0032
0004
0066
0023
ffff
ffda
0064
ffe7
0009
0024
ffec
ffd0
0028
ffd9
0000
003e
0006
ffbb
0031
003a
0074
ffe2
004a
0019
ffd8
ff95
0033
0009
ffd1
ffeb
0020
0012
001f
fff7
002a
0035
ffff
ffe3
0052
001a
000c
ffa6
0006
ffde
0003
fffa
0020
ffe9
0025
ffa9
0027
ffc0
0017
ffe2
ffe3
ffe9
0058
ffdb
0008
0001
ffe8
000b
ffed
001f
fffb
ffd9
002b
003d
002b
fffd
fff9
ffd4
ffff
ffbf
002c
ffe4
0010
0007
ffce
003a
fffd
ffea
0024
ffcc
0032
ffda
ffe2
ffed
002e
ffdf
0006
ffdd
ffe1
fff5
0008
0037
fff7
fffd
0039
0022
ffef
ffe3
fff7
0006
fff3
ffd9
0020
fff7
0000
ffd0
fff4
0012
ffea
0001
ffe8
ffbf
003c
fff6
ffea
ffd7
004f
ffed
0020
0028
001d
ffe2
000f
0014
ffeb
ffc4
001c
0008
ffe9
ffe2
0003
002b
fff7
ffbc
003d
0013
ffff
ffd4
fff1
ffad
0015
0025
ffe6
ff5c
ffe9
ffe5
ffd1
ffeb
0097
0049
001e
0029
0039
0037
ffd8
0008
ffe1
0005
fff3
001e
fff8
0044
ffa1
0013
ffe0
ffe8
006d
ffde
001f
0008
ffec
ff93
0012
002a
ffe3
ff6c
ffc8
fff5
ff99
ffe0
0088
0061
0011
000a
0031
005c
ffa9
002f
ffdf
0027
fff7
000b
ffe5
0035
ffb8
0014
ffe4
fff7
0075
ffc1
001c
0043
ffcc
ffb9
0037
fff6
ffec
ffae
ffda
ffff
ffbb
000f
004a
0036
fff9
0010
001e
006e
ffa3
002c
0004
003a
0009
fffa
fff3
ffe4
ffcd
000a
fff7
ffff
0055
ffeb
000a
0035
ffdb
fff0
0022
ffff
fff2
ffe4
fff1
fffc
fff1
000f
0009
001e
fff1
001f
ffff
0023
ffd7
001b
0011
0029
0010
fffd
ffe5
ffed
fff4
0017
0006
fff5
0025
fff8
0002
0024
ffe1
fff7
ffff
fff3
0000
0004
0004
0003
fff6
000d
0019
ffff
fff6
ffee
fff0
0020
fffb
0017
fffc
000d
ffff
0006
000c
0002
fffd
000a
fff9
000b
0002
fff4
000c
000c
fffe
0005
0019
ffe9
0001
0003
fffd
fff8
000e
0016
0009
000d
fffa
fffd
0005
0007
fff8
000f
0005
000b
000f
0005
fff9
fff7
fffa
ffff
0000
fffc
0003
0001
0005
fffc
000a
ffeb
0003
0001
0005
0010
0008
0002
fffc
0006
fffe
fffc
000b
0003
0004
0000
fff8
ffed
0005
0006
0002
fff6
fffc
ffff
fff3
ffff
0002
0000
fff5
fffd
fff9
fff4
fff4
0000
fff9
0012
0001
0003
0000
fffa
0008
0005
0006
0004
fff0
0006
fffe
0000
0009
fffe
fff5
0004
0013
fff4
0003
fffd
000b
0000
fff2
ffef
000d
fffd
fff6
fffe
0000
fffa
fffe
0006
fff0
000c
fffb
0006
0012
fff4
fffe
0003
0008
fffa
0011
ffee
0002
fff7
ffff
0002
fffe
0005
0002
0009
0005
fff0
fff5
0003
0007
fff4
ffea
fffd
fff5
000e
0004
fffd
fff0
0009
ffee
0017
0022
fff3
ffe7
ffea
000f
0017
0013
ffef
ffec
000b
0011
ffee
fff9
ffe8
fffd
0003
0014
000c
ffc1
0041
ffff
ffd4
fff1
fff7
fff7
003a
0007
fffc
0011
0018
ffe7
0016
007c
ffe4
ffcc
000b
0023
001e
000e
ffca
fff0
ffff
0007
ffd7
fffe
ffc5
fff9
ffda
ffea
0028
ffcd
004f
002d
ffd7
fffa
fff5
0010
0034
001a
ffeb
ffdd
0005
ffd6
0032
0064
ffe1
ffd7
000b
0041
0017
000b
ffae
ffe0
ffe9
001c
ffd0
0009
ffd8
0013
ffdb
ffd5
0047
ffe8
002f
000a
ffe6
ffd6
0009
0015
0034
003d
fff6
ffe9
fff7
ffee
fff5
003e
ffe2
ffee
0001
0050
002c
001c
fffc
fff7
ffb7
002d
ffc2
0021
fff1
0033
ffe4
ffe0
0034
ffe3
0016
0043
ffd8
fff9
0017
0011
0029
0055
ffe6
0002
ffe2
ffd3
0009
fff2
ffd8
0020
ffef
005b
000c
0020
0031
0017
ffe2
005c
ff9c
004c
0001
001b
ffe7
ffdb
ffff
ffe2
0012
005a
0010
0005
0055
ffe3
0021
0078
ffe9
ffee
0017
0012
fffe
fff4
ffc6
0038
000a
0023
fffb
0021
0000
001e
ffed
0071
ffa1
005b
ffde
0015
001d
fffe
fff9
ffdd
001e
0051
0005
ffdf
001f
ffec
000f
0077
ffa6
ffda
0014
0015
0005
ffcf
ffc6
002b
ffd9
0033
000a
0035
000d
000d
fffd
006d
ffa1
005d
001e
000b
fff6
0017
0022
ffef
fffa
003b
0018
ffb9
fff8
ffc1
ffef
0053
ffba
ffe8
0018
002d
002d
ffe5
ffed
ffef
ffc1
0011
ffe7
ffe4
001f
0021
0036
005b
ffb0
002f
002d
000c
fff2
0027
002a
000b
ffde
0007
ffe6
ffc6
002d
ffda
ffdf
002f
ffae
ffea
0002
005a
0002
0002
ffed
ffd0
ffbe
001d
fffd
0014
0014
0021
0038
0026
ffd2
0010
002e
fffa
ffea
0037
0040
ffec
0034
ffd7
ffcd
ffe2
fffe
ffcd
0003
0008
ff98
ffd2
005e
00e8
001b
0022
fffb
ffa0
ff92
002f
fff5
0007
0006
0028
0025
fff4
ffca
ffff
0013
ffdc
ffe5
005f
0059
ffda
001c
ffcb
ffdf
ffeb
ffee
ffdd
0008
0060
ffae
ffdd
004e
00cc
fff8
0049
0029
ffa1
ffb2
002c
fff8
001a
0049
0025
0010
002d
ffe5
0071
fffe
ffc3
ffde
001a
0028
ffd8
001d
ffcb
ffe4
0017
0025
ffb7
ffed
001d
fff9
fffb
0077
00ee
000b
000e
0068
ffe2
ffc6
002f
001b
ffe9
0052
000e
002d
0005
002f
003f
fff8
ffb2
ff89
fffc
0005
ffac
fff7
fff2
ffec
0032
0003
0003
ffe4
0030
ffaf
fff6
0059
00a9
ffe3
0004
0080
ffd0
ffa7
0036
ffdf
0012
ffd9
0026
0012
0040
0025
0064
ffbf
ffce
ffd7
0032
ffe2
ff99
ffcf
0018
ffde
0022
0001
ffde
0014
002f
ffb2
ffd7
0061
00d2
001e
002a
002a
ffee
ff51
0006
fffc
0004
ffe6
002e
0036
fff2
fff1
0043
ffef
ffe5
001b
006e
000d
ff91
fff9
ffee
ffc7
0022
fff6
000d
0012
0036
ffc1
ffc0
0020
008b
0013
0000
fff7
002c
ffd1
000c
ffde
ffbb
fff5
000e
0038
fff3
ffde
002f
002a
ffec
ffc7
fffc
ffe0
ff88
ffd5
ffea
ffc3
fff4
ffa1
fffd
fff4
003d
ffd9
fff9
0008
00b8
000e
0022
001a
004e
ffa8
002e
0005
ffe9
ffe3
002d
0026
ffee
ffea
0023
004d
fff5
ffec
0007
0002
ffd3
ffdb
0038
ffcd
ffec
ffec
0028
0022
0017
ffcf
ffcb
ffeb
0077
fff2
001f
0001
0064
ffc5
0021
fff6
0013
fffd
fffd
004d
ffbe
ffc6
fffa
0043
000b
ffd6
0025
001d
ff89
ffc5
0048
ffc3
ffde
0004
ffc7
0015
ffff
ffdd
fff7
0017
0087
fffa
fff1
fff4
003b
ff80
0012
ffe6
ffec
fffc
fff8
006f
fffb
ffea
0015
0016
ffc9
ffdc
002f
0035
ffd8
ffbf
0049
fff4
ffdd
fff1
ffea
fff2
0004
ffda
fff7
ffc3
0068
000d
fff9
0002
0050
ff9e
0023
ffe8
0032
ffd8
0002
001f
fff0
ffd5
0023
0013
ffd3
0000
003c
0041
fffd
ffb0
004a
ffce
ffb4
ffc9
0004
ffb0
0002
001e
ffe6
ff6b
0017
ffe5
0002
fff9
009e
fffc
001f
0006
002a
fff7
fff2
001a
fff1
fffa
ffde
0010
ffe4
0035
fff4
0055
ffb2
ffd1
0083
ffe8
0001
ffd9
ffff
ff6b
001a
0006
ffe4
ff8e
ffec
ffd9
ff87
000c
00a0
002b
001d
fff4
0039
0039
ffac
004c
fff4
0022
ffd6
0018
ffe0
0054
ffc8
0016
ffd4
ffdd
0098
ffdf
000b
0049
ffd8
ff7a
0049
ffdd
ffe6
ff8e
ffc6
ffdd
ff88
001c
0061
001a
0009
000a
0016
0061
ff6a
002d
0002
0040
0013
0017
0012
000d
ffaa
fffb
fff6
ffea
0066
ffd5
0007
0057
ffb9
ffd3
0014
ffe3
ffca
ffb7
ffdb
ffe1
ffdf
0026
001a
0016
0017
0011
ffec
003c
ffa1
0026
000a
0037
0002
0024
fff0
ffe9
ffc8
fffc
0005
0009
001d
fffd
fffc
0011
ffe7
ffff
0007
fffb
fff2
ffe1
ffea
ffe5
0000
0002
000f
0006
0016
000d
ffff
fffe
ffc9
000b
0004
001f
fff0
0013
fff0
ffee
ffeb
000c
fffb
000a
fffd
000c
0001
fffe
fffe
0007
fffd
fff7
000a
000a
000c
fff4
0003
0006
fff2
0004
0006
0011
fff7
0000
0014
fff9
fffc
fffd
fff2
0008
0017
0006
0008
fff4
fffe
fff9
fff5
fff1
0006
fff7
0006
0005
0003
fff6
000e
0007
000f
000c
0004
000d
0003
fffe
fffa
0001
0001
fff0
0002
000c
fffb
0016
fff9
0004
000b
000b
0005
0002
0006
fff4
fffd
fff8
0004
000f
fffb
0001
0012
ffff
0000
0003
0003
fff1
0009
0003
ffef
0011
0000
fff6
ffff
0007
fffb
0006
ffff
0006
ffff
0004
0007
0003
0007
0002
0000
0010
fffe
0000
fff2
ffff
0005
0003
fff9
0000
fff5
fffd
0004
fffc
0016
fff0
000d
fffe
0009
0013
000c
0004
ffff
ffff
fffe
0002
fffe
0001
000f
0001
fff6
fffd
ffde
0010
0004
fff3
0000
fffa
ffe4
000c
0001
fff6
ffe9
fff9
0003
0005
0030
ffed
fffe
0002
001a
0008
000e
0003
ffdf
0017
000c
ffde
fff8
ffdf
0001
0009
fffe
0011
ffcc
0050
002b
ffca
ffe5
0008
ffef
004a
000a
ffdb
ffee
0018
ffe8
0019
0089
ffb9
ffae
ffdb
0021
0011
0001
ffd1
ffe8
fffe
0007
ffba
000f
ff99
0005
ffe2
0006
0029
fff2
0039
002c
ffe2
fff2
fff2
0019
0052
000f
ffee
ffea
ffd7
ffc2
0015
004d
ffdb
fff0
fff7
0040
0013
001a
ffc2
ffe4
ffdb
0012
ffc0
002b
ffcb
0018
fff9
fffc
002a
fffa
fffc
0055
000b
fff5
ffed
000e
003a
0032
fff7
fff5
0001
ffd0
ffd7
002b
ffd7
000b
ffc0
003e
0016
001f
fff2
ffe6
ffb4
002f
fff3
0026
fffe
0041
001b
000a
0015
fff3
0026
0060
fffa
ffdc
0000
ffe1
0029
005d
ffd5
ffb2
0027
ffb0
0003
0049
ffaf
0015
fff0
004b
0026
0017
ffd5
0007
0001
004c
ffb4
003b
fff2
0026
fffe
ffe7
0042
ffe8
fff1
0038
0012
ffdc
002e
ffee
001b
0071
ffbc
ffaa
0028
0010
0001
003d
ffd1
fffb
ffd8
001e
000a
0021
fffa
0026
ffe6
006b
ffb5
0078
ffe4
001c
0005
0008
001f
ffc9
fff4
002c
0045
ffc1
0012
0013
ffe1
006f
ffba
ffc7
ffd7
0016
001b
0016
fff5
0028
ffed
0002
ffe1
002a
ffea
000e
ffe5
0053
ffd6
005a
002f
0028
000c
001e
0002
0003
fff2
0030
0001
ffb0
0013
fff1
ffb0
0031
ffd7
fff4
ffb3
0023
fff5
004d
ffea
ffef
fff7
0014
fff4
ffff
fff2
001a
fff4
0035
ffcd
0020
0005
0006
ffff
0015
003c
0010
ffd2
0020
0005
ffa4
0031
ffee
ff9c
0033
ffc9
ffcb
ffe4
0074
0004
0061
0001
000c
ffc7
001d
0014
000a
0017
003e
0013
000e
ffcd
0016
0027
0019
ffe8
fff8
006f
ff9a
ffc9
fffb
001f
ffaa
0010
ffdf
ffcb
0019
ffc9
ffa8
0026
0054
ffd3
004f
ffe0
ffb5
ff9f
0071
fffb
ffe6
fff7
001d
0011
fffc
ffd2
0009
0004
fffe
0011
0024
0089
ff85
000b
0023
001e
ffbd
0033
ffde
0007
0037
ff9e
fff2
0043
0096
ffc4
002e
0025
ff68
ffa0
004e
0003
ffea
0067
002d
0001
ffe6
000d
0018
ffc6
0022
0004
fffe
007c
ffc5
000d
fff6
ffd1
ffc2
000f
ffba
ffe9
001e
ff9d
001b
004c
00ef
0002
0022
002c
ffb9
ff8e
0049
0027
ffe5
0023
002f
000b
ffef
ffe9
001e
ffc2
000c
ffc9
0010
0061
ffb6
0010
ffe7
ffac
fff7
ffbe
ffe8
002a
003c
ffaa
ffef
001a
00c4
ffe9
0029
001e
000c
ffa4
0037
0036
0033
ffa0
0021
0049
fff9
ffcb
0007
ffcb
0007
ffb9
002e
002d
ff99
ffd6
ffd8
ffb4
001d
ff90
0006
fff6
003d
ff90
ffe7
0024
00d8
ffeb
0009
0025
002f
ff5a
004a
ffd9
0027
ffc9
0038
002e
fff7
ffe5
fff9
0013
0002
fff8
003b
fff2
ffb9
ffdf
ffee
ffd8
ffef
ffc0
0009
002e
fff8
ffbe
fff1
0022
0077
0006
ffff
ffed
004d
ffce
0041
ffd9
fff8
ffc7
001a
0037
ffb3
ffbe
ffee
005b
ffde
ffd6
fff4
0040
ff36
ffe4
002f
ffaa
0008
ffd9
ffff
0013
002e
ffda
ffe9
ffea
0060
0030
000a
fff7
0048
ff99
003c
0009
fffb
ffc9
0025
0044
ffec
ffb3
0004
004d
ffb6
0014
0017
0066
ff90
ffb8
003e
ffd8
ffe3
000f
0027
fffd
005d
ffd0
fff1
ffbc
002a
fff5
0019
0001
0007
ffdc
0033
ffd2
0012
ffc6
0004
0051
ffd1
fff2
fff8
002a
ffdd
0047
0023
0044
ffb0
ffd4
0022
ffdb
ffcb
0006
0011
fff3
0033
ffd9
ffc2
fff6
001e
ffe0
0004
000b
0007
ffd9
0029
0008
001f
ffe3
0020
004f
fff4
0007
0009
0000
fff9
0022
001f
0037
ffc4
ffe8
0045
ffe8
ffd1
0020
ffe6
ffe1
001a
ff90
0000
ffcf
0022
ffd3
0004
0010
000c
ffc7
002a
ffda
ffe9
ffbb
fff3
0036
ffd7
fffb
0010
ffcc
ffbd
0036
0013
005c
ffe2
ffd6
005a
ffeb
ffd5
ffeb
0004
ffa9
0024
ffae
ffea
ff92
0053
ffd2
0025
0027
006a
ffe1
003a
fff0
ffe8
ffdd
ffe6
0044
ffd8
fff0
ffea
000e
ffbe
0026
000c
0076
ffbf
ffc6
005d
ffdc
ffff
ffad
0028
ff28
0030
ffb3
ffc9
ff9a
fffb
ffe1
ff98
003a
00ee
ffff
002d
0003
002d
003e
ffdb
0029
fff7
000e
0002
0029
ffc2
0021
fff8
0052
ffd7
ffb7
008a
ffd1
002c
0052
ffd2
ff6b
0055
ffa4
ffb5
ffa1
ffc1
ffbb
ff7f
004d
008e
000d
0024
fffe
fff0
0065
ff69
002e
0008
0041
000c
0032
fffb
0002
ffc8
0022
fff1
ffd5
007f
ffbf
0018
0066
ffc6
ffca
0025
ffc1
ffc5
ffa5
ffd4
ffba
ffea
002b
0028
0019
0014
001e
ffe1
0049
ff90
0038
fff7
004e
0001
0030
ffd9
ffec
ffcf
001d
0000
ffdc
0031
ffda
0007
0019
ffe3
0001
0010
ffe9
0001
ffe2
fffd
ffeb
fffc
000b
0000
fffb
0009
0002
fff3
000b
ffd8
0004
fff4
0018
0006
001a
fffd
fff2
ffeb
0015
fffe
fffa
0011
fff9
0005
fff7
0002
0004
fff6
0013
000c
ffee
0001
0002
0009
fffe
fff9
fff9
fffb
fffc
fffb
0000
fff4
ffff
0002
0009
0008
000c
0001
ffff
0001
fff7
fff8
fff1
fff6
0000
000e
0008
0001
fff9
000a
0005
fffe
0008
fff6
0002
0007
fff1
fffd
fffe
fff1
0001
fffe
fff9
fff9
000b
fff7
000b
fffe
0005
fffb
0009
fffa
0008
0009
fff8
0007
fffa
0008
0007
fffa
0000
0004
fff3
000d
0001
0007
000d
fff7
fff1
fff7
0006
0000
000c
0009
0000
0010
0005
fff9
0004
fffc
0005
fffb
0009
0000
0001
fff9
001b
0009
0009
ffe2
0001
fff9
0005
000b
fff4
0009
0007
fffb
000a
0003
fff0
0008
fffd
ffff
000f
fffe
0009
000d
000e
000f
ffec
0004
fffa
fff8
0004
0004
000a
fffa
0018
0004
ffe2
fff7
0003
fff1
0022
0001
ffe2
ffbd
0009
ffff
0013
002e
ffec
fff9
fff0
0029
0018
fffb
0001
fff8
001f
000b
ffc3
fff6
ffde
0010
0004
0012
0025
ffe7
0032
001b
ffda
ffd9
fff6
fff4
0070
001a
ffdb
ffb8
0016
ffdd
0018
0056
ffd6
ffd0
ffe0
0038
001d
ffe4
ffef
0002
0020
0018
ffb1
000a
ffb8
001c
0004
0014
003e
0011
001f
0022
fff6
ffd6
ffdf
ffff
0050
0023
ffdd
ffce
ffe5
ffd4
ffec
0035
ffe3
0027
ffd5
002c
0013
0019
ffd5
0016
fff8
002c
ffa3
0016
ffe8
0042
000f
0010
002b
0008
ffe9
004d
0008
000e
0003
fffc
fffd
002a
ffc8
0005
002d
ffeb
ffcf
0039
ffdf
000d
ffb3
0003
fff3
fff8
ffb6
fff6
ffea
0032
0000
002c
0004
003b
ffe5
0020
001a
000e
0001
004f
000e
001a
0020
fff2
fffa
003f
ffc8
ffde
0042
ffde
fff0
004e
ffc3
fffc
ffe5
000d
fff2
fff9
ffaf
0005
fffb
004d
0020
003a
ffdd
003d
fff7
fffe
0025
ffd4
ffd3
0030
0008
0009
000d
ffdf
ffa3
004c
ffb6
ffa4
ffe6
fffa
ffcf
0030
0015
0015
fff1
0011
ffd6
000b
ffdc
fffc
0018
004c
fffc
006b
fffa
003a
fff0
0016
fffe
0009
0002
003b
000b
ffea
ffeb
fff8
ff58
005a
ffaf
ffcd
ffd5
000c
0022
007a
ffef
003e
ffc8
0001
ffeb
0032
ffeb
0024
ffea
003d
fff6
0063
0010
001e
001c
fffe
0015
0003
fff7
0039
000d
ffd0
0022
ffd2
ff2b
0002
ffb8
001f
0000
ffe7
0038
0068
001d
000e
ffa9
fffe
ffd5
002c
0017
0015
fff9
0007
fffd
0015
0015
0003
004a
005a
fff4
fff8
ffce
0067
0040
ffd3
004b
ffbc
ff36
0005
ffda
ffe3
000e
ffb3
002e
001e
ffff
008d
ffe1
0003
0007
004f
0035
0041
fff7
ffea
0008
fff1
0026
0042
005e
004e
0001
ffe2
fff8
0001
001e
ffc2
003c
ffd3
ffb3
003f
ffe7
ffbe
0031
ffc1
0023
ffeb
0009
0001
ffe9
0006
0035
004c
00ad
0074
0004
ffde
ffce
002e
0005
000f
0053
005e
0050
ffea
ffee
fffb
0033
ffbe
0027
ff8d
ffbc
002e
ffcc
0028
0027
0015
002a
ffd5
001b
ff71
ffb0
0003
002b
fff5
009b
0046
ffd8
ff8d
ffef
ffda
ffa6
0012
0037
0035
0086
0032
0055
fff2
fff1
ffa2
fff7
ff9f
0009
001e
fff6
0011
0068
0084
000c
0017
000d
ff50
ff6e
002b
008a
0024
ffc7
006b
002f
ffc4
ff91
ffac
ff86
0064
fffe
0068
00c7
ffd8
009a
ffe2
ff82
ffed
ffe7
0003
0086
fff4
ffbc
000b
0069
008c
fff6
0098
0003
ff99
ff65
0065
003b
005a
ff34
00a9
003c
ffcd
ffbc
ffa4
ffc7
002e
fff5
0046
006e
ffc2
002e
ffc9
ff98
fff4
ffdd
008b
0045
ffe5
ffb1
0007
ffe6
000f
fff2
005c
fff0
ffee
ffb6
0050
000e
000f
ffad
0076
0035
ffd1
ffb7
ffaf
001d
ffd9
0048
001d
0071
ffa2
ffcb
fff6
ffb8
ffc5
ffdd
005a
ffff
0027
ffa9
fff4
fffb
002d
0035
0037
ffbe
ffc2
ffcc
0054
ffef
002d
ffad
002f
0073
0013
ffbc
0002
0017
ffbf
0032
004b
0071
ffbd
ffbb
0021
ffb1
fff5
ffe8
0049
0041
0038
ffb5
fff7
ffef
0014
0023
001a
fff9
ffd2
ffc6
0045
000d
0021
ffad
006b
002d
0006
ffd2
ffe7
001b
ff85
0057
0032
0088
ff94
ffce
0011
ffab
000c
ffca
0068
001e
0054
ff9a
ffda
fff4
0010
0029
000a
ffed
ffdc
fff6
000a
000c
0016
ffa1
005f
0035
fff9
ffd2
ffee
fff5
ffa4
0065
0026
004a
ffaf
fff7
0014
ffb6
000a
ffe3
0057
000e
005a
ff9f
ffdf
ff95
000b
ffe0
fff4
0002
ffca
ffe7
001c
0017
ffdb
ffc2
0001
0058
0008
0002
001e
ffbe
ffdd
0037
fff3
003e
ffc2
ffc4
0056
0003
fff6
002a
fffd
fff5
002c
ffb0
ffcf
ffc0
ffdb
ffee
0002
001e
0017
fff7
002e
0019
ffbe
ffbd
ffe1
0050
ffdc
ffe2
fffa
ffd3
ffad
0021
ffeb
0056
fff0
ffd7
0028
ffe8
ffed
ffe9
0009
ff92
003c
ff93
ffcd
ffba
0021
ffba
0026
0021
005f
ffe7
0010
000e
ffba
ffa1
ffc7
0034
ffd4
001c
fffa
001b
ffa3
0017
fff7
005c
ffee
ff9f
003d
ffde
0011
ffd3
003b
ff40
0049
ff7f
ffab
ff88
fff9
ff8e
ff9a
0046
00d0
fff4
0030
0021
ffef
0014
ffac
001f
ffe5
000a
fff3
0074
fff6
0021
ffe0
0036
0013
ff89
009f
ffa7
0007
005e
ffe3
ff88
0055
ff66
ff91
ff99
ffd5
ff7a
ff83
0059
00bc
ffce
0033
0043
ffcf
005d
ff6b
004a
ffbe
002e
ffd5
0095
ffec
ffed
ffc9
0043
fffc
ffad
00b3
ffae
001a
008e
ffa9
ffd6
0029
ffa2
ffb2
ffb9
ffe7
ffb8
ffdc
003b
0053
0001
0013
0039
ffd0
0053
ff91
0047
ffce
0056
ffd9
005a
ffd4
ffea
ffc7
0021
ffe9
ffdc
0042
ffe7
0000
0020
fff0
fff8
0008
ffeb
ffff
ffe6
000b
ffe7
fff1
0026
001a
0000
001b
fff9
fffb
0000
ffea
0017
0001
0011
0003
000f
fffe
ffff
0002
001c
000d
0008
fff8
fffe
fff3
0005
000d
0005
0009
0001
fffb
0012
000c
fffc
fffd
fffd
000b
0000
fffc
0014
fffc
000c
fff5
ffff
ffff
000b
fffb
000f
fffc
fffc
0008
fff8
0001
fffc
0001
0006
0003
000b
0008
fffb
0003
fffe
fff6
fffc
0005
ffee
0004
000b
0004
fff7
000c
0003
000d
fffb
000e
fff9
000b
fff2
0006
0007
fffb
0009
fffe
fffc
0001
0003
0013
0012
000a
fffa
fffd
fff4
fff5
0006
ffff
ffee
0008
0008
0009
0000
fff2
0008
0008
000c
0003
fff8
0008
0006
0005
fffd
fffe
ffee
fff6
0001
ffea
fff3
fffd
000e
0010
ffff
fffa
000c
000e
0005
ffff
0000
ffd7
0004
fffe
0012
000c
fff6
0016
0008
0012
0006
fffc
0002
0000
000e
001a
ffdc
0015
fff7
0003
0003
0005
0016
fff2
0016
001d
ffe6
0003
0005
ffe6
0025
0001
ffde
ffcd
001e
fffc
0017
001e
fff1
fff1
ffec
0017
0030
fff8
fff6
0000
0009
0009
ffbc
0006
ffe4
000d
000a
0014
003c
ffdb
0013
0015
fff8
fff8
0006
ffe2
002b
000d
ffba
ffca
000c
ffd9
0010
0020
ffd1
0003
ffc8
0026
001c
ffe5
ffeb
ffed
0021
0011
ffd3
000f
ffdb
002d
0020
0026
0018
ffe3
0005
0018
000e
000a
ffe4
ffe9
ffea
002b
ffe0
ffb9
0007
ffd0
ffe8
0027
ffab
0048
fff2
fff0
0015
fffb
ffec
0006
ffe3
0016
ffc5
0008
0000
005e
0013
0024
000d
fff2
ffea
003e
0026
001e
0010
ffd6
ff7f
003f
ffb9
fff5
003e
ffe1
ffed
0023
ffce
fff3
ffaf
ffdb
fff5
fff3
ffc2
fff8
ffde
0039
0023
0023
ffe9
0047
fff9
0059
000d
ffe6
ffbf
0020
0023
0010
0021
ffec
ff56
0046
ffd8
ffff
001f
ffea
ffe3
000e
fff6
0025
0003
000d
fff0
ffeb
ffc8
ffe2
000a
005d
0044
0033
ffe8
0050
0005
002a
ffe7
0012
ffe1
0015
0016
fffd
ffea
ffd9
ff16
003e
ffd8
fffb
ffea
ffc8
fff2
fff8
0031
0036
0002
ffea
ffee
0029
0003
ffe7
000f
001e
0034
0046
0014
0064
0009
0021
ffae
fff6
ffcf
0051
0027
ffee
fff8
ffec
fefb
003c
ffb0
ffe3
000a
ffac
002c
ffe6
000e
00a2
000e
fff4
fff4
0020
0022
ffcd
ffd1
0025
ffe9
004f
0027
0005
0057
0031
ffec
0009
ffd8
0059
0041
ffd2
0011
ffce
ff52
ffe7
ffc4
0008
001c
ff82
000e
ffa0
000e
007c
ffdf
ffca
fffa
003d
002b
ffdd
fff3
000c
002a
0012
fff8
0022
0060
003b
ffce
ffeb
ff88
005c
0038
ffff
fffc
ffdd
ff99
000d
ffc3
0009
ffe9
ff89
fff5
ff55
0030
00ab
fff4
ffdf
001d
0063
006f
fff6
ffeb
ffda
ffff
fff9
0010
003d
007a
006e
ff94
ffd3
ffc1
0025
0001
0004
ffd8
fffe
ffab
0029
ffbd
ffe1
fff8
ff5c
0023
ff12
fffd
0085
fff7
ffdc
0033
fff9
00c0
ffe0
ffe1
ffd2
ffd7
fffb
0009
002c
007b
005e
ffc4
0004
fff1
0007
0038
fff2
ffd0
ff9e
ff9d
0024
ffea
ffa7
0016
ff66
001f
ff17
002e
ffb4
ff72
001d
005c
ff72
001e
ffa2
001f
ff9b
ff7d
ffb9
ffcd
0060
0058
005a
0079
0004
0033
0036
0048
fff4
0003
ffb0
ffe8
ffe3
fff5
ffa9
0096
fff2
ffb8
ffa7
005b
ff9f
ff44
0033
0058
ffa3
ff1c
ffda
0030
ffb5
ffab
ff6e
0002
0068
005a
0048
00b4
ffec
007f
0028
0015
0013
0050
0085
007c
ffaf
000c
ffba
0055
ffa1
fff3
004d
ffe1
fff6
fff5
003c
0027
0028
ff64
006a
004c
ff98
ff8a
ff4e
0074
ff7b
008e
ffec
007e
fff5
0034
0028
ffc7
001e
0023
0090
0046
ffcf
ffb8
ffcb
0006
ffb2
001c
005c
ffe6
ffbc
ffb9
0064
0008
ffff
ffdf
006d
004a
ffdf
ff37
ffb4
005e
ff9e
0068
0034
005e
0001
0013
fffa
ffac
ffe0
ffc3
0068
002a
fff1
ffb8
0000
ffa6
fff8
0012
0046
ffd9
ffc2
fff5
0077
ffff
ffef
ffd1
006c
007e
001a
ff4e
0013
0009
ffe4
002d
0023
0036
ffdb
ffd6
fff1
fff5
0000
ffc1
00a1
0047
0020
ffc3
fff7
ffef
fff4
0028
000b
ffe8
ffb2
fff7
005f
ffdf
ffd4
ffa0
004c
0041
0010
ffcb
0021
ffcb
ffb9
005e
0029
0029
ffa9
0006
fff6
ffec
0002
ffb8
00bb
0058
003c
ffc9
ffe0
ffe3
fff3
0035
0017
ffe2
ffab
ffe4
004c
fff1
ffcb
ff87
0047
005b
0021
ffa9
0003
ff9f
ffbb
0049
0018
001b
ffe7
ffe4
000f
ffd3
002d
ffc4
0081
ffec
0037
ffb0
ffd3
fffe
0025
0010
ffe4
0006
ffbc
ffd1
0050
0042
ffcb
ffdd
002c
0043
0031
ffba
0024
ffb5
ffe5
002a
0003
0032
ffe4
ffd4
0010
0011
fffe
ffc0
004e
ffb9
004d
ffbf
ffad
fffb
000a
0035
fffb
ffd7
0012
ffce
004f
0028
ffd1
ffca
000f
0022
0003
ffd0
000a
ffc5
ffd5
0026
0007
003b
fff4
ffbf
000a
000d
0001
ff84
0069
ff6b
0061
ff9f
ffcf
fff5
0026
ffce
ffd5
fff8
003c
ffb8
002f
000f
ffc8
ffac
ffc4
002c
ffdc
0021
fffe
001b
ffef
003c
0004
ffeb
0006
ff7f
000f
ffff
fff9
ffde
007a
ff69
0063
ff84
ffb8
ffd0
0028
ff75
ffc1
003b
008f
ffd6
0020
0022
0000
ffca
ffc8
0007
ffe7
0017
fffc
007c
002b
0041
0010
ffde
ffe7
ff94
0051
ffb5
001a
001c
0046
ffa8
0050
ff80
ffb5
ffab
000a
ffa1
ffb8
0053
0097
ffda
0011
0036
ffcf
0015
ffb4
0025
ffbd
001a
ffca
00a6
fff3
0005
ffda
0015
0013
ffb9
0096
ffa7
000b
006e
ffd9
ffd4
002d
ffb1
ffcb
ffd0
fffe
ffab
fffc
003b
004f
fff6
0006
0024
ffd1
001c
ff94
0042
ffbf
003b
ffd6
0061
ffe3
fffc
ffd1
001b
0000
ffdc
0024
ffe5
0011
0028
ffe9
fffc
0012
ffdf
fff8
fff4
fff5
fffa
fffe
000c
0005
000f
fffc
fffd
fff1
000e
ffcf
0019
ffdf
000d
fff6
0021
0004
0005
fffb
000a
0008
fffe
000d
0000
0006
0002
fffc
0010
0001
000d
fffa
fff9
0005
fffb
fffe
ffe8
fffd
fffb
0014
0002
ffff
0000
fff5
0004
0005
0008
fffc
0005
fffb
0007
0002
fff5
0007
fff1
0000
0007
ffff
fff7
fffc
fffb
0008
0006
fff5
0008
0008
0002
ffed
0008
0004
0008
ffeb
fffa
0001
fff8
0017
fff4
0005
000c
0011
0007
0005
fffb
fffe
ffec
fff6
ffff
ffff
0009
0004
fff6
0008
0003
fff0
ffed
ffef
000d
0001
0007
fff8
fff4
fffa
0001
0008
fff7
fff0
ffec
0002
000a
0002
fffc
0000
fff8
0008
0006
000e
0012
0000
fffd
0004
fffe
fff1
ffef
fffa
fffe
0006
fff6
ffcf
0018
fff6
fffd
ffeb
fffc
0002
ffed
0018
0010
0006
0005
000a
0005
0004
ffeb
fffe
ffff
fff2
0005
000f
0011
ffeb
0017
0001
ffec
000a
fffe
ffde
0025
000c
fff2
ffcc
0021
ffef
0014
0012
ffdd
0000
ffe8
0027
001e
fffa
fff0
000a
0008
000e
ffb9
0009
fff7
000e
0003
0021
000f
ffdf
001d
0019
0001
0033
fffd
ffcd
0003
0015
ffce
ffc1
0039
ffe4
003b
fff9
ffdb
001e
ffc8
0009
002c
fff1
fff9
0007
001f
0009
ffd4
000d
ffdc
0026
0032
003d
fff5
ffde
0010
0010
0030
0024
ffe3
ffe9
ffaa
000e
ffd7
fffa
0016
ffe4
0035
ffb1
ffb1
0034
ffeb
ffd2
000f
0013
0002
fffc
fffd
002d
0018
000d
fff6
0069
003b
004f
ffad
ffdc
ffe1
001c
001f
0038
ffed
ffe5
ff36
0036
ffaf
001c
0032
fff8
000c
ff83
fff8
0000
ffc3
ffda
fffa
0021
000e
fff4
ffd8
0033
0034
0022
000b
003b
0039
006d
ffd0
ffd0
ffda
0029
003f
002b
fff6
ffe6
ff1c
0040
ffd8
0006
002c
ffe8
0015
ff4e
0012
005b
fffa
000f
0002
0032
0038
ffd7
fff7
003f
0031
001d
0012
008a
0091
0084
ffa4
ffb6
000e
0007
0033
0012
ffef
ffd4
ff28
0032
ffba
003c
0011
ffd4
002e
ff2a
0046
0049
fff0
ffbb
ffd8
0062
003e
ffd9
ffd1
fff3
003e
001b
0000
0030
0066
006b
ff57
ffad
0017
0027
0048
000e
ffd5
0011
ff8d
0002
ffaf
ffd9
0029
ffb7
002e
ff0d
ffff
003f
001e
ffd0
002c
002f
0036
ffb2
fff1
0009
0001
0043
0002
0045
0072
003d
ff93
ffa7
ffee
0033
0049
0029
ffd6
ffe3
0001
ffdd
ff99
ffe4
ffce
ff6f
fffd
fede
ffdf
004d
0012
000d
0027
0030
006a
ff8c
ffcf
ffff
000b
002c
ffed
0053
0062
000b
ff65
ffa2
001d
002f
ffed
005b
ffdf
fff2
003a
0018
ff77
0000
0005
ffbc
0023
ff3f
fff9
0031
ffda
0013
ffff
0013
003c
ff81
ffe3
ffe3
001a
ffeb
0014
fffe
004b
0049
ff53
ffa7
003e
0044
ffbf
00a5
ffe4
000d
ffeb
ffeb
ffc4
ffab
fffa
ff5b
0035
ff7a
001a
0076
ffea
0026
0011
ff84
003e
ff6f
004a
ffc5
fffd
ffc3
0021
fffa
0024
001f
ff58
ff89
ffe2
0026
002e
0095
0000
ffe2
ff5e
fff6
ffb7
ff59
000f
ffae
ff9f
ff32
00d2
000a
ff43
0091
fffc
fef0
ff87
ff04
008d
ffbc
0035
ffc4
0054
0053
0027
004a
ffc5
ffc8
0044
0061
0085
0063
0062
ffda
ffe7
ffb9
fff5
ff72
0099
ffe6
ffb2
ff8c
00ca
ffdc
ff71
0071
ff96
ff2e
ff1f
ff29
00a5
ffda
0088
ff8b
007f
0003
004b
0047
0010
ff9d
008f
0077
007d
0054
0079
0027
005a
ffa8
0019
ff95
0084
ffe6
0064
003e
ffde
ffe4
ffe3
0045
ff8f
ffc5
ff85
ffc9
00b6
ffbc
0017
ff87
0045
ff68
008d
0028
0009
ffed
0062
0067
0025
0027
0059
fff8
0015
ffde
000e
ffd1
0008
ffe7
007f
0036
ffc1
ffea
000b
000b
ffbe
ffe6
002a
0031
0056
fff6
ff9e
0005
ffbc
ff8e
004e
0033
ffe0
ffaa
004b
003d
ffcc
000f
000a
0003
0036
fff9
0000
0000
0022
0017
0067
0023
ffdb
ffe4
ffa9
005f
0020
ffdb
001c
000d
0061
0044
ffaf
003f
ff91
ffb7
004b
0024
ffcc
ffe0
0020
0005
ffdb
000b
fffe
ffff
002e
0016
fffc
ffec
000c
0043
005e
0032
fff4
ffcb
ffbd
0037
000c
ffc3
ffd8
0034
0004
0037
ffa5
002a
ff88
ffd3
0003
0066
fff4
ffcd
0017
ffed
0008
0022
ffbb
0056
0011
0014
0024
ffc0
001a
0027
0061
0051
0005
ffcb
ffe2
0052
ffe1
ffd6
ff92
0056
000f
006d
ffbc
0046
ff86
0002
001a
0043
ffd8
ffce
0046
ffb2
0003
0054
ff9a
0067
ffd3
000e
001e
0000
0071
0073
0050
0004
0012
ffb1
ffd4
0026
0002
ffe9
0005
0061
0016
004f
ffb4
0020
ff73
fffd
001e
0059
fff3
0014
0011
ffa3
001d
0012
ff97
0070
ffb4
0036
0021
fff1
0074
004f
0029
ffe2
ffe3
ffd8
ffd6
002f
001c
0024
ffe2
004d
fff7
002d
ffab
001e
ffa6
0015
0004
0055
fff6
ffe4
fff6
ffd2
003f
000e
ff98
009e
ffb0
0053
ffd0
0020
0041
005a
fffe
ffd5
ffd1
ffe7
ffad
0029
ffee
002e
ffc6
0024
ffc5
0027
ffe9
0024
ffd5
0029
0051
0086
ffb0
0001
ffe9
ffc1
0034
0018
ffbb
00ae
ffe2
0036
fff5
0013
0011
0034
ffd1
ffc9
0034
ffee
ffe1
0010
ffdb
001b
ffca
001b
ffea
000b
ffe9
001d
0010
0043
0024
0059
ffa3
ffe1
ffa9
ffe1
0020
fff9
ffc2
0071
ffeb
001e
ffd0
000b
ffde
0018
ff9d
ffe7
0039
000d
ffdc
000f
fff1
fff4
ffce
ffec
fffd
0000
000f
001c
002d
004a
002f
0025
ffec
fff8
ffd2
0038
fff5
0001
002e
ffff
fff5
000f
ffd9
fff0
ffec
000a
ffcc
0006
001a
000e
fff0
fff1
0002
ffef
fff8
ffdb
001d
ffeb
0013
ffee
0034
0010
002e
fff5
0017
ffe7
ffeb
0018
fffd
0004
0006
ffed
fff7
000e
ffd6
ffed
fff1
000e
0001
fffe
000b
000e
ffff
fff9
fffc
fff5
fffc
fff2
0009
fff6
fffe
0006
0001
fffd
000e
0002
0009
fffa
0005
0004
000e
fffd
fffd
fff7
000d
fff5
0001
0015
000f
0001
0002
000b
0006
000c
fffe
000a
fffa
fff2
0001
0003
fffe
000a
000c
0000
0001
fff3
fffb
fff6
ffff
fffa
fffc
000a
fffe
0009
000e
fffb
0006
0005
fffa
ffef
0010
0014
fffc
000d
ffea
000a
0002
fff4
fff6
ffff
0008
0008
0001
000a
fffd
fffa
0002
000a
ffff
ffff
fffd
0002
fff1
0011
0003
0004
000e
0009
000e
0002
ffff
fff3
fff6
fff7
fffe
fff7
fffe
fff5
0001
fffc
0001
000b
fffd
000a
fffd
0003
fff2
ffef
fff7
fffb
0001
0004
0008
fffa
0003
fffe
0008
0000
0005
ffec
0001
0003
0003
ffd6
0017
fffd
fffc
fff5
0006
ffff
ffe8
0006
0010
0002
fffa
fffe
0005
fffb
ffe5
fff7
0002
fffc
000b
0003
0009
fffc
fff9
fffb
fff2
0011
000d
fff2
fffe
0000
fff5
ffcb
0015
ffff
0011
0006
ffe4
0009
ffd9
000f
002b
fff3
ffde
0009
fff4
000d
ffe2
fff5
fff4
001b
0002
000c
ffff
ffc1
0031
000d
0005
0036
ffde
ffd0
ffe0
000d
ffd0
ffed
0036
0011
003e
ffe0
ffe5
001a
ffb4
000c
0028
ffda
0021
fff5
0005
0007
000b
000e
ffec
001a
0029
004e
ffcd
ffb4
fff3
001e
fffd
0034
ffd4
fff1
ff9c
0015
ffaa
0016
0044
ffdf
0042
ff59
ffe9
002c
ffb2
ffe4
0026
000c
0047
0002
ffec
001c
0037
001b
fff0
003b
005c
004d
ffa6
ff9f
0015
000d
fff2
0083
ffc2
0006
ff5b
002a
ffb2
0015
0035
ffbc
003d
fee2
ffff
0036
001a
ffbd
000d
0017
006e
ffdf
ffdd
001a
0049
0012
0010
0022
0056
0030
ff78
ff73
003a
0031
0027
006f
ffd3
ffe8
ff8b
0040
fff5
ffd2
0044
ffbe
005b
feca
0009
002d
0033
fff4
001f
0036
005b
ffd9
0024
0021
0015
0016
0026
0038
007d
0021
ff64
ff97
0038
0031
fffc
0085
fff8
ffc5
ffc5
002d
ffe3
ffdb
fff6
ffa9
0054
febf
fff1
fff8
0007
ffc9
003e
004b
0083
ffaa
001a
ffec
000b
0023
fffa
000b
005e
001b
ff9b
ff7d
004a
0014
fffa
00b8
fff1
000e
0034
ffd6
ffcf
fff1
0026
fffa
0024
feea
002e
001a
ffea
ffd9
002b
0018
0054
ff97
ffeb
ffe4
0023
0039
ffde
fffe
003a
0025
ffa1
ff6c
0026
0038
ffb9
00c5
ffe9
0010
002c
fff2
ff84
fffc
ffed
ffdb
002c
ff37
000a
0010
0046
fffd
001c
000a
007b
ff70
0006
ffe2
0048
001f
0014
ffd9
0008
ffae
ffb3
ff8e
0051
004c
0004
00cf
ffea
0024
0011
0002
ff9b
ffff
ffe4
ff98
0024
ff8f
ffdb
0037
00a1
ffdd
002c
000f
0044
ff8d
0035
ffc7
001f
fff4
002a
ffae
ffe9
ffa0
ff67
ffa3
0035
001b
fff6
00f1
ffdf
002d
000d
ffd7
0006
fff8
ff8e
ff42
ffe1
ffc2
fff9
007a
00ac
004d
0005
ffb7
0020
ff8b
005a
ff93
0046
ffa4
0044
ffc9
0008
ff9e
ff47
ff88
0008
fff5
0024
00c5
ffd8
0029
ffa4
fffc
ffd1
0015
ffb4
ffa9
ffbc
ff88
00c9
002e
005a
0049
ffa5
ff76
ffe3
ff46
0078
ffa6
00b5
ffe2
005a
ffc8
001f
fff3
ff72
ffba
fffd
0049
0073
003a
002f
ffea
002b
ff9f
000c
0049
0080
005a
ffe3
ffac
0087
ffa8
ffee
002d
ff61
ff89
ff3e
ff3b
00b4
ffab
00d3
ff98
0026
ffd9
0046
0057
ffd0
ff6f
001b
0078
00a0
0046
007d
fff9
0029
ffd2
004d
ffda
003a
002d
006b
ffe7
ffcd
ffa5
0048
fff9
ff7a
ffd9
ffb0
ff97
009c
ffce
005b
ffec
ffd2
ffb1
0048
0018
ffe1
ff8f
0076
004b
0012
0057
0068
ffe7
0036
ffda
000f
fff6
0024
fff4
006b
0012
ffde
ffbe
0008
ffd7
ffab
ffbd
000a
ffde
0042
fff1
ffe0
0031
ff56
fff7
004b
0029
ffe5
ffae
0039
0012
ffe1
0031
ffd7
ffe1
fff8
ffcf
ffd6
0005
0027
0008
0079
fffa
fffa
000d
ff96
000f
fffb
ffe9
0009
ffdb
fffa
000e
ffd4
0039
ff70
fff4
0032
004f
ffa8
ffde
0033
ffeb
fff7
0021
ffab
ffb5
fffc
fff4
0009
fff6
0037
0020
0076
002b
000c
0003
ffe0
fff5
ffc5
ffdf
ffe5
ffde
ffce
0065
001d
003e
ff6f
0009
fffc
006c
ffbc
ff95
0002
0010
ffb7
002c
ffc5
ffec
ffdc
0007
0000
0035
000e
0004
0047
0006
001d
000a
ffce
0018
ffb5
002c
ffd3
0001
ffa5
0095
0013
0043
ff86
000d
004b
0040
ffa1
ffee
0002
ffe5
0006
001e
ffb6
ffff
ffb5
fffe
0032
0045
005f
000a
004f
ffd5
ffe1
ffe2
ffc4
0033
ffc2
0026
0001
0018
ffb4
0071
fff6
003d
ff7c
000a
0032
0023
ffcc
ffe9
ffe3
ffb0
004a
0004
ffd5
002c
ffc9
fffa
003a
0045
003c
0000
0026
ffc7
ffc9
0001
ffe6
0003
ffba
0028
0009
0001
ffa3
004d
001d
0027
ffa2
000f
001b
0073
ffa2
ffdb
0008
ff75
004c
0031
ffd0
0079
ffdd
0016
0001
0048
0051
0014
fff6
ffa9
ffdd
fffa
fffe
0015
ffdb
0048
fffd
0024
ffb2
0037
ffe1
0046
ffe2
0042
0049
0054
ff70
ffd8
0026
ff4b
0039
002e
ffc6
009d
fffd
0014
fff6
0034
0028
000b
ffec
ffb0
0025
ffe2
ffe4
0000
fff1
0049
ffea
0026
ffc8
0035
fffe
004d
ffd2
008e
0011
005f
ff8a
fff5
ffee
ff73
002d
000b
ff93
0078
0018
0010
001a
0026
ffe5
000d
ffcf
0003
0029
ffbe
0005
ffe6
ffff
0023
ffc3
001e
ffdd
0032
fffa
0039
ffdd
0067
ffec
001b
ffd6
ffed
fff2
000f
fffe
ffef
0002
001e
000c
000d
ffee
0011
ffea
0011
fffa
0016
000f
fffb
000a
fff7
0000
0002
ffda
fff5
ffff
0012
fff5
0001
0000
000b
0014
000a
0001
fff1
ffef
0008
fff5
fffb
fff7
000c
fff5
fffd
fff8
0000
fff4
0017
0012
0013
0002
0001
fff9
0004
fff7
fff5
ffee
fffe
0007
000b
fff0
000a
0003
0005
000a
0006
0001
ffff
ffff
fffe
fffd
0000
fffe
fffc
0015
0009
0000
0001
0003
fff9
fffb
fff2
fff8
0004
fff0
0002
fffe
fff8
0009
0002
fffd
0009
0006
fffc
fff2
fffe
fff5
0004
000b
000f
fffc
0008
fffb
0000
000a
0001
0005
000a
fffd
0007
0017
0001
ffff
0007
fffe
0007
0006
fffd
ffff
0009
fffb
fff1
ffef
0002
fff8
fff4
fff2
fffe
ffff
0005
0002
0010
0009
0000
000a
0003
fff3
0005
000a
fffd
0003
fff9
000a
0004
000e
fff4
000e
0002
fffd
fffb
0006
0008
0006
ffff
fff0
ffff
fff8
ffff
fff6
0000
fff5
ffff
0001
0003
0008
0000
ffe5
fffc
fff6
fff5
fffd
000e
000c
ffe8
000f
0013
fffb
0004
0008
fff7
ffec
000a
000a
000a
000c
fffb
0005
fffe
ffdd
0001
fffa
000e
0004
0011
0011
fff5
000d
ffe0
fffc
0026
0010
0007
fffa
fffe
fffd
fffa
fff0
fff9
0015
fffc
001f
ffe9
ffe2
0021
0018
ffee
fff6
fff7
fffe
0001
ffe1
000b
0004
002a
0002
0002
0002
ffbe
0025
0002
fff8
003b
ffed
0000
ffea
000a
ffbe
fffd
0032
0016
0038
fff9
ffec
fff9
ffbb
000a
001b
ffee
0038
fffc
0001
0000
0022
0003
ffe8
fff8
0027
003e
ffcf
ff93
0006
0018
ffce
0071
ffd6
fffe
ffe7
001d
ffd4
0011
002a
ffe1
0048
ff44
fffd
0041
0015
ffe2
0031
ffec
0075
ffe4
fff1
001d
003f
fffc
0002
000c
0025
ffe8
ffbb
ff82
003a
fff6
ffdd
00d8
ffac
001f
ffbd
000d
fff6
0004
0026
ffb7
0053
fef0
fff9
0021
0032
ffc1
0017
0021
0080
ffd9
ffe0
0023
0046
000b
0004
ffe5
0044
ffd4
ff7a
ff73
0056
0025
ffee
00ef
ffbe
0004
ffdd
0026
000b
0007
0011
ffae
003f
fef2
0004
000c
0037
ffde
0013
002b
0076
ffe6
001f
0025
003d
fffd
0024
ffb7
0049
ffd3
ff8f
ffc6
0052
002a
fff2
0133
fff8
0005
0002
0013
000a
0015
fff6
ffe1
0041
ff44
0000
001f
0021
ffdd
0028
0067
004e
ffd5
fff4
000a
0027
000e
0003
ffbc
0051
ffd2
ffc7
ffc2
fffb
0028
ffba
012c
0001
0008
0042
ffe8
0014
0010
ffee
ffc6
000c
ffb4
0000
000d
0035
ffc7
0058
0031
0019
ffa2
ffc5
ffd3
0038
003d
0012
ffba
000d
ffa3
ffd4
ffb6
ffe1
fffb
ffe3
00d9
fff1
0020
fff1
0010
0009
0006
000c
ffed
0021
ffc8
fff3
0026
0078
ff6b
003d
0070
0052
ffc4
ffec
ffc5
0007
fff5
0016
ff92
ffed
ffc3
fff1
ffd6
ffda
0055
000a
0095
000b
0027
ffc7
0014
fff1
002e
ffaa
ffb0
000f
0004
ffc9
0048
00aa
ff7b
000f
0082
0034
ffea
000e
ffdb
0018
ffd2
0037
ff8d
0011
ff70
ffd8
ffdc
ffc4
0019
0028
006c
ffe4
0009
ffcf
0008
0008
0087
ff62
ffbb
ff9a
0004
003d
0044
00ce
ffad
ffa4
000c
fff7
ffbf
fff3
ffd2
004a
ffe3
0052
ffbe
0019
ff66
ffbb
0036
ffd5
0036
0038
001e
0014
0025
001c
fffd
000d
00d7
ffb9
002b
ff92
0008
00fd
fff2
0042
ffc6
ff9c
ff7f
ff73
ff9e
0012
000a
00af
0039
004d
ffef
002c
0018
000c
0033
ffcf
003d
0051
ffe2
0042
ffcf
0022
ffb4
001f
0067
0045
004f
0024
ffe3
0035
ffd0
ffc0
ffc3
ff7a
ff9e
ff6d
ff9f
005d
ffe4
0069
ffc9
0008
0004
0027
0059
fffc
fff3
001c
0086
00a5
005b
0062
0042
0014
ffbc
0029
0030
000e
0033
0055
ffb4
fff4
ffce
0033
ffa8
ff60
ffb4
ffae
ff65
0047
ffd4
002d
ffe0
ff82
fff4
003a
fffb
ffbf
ffc8
0072
0067
0036
003a
0056
002a
001a
ffb8
fffd
003e
0031
000c
003a
fffe
0036
ffa1
0036
ffe9
ffa4
ffeb
0000
ff83
0008
ffe2
000b
fffe
ff4a
0019
0050
0032
fff3
ffe1
0054
003e
ffd4
fffd
fff3
fffb
000a
ffbb
ffe0
0061
0026
fffd
007d
000f
0000
fff3
0016
fff6
ffda
0016
001c
ffdb
0014
ffd6
001a
ffd4
ff9f
fff0
0026
0032
000a
ffc4
fffc
0003
ffe9
0039
ffc7
fff9
0016
ffdb
ffe7
007a
004f
000a
0051
000a
fff1
000f
fff5
fff2
ffc1
0024
fff9
ffb1
ffd4
0045
0056
fffc
ffb0
0006
0049
0011
fff2
fff7
ffd6
000e
ffc5
002c
0009
0004
ffe5
fffd
0008
009a
005b
fff2
003f
0006
0016
0028
ffe6
fff6
ffa5
003c
fff6
ffde
ffc3
007f
0029
0044
ffc6
ffed
0007
0001
ffd4
ffbd
ffea
0020
0016
0024
0020
ffe4
ffd2
fff2
0008
006c
003d
ffee
0046
ffdf
ffc4
0016
ffe5
0008
ff87
0021
ffc6
ffbe
ffe3
0063
000d
003f
ff97
ffee
004e
fff6
ffc2
ffc3
002b
ffc3
0010
fff8
0007
ffe8
ffda
ffe9
0028
005a
003b
ffde
0023
ffdb
ffbf
0029
002c
fffb
ffb1
003b
0009
ffdd
ffd3
004a
ffff
004d
ffd6
fffb
fffa
0034
ffab
ffd0
0020
ff94
0016
0023
ffde
0037
ffec
000e
0020
0011
001d
ffea
0028
ffd3
ffe8
0049
002f
0011
ffff
005b
004a
0015
ffc2
003f
fff0
0032
ffef
0042
ffe6
000a
ffc3
000a
003c
ff62
0036
002c
ffcd
0071
000f
0014
0023
001c
0029
ffcc
fff2
ffc0
0002
fff1
0040
ffe7
001d
0040
0036
004d
ffaf
0044
ffce
003a
fff5
00a9
ffbc
0011
ffb5
0014
0038
ff8f
0021
0002
ffd0
004e
001c
001a
002c
0000
000a
ffe3
ffe4
fff5
0026
ffcd
002c
ffe1
000c
0028
fff9
0037
ffd5
0022
fff1
0020
fff4
005a
ffd5
0001
ffe1
fffc
fff4
000d
000c
ffe2
0016
001e
000d
001b
0006
0011
fff6
0010
fff6
0030
0007
ffe3
0014
fffb
0002
000b
ffdf
0009
0006
0021
fff7
0011
fff9
fffb
0001
001b
000a
0000
ffec
0005
000d
ffed
000e
fff2
ffff
000c
0007
0008
fffc
0006
fff7
0011
000c
fffb
fff9
ffff
0006
0001
ffe5
fff6
fff0
0011
fff3
0003
0001
000c
0002
fffd
ffff
fffe
fff9
000c
000b
fff8
fffc
fff5
000c
0009
ffff
fff4
0000
ffe7
0000
0006
000b
0001
0009
000d
fff1
0008
000e
fff0
000d
fff4
fffa
fff8
fff3
fffb
0006
000e
fff7
0014
0006
0005
fff9
fff9
fff5
fffb
fff5
ffec
0005
ffff
fffd
0000
0001
fff8
000d
0008
0001
fffe
fff5
0001
000a
000e
0000
0008
fff9
fffd
0001
0007
000a
fffb
0000
0013
fffb
fff4
ffff
fffe
0004
0002
0000
0004
0005
fffa
fff6
fff6
000f
0013
0004
000e
fffa
fffc
0007
fff8
fff9
fff6
fffd
fffc
0008
ffef
fff4
ffe4
fffb
fffb
0003
fffd
0007
ffff
fff7
fffd
0004
0005
ffeb
fff8
0004
fffb
0009
fffd
0007
fffd
fff8
0000
0007
0013
0013
0000
ffed
0000
0007
fff4
fff1
000c
fffc
0006
0009
0002
000f
fff5
fffb
fff6
fffb
0018
0012
ffff
000a
0009
0002
0004
0017
fffd
fffe
fffa
0012
fff2
fffb
0002
0010
fff6
0001
0004
fff8
fff5
ffee
0004
fffb
0017
0004
ffe7
ffef
ffde
0004
fff6
ffe4
0048
ffec
fffd
0012
0005
0003
0024
0003
ffeb
001e
000e
ffed
ffdc
fff1
fff3
fffc
ffe5
001c
0005
fff1
0007
0016
0001
fff7
ffbc
0003
ffd0
ffea
ff96
0009
fff9
ffb3
008e
ffc1
0016
0023
001e
0007
fffd
0006
ffb6
002c
ff7c
ffe5
002b
0031
0015
0016
fffc
0079
0019
fff7
000f
0006
000e
0013
ffcf
0004
ffab
ffdf
ffd6
002c
ffba
ffcf
00c8
ffb3
0042
fff2
0028
0037
001b
0005
ffea
0021
ff65
fff8
000b
0037
ffb9
0015
002c
0098
0032
ffe7
0022
004a
000e
0016
ff8d
fff7
ffe4
ffb9
ffe8
0025
ffba
ffa7
00e5
ffa2
0043
0030
002b
003b
0007
0009
fffe
000d
ff8e
ffe9
0020
0039
ffca
0034
003b
006b
0061
fff4
0033
002b
0017
002d
ff77
ffce
ffc1
ffdc
003c
002c
ffe7
ffae
00cf
ffd1
0017
002e
0025
005b
0030
000f
ffca
000c
0001
0001
0035
0045
ffc3
0027
005b
0031
0020
ffce
0038
0032
000f
0005
ff7e
ffea
ffa9
ffec
0015
fff0
ffe2
ffe3
00a6
0006
0019
fff5
ffe7
005f
0022
0015
ff99
ffdb
0043
0005
0017
0082
ffa6
0022
0016
fff4
ffc3
ff93
fff1
0062
0010
003b
ff57
fff5
ff73
ffba
0014
0002
ffcd
0007
0043
ffe9
0016
ffc5
fff8
0041
fff4
ffff
fff7
fff5
0020
ffdd
0036
007c
ff86
000c
0051
ffdf
ffcd
ffc6
0017
000c
fffb
004b
ff88
0005
ff81
ffec
001f
ffe3
ffea
0060
0007
ffc0
003b
ffa0
0019
0023
005d
ffd4
ffd4
ffe9
001d
0022
0012
0099
ff57
ff93
0063
ffd1
fffd
ffd7
0037
0011
0005
0039
ffd8
0023
ff85
fff5
0017
ffe3
0025
002b
fff8
ffb2
0016
ffcf
002b
001c
00ad
ffac
ffc7
ffb0
0032
00b3
0013
00a4
ff5b
ff59
ffe1
ffa3
ffa7
0019
0008
003b
ffe9
0004
ff86
0012
ff89
ffd7
0061
fff2
0059
0027
ffb2
fff3
fff1
ffe5
ffee
001d
0097
ffcf
0013
ffc5
001f
00a4
0032
000c
ffc4
ff9b
ff73
ff4e
ffab
002b
0024
0066
002a
fffd
ffe8
0059
0020
0000
0050
0006
0046
0078
fff7
0039
ffbd
001a
ffc3
000f
003e
fff7
fff3
0026
fffe
0001
ffef
ffd0
ffda
ffad
ff61
ff78
ffaa
0035
fff9
0087
ffc4
ffdd
0020
0019
0032
ffe5
0032
003a
003d
0076
0052
0065
0022
000b
ffe7
0015
ffd6
0046
001c
006b
ffbe
0010
ffe4
0005
ffec
ffe4
ffe9
ffdc
ffc2
0019
fff5
0060
ffd4
ffb0
fff3
0011
0035
ffde
ffe9
0041
0048
0042
0026
0028
006a
ffe9
ffcb
fff8
0027
fff0
fff2
0061
0000
0006
ffbb
0026
ff9d
ffbb
0033
fff8
ffb1
ffe4
ffe3
0066
ffcb
ff6e
ffae
0028
0010
0009
ff93
0051
0041
ffea
001f
ffac
0040
0004
0014
fff1
0033
ffca
ffa4
0090
ffed
ff9f
0001
006f
ffc1
ffab
0058
fffb
ffb4
0031
fff5
0026
000f
ffb3
ffab
004a
ffe8
ffdc
ffe7
0040
fffc
ffa0
0025
ffe6
0002
0035
002e
ffeb
0054
0040
fffe
0046
0029
ffc6
000e
0019
ffcb
ffd7
0030
ffff
0019
0014
0038
ffc0
000e
ffc9
0002
0036
fff1
0003
001e
0039
fffb
ffd0
fff9
0001
0010
002c
001a
0015
0035
0045
0010
008c
fffb
ff99
0009
fffc
ffdf
ffa0
0018
ffff
0005
0018
004d
ffa8
0032
ffaf
ffe6
0049
ffe8
fffe
ffe1
0036
ffdd
ffec
0022
ffdd
ffee
ffe3
fffb
0017
0010
0066
0006
007d
ffeb
ffbf
000b
0014
ffe9
ffb4
002c
0030
0013
0039
004e
ff9b
0037
ffda
ffea
fff0
ffe4
ffda
ffb5
004a
ffc1
ffc0
001a
ffdf
ffeb
0011
0013
0011
0007
0011
ffd8
0030
ffde
fff7
0013
0032
0036
ffd3
0021
0007
0003
0042
003b
ffd7
003c
fff7
0039
ffce
0005
ffd8
ffde
0046
ffb9
fff1
000e
fff1
fff8
0003
0021
0025
ffa1
0031
ffbf
0034
ffec
ffeb
0029
004d
000b
0039
001e
0071
0029
0011
002f
ffbf
0025
0024
0060
ffde
fff2
ffee
fff2
0054
ffbb
fffc
0029
ffed
002a
002a
001d
002a
ffb1
0025
ffb8
0012
ffc5
0019
fff3
0047
0009
0046
0028
0060
0033
000a
0032
ffa6
001d
002a
008b
ff99
ffd1
fff9
0015
002b
ffc0
fffe
0009
ffee
0040
0011
0009
001d
ffdc
003c
ffc9
ffd3
0005
0035
0008
0031
0008
001a
0025
002f
0034
fffb
0010
ffc7
0004
0019
0041
ffb6
ffef
0004
fffa
0005
ffde
fff6
ffd2
0013
0010
0008
0002
0002
000a
001b
fffe
fff5
0034
0007
ffe9
000e
0001
0010
0008
fff7
0008
fffb
fffd
fff2
0003
ffef
ffeb
fff9
000d
0015
0011
fff2
fff6
ffeb
ffdc
fffa
fff6
0009
000c
ffec
000f
0004
000f
fff8
002d
000c
fff3
ffe6
0005
000a
fffc
ffed
0017
fffe
fffe
fff8
000d
fff2
fffc
fff7
0002
0016
fffc
fff3
fffd
0008
0000
fffc
fff7
0004
fffe
0005
fffc
0005
000b
fff8
0009
fff7
0006
fff1
fff8
fff1
0004
fffd
ffef
0000
fffa
000a
fffa
fffa
0001
fff8
0008
ffee
0016
fff5
fffe
000d
0003
0012
0008
fff2
0002
000f
000c
0015
0004
ffed
fffc
fffe
fff8
0007
fffb
0000
0006
0003
fff9
0004
0007
fff9
0004
fffd
fff6
0004
0004
0000
ffee
0002
ffea
0009
0014
0017
fffd
0004
fffb
0008
0004
0001
000b
0006
0004
ffef
0009
0002
0003
fff5
fff4
fff9
fff9
fff6
fff0
fffe
000b
000e
fffc
0008
fff8
fffb
fffb
fff9
ffff
fff7
fff2
fff8
fffc
fffd
0001
0011
fff4
fffb
ffee
0005
0009
fff3
0010
0002
fff3
fff0
fff1
fffc
fff0
0002
0011
0003
0002
ffff
fff5
fff3
ffee
fff7
000e
0005
000f
0003
fffc
0019
fff5
000e
000e
0016
0016
fff0
fff1
fffa
0015
fff4
fffb
002a
000a
0009
0002
fffa
fffb
0004
ffff
0001
001c
fffe
000c
0001
ffd6
0003
fffc
ffec
ffed
ffdd
0048
fff8
0009
0039
000e
001d
0027
0007
fffc
0007
003f
fffe
ffe4
0001
0015
ffe5
000c
0012
0027
fff2
fffb
ffdf
000f
ffea
ffc4
0007
ffe6
0015
fff3
fff1
ffb4
ffb2
0060
ffbf
003d
002a
001a
0029
002c
ffbf
fff0
fff6
fff3
0021
fff8
001b
0007
ffe7
0022
0054
0062
ffd3
0011
ffed
000f
000f
ff9f
fffa
ffdb
0016
001f
002d
ff7b
ffc5
0074
000a
003f
0052
0028
005a
0030
fff2
ffeb
fffe
fff4
fffd
0004
0039
ff95
fff9
0022
005c
00a4
fff3
0022
001d
0015
0006
ff77
fffe
ffcc
ffd1
0027
0015
ff8c
ffcb
0058
ffcc
003f
003f
0054
005d
fffb
0023
0002
0005
ffcd
ffc1
003c
004d
ffad
0017
0046
0020
00b2
ffcb
004b
001d
003a
0026
ff66
ffd7
ffc9
0001
000e
000a
ff9b
ffdc
0013
ffb8
0022
0016
0033
006f
0042
ffd2
001c
0002
fff6
ffde
000f
005d
ffc2
ffe6
0043
0034
0072
ffb1
0024
004e
002d
001c
ff6f
ffe5
ffaa
fff8
fff0
ffeb
ffe0
0005
ffe6
ffd5
ffe2
ffd8
ffe1
006c
ffec
ffcd
ffd9
fff6
0011
fffb
fff5
0078
ffb6
ffdd
0021
0031
ffd9
ff91
0017
004f
001d
0021
ff68
ffd1
ff95
fff0
fff0
ffea
ffaf
002c
ffe8
ff9e
ffef
ffaa
ffd7
0066
ffe6
fff4
0024
000f
ffe2
fffb
0023
002c
ffd0
ffdd
0054
004c
fff1
ffb8
ffee
0017
000f
006a
fff2
ffe0
ffae
ffe1
fff8
0012
ffd5
0010
fffa
ffd8
fffb
ffb8
fff1
0066
0049
000f
fffa
000f
ffe7
0039
ffe5
005e
ff9c
ff80
fffc
ffff
ff82
ffc5
ffe0
0008
fff3
0034
000b
ffe1
ffba
ffcf
fff3
ffd6
0007
0008
ffc0
fff9
fffa
ffd7
fffb
0058
0045
ffaa
ffb7
ffb4
ffd4
006d
0003
0070
ffbe
ff70
ffa7
fffd
ff76
ffc5
ffdd
001c
0004
0007
000b
0016
ffed
ffe3
005f
ffd9
002d
002d
ff8d
0066
ffef
0029
ffd0
0049
0066
ffd5
ffe3
ffce
0031
0022
0015
0009
0002
ff8c
ff85
ff75
ffaa
ffe7
ffdf
0057
0019
ffca
0036
0060
0042
ffe6
0054
001c
000a
00d8
ffd5
0086
0015
004f
ffcb
0062
0025
ffef
ffe2
ffda
0017
000d
ffd9
0020
fffb
ff94
ff98
ff3c
ff9a
0018
ffb5
0080
ffe1
ff8c
0043
0054
0023
ffd2
0038
0060
006a
0083
001f
008f
0051
0026
0011
0010
fff4
001c
003d
0048
003c
fff6
ffef
0010
ffd7
0006
0057
ffa4
ffdb
0006
0017
0061
0002
ff80
ffd9
0041
fffc
fff5
0022
003c
003a
0046
0019
000b
004f
005e
fff0
0005
0022
0031
fff3
002d
ffde
ffdc
fff5
0039
ff96
ffb4
007d
fff2
ffe0
ffd4
ffc7
004c
ffbb
ff9e
ffba
0056
ffe4
ffe6
ffe1
0049
ffed
ffb8
003e
fff1
0023
001b
0058
ffef
ffef
0029
0007
0066
000a
ffac
ffe3
002a
ffb6
ffc1
0034
0028
ffe7
0007
002a
ffcd
fffb
ffaa
ff83
0070
0023
ffe3
ffd9
006c
ffce
ffc6
003c
0018
ffff
ffc6
005d
ffba
ffd4
0042
0030
0069
ffcf
ffc0
002e
000a
ffd0
ffa8
000b
000b
000c
0006
0054
ffb8
0015
fffa
ffdf
005a
fffb
ffe5
fffc
006f
0001
ffce
003e
0010
ffde
ffeb
002a
0004
ffd7
001d
ffd4
0072
ffe1
ffa4
001b
002b
fff1
ffa7
0029
ffff
ffed
0056
0067
ffa5
0033
ffcd
fff0
fffc
ffbc
ffea
ffdd
0042
ffea
ffa5
0026
ffe7
ffd6
001b
0025
ffe1
ffea
004b
fffb
002a
fffd
ffeb
ffcc
0025
ffec
002d
fffe
003c
0002
0047
004a
ff8f
0042
ffe4
0029
ff86
ffa5
fffa
ffce
0064
ffde
ff9b
000f
000d
ffc5
0026
001b
0022
ffc5
003e
ffd5
0039
0031
fff0
ffe2
0037
001d
0023
ffe8
0056
0048
0067
0036
ffb3
0040
fff8
0027
ffae
ffe4
0006
ffdb
007f
ffdb
ffc0
0033
ffec
fff4
0007
0011
0038
ffa3
0027
ffb3
002b
ffe4
ffff
0001
0036
001e
0031
ffe0
006d
fffa
0015
002c
ffb5
002c
fffc
0019
ffcc
ffd4
000c
ffec
0031
fff8
ffd2
0024
ffe2
ffeb
0020
001c
0006
ff8e
0018
ffcd
0007
fffc
0027
001a
001f
0021
0025
ffde
0048
000f
0008
001e
ffae
001d
003d
0049
ffc1
ffbb
002a
0038
0020
ffec
ffca
ffd4
0014
0008
0023
0005
0014
ffdd
0023
ffe8
fff1
0042
0024
ffeb
0019
fffe
002a
0000
0013
0035
fff1
0011
ffa6
0020
0029
0017
ffd5
ffed
0013
0031
fff6
ffe2
0006
ffc8
0005
0010
001c
0013
000d
0009
0022
0014
ffe8
0072
000c
ffd3
0000
ffed
000d
000b
fff9
003c
ffdc
0013
ffea
0019
fff7
0003
fffb
fffb
001d
0011
ffec
fff7
fffd
ffdb
000b
fffb
0002
0006
fffe
fffd
ffeb
0016
fff8
0030
0008
000e
fff6
0001
fffb
fffd
ffe8
0015
fff6
0004
fffd
0018
fffc
ffff
fffd
fff9
001c
000a
fff6
fffd
0011
ffff
0007
0001
0006
0004
0006
0007
0003
fff6
fffd
0011
fffa
0000
fff0
0008
0007
fff7
0003
000b
ffed
0012
ffed
000c
fff2
0006
fffd
fffa
000e
0006
fff8
000a
fff7
ffff
0009
fffa
0014
fffc
0004
0006
0003
fffd
fffe
0007
fffc
0007
ffff
000a
fffd
fff6
0001
fff7
fff4
fffe
0008
0002
0000
0000
000a
0011
0004
000d
0008
0003
0003
0001
0000
0003
fff9
0008
fffa
000c
0002
ffff
fff3
fffc
0004
fffb
fff7
fffd
0008
fffd
000d
0001
fff2
0008
0003
000d
fffe
0015
000a
ffef
0006
fffb
fffe
fff5
fff8
0006
ffff
fffa
0009
ffef
0011
fff3
0000
000a
fffd
0008
fffe
0006
fff8
0004
0005
0001
0009
ffe6
0004
000c
000c
fffa
0001
fff4
fff0
ffeb
fffc
ffef
ffee
001b
ffff
001c
000b
fffb
002b
0002
000f
001a
ffec
fff3
fff0
0024
ffe7
fff4
0015
0009
0002
0005
fff0
fff8
fffe
fffe
001a
000a
ffe6
fff0
fff1
ffe2
001a
0018
ffcf
fffd
fff3
0025
fff0
000a
002b
0007
fff4
0020
002a
0031
ffe3
0053
0016
ffce
000d
0012
ffef
fffc
fff5
0042
fff9
0004
fff2
ffff
ffe1
ffb7
fff5
ffff
0050
0038
ffc0
ffb1
ffc0
0050
ffcc
003a
0024
002b
0033
0027
ffe3
001d
ffd7
0030
0026
ffdf
ffff
fff9
ffd3
0031
0031
0082
ffe6
0001
ffec
0004
001b
ffa0
fff8
0000
0038
0039
0011
ff91
ffb1
0014
fffa
0070
0044
003d
0059
0026
0005
fffa
fff7
0015
ffe4
fff6
004a
ff9e
ffea
0046
0001
00be
ffd5
0023
ffe3
001d
0003
ff6f
0001
ffad
fff0
001a
0032
ff86
ffe6
fff1
ffb1
0042
0034
004b
0055
fff5
005f
ffed
0029
ffe4
ffaa
ffed
003e
ffaa
ffc7
0062
0006
00a5
ffc3
0058
ffe3
003b
ffcb
ff96
0045
ffe7
ffb8
ffed
002d
ff77
0037
ffd6
ffae
0013
ffec
003c
0035
0002
ffed
0040
0020
ffc1
ffc6
0046
0027
ffcd
ffad
006a
001b
00a4
ffa6
0051
fff9
005e
000b
ff8f
004d
ffd4
ffc9
ffed
0004
ff93
006d
ffbe
ffc5
0007
0024
ffb0
0046
ffd9
ffb7
0002
ffde
ffb9
0015
0023
001d
ffe5
ffd8
0036
000f
0073
ffaf
003b
0012
003d
0030
fffa
fffd
ffa1
ffea
fffa
001a
ffa3
003b
fff2
ffb6
ffc3
ffc2
ffc9
0032
fff1
ffe6
0019
ffda
ffee
003e
0022
0012
ffcc
ffc1
0042
001f
0028
ffb1
0003
0020
001a
0038
002a
ffdd
ffdc
fff8
0034
fff8
ff83
0020
000b
fff4
fff5
ffca
ffca
003e
006c
001b
000c
ffbd
ffe3
0089
ffe0
002f
ff9f
ff9f
ffea
fff8
ffd3
ff6d
000a
0023
001a
002e
0022
ffeb
000e
ffc8
0005
ffd3
0011
000b
ffb1
0054
ffe3
fff5
ffe2
0044
001e
ffcb
ffe3
ffe2
002b
0046
0013
0032
ffe0
ff65
ff99
fff9
ffb6
ff85
0046
0017
0046
fffb
0002
0018
fff8
ffe3
0048
fff2
0065
003b
ffc4
009c
ffde
005c
ffcd
0079
004c
ffe7
ffc1
ffea
004c
ffed
002e
001f
ffcd
ff7f
ff99
ffa9
ffc6
ffdc
0017
0062
0022
ffb7
0030
0000
fff6
ffda
0075
003a
004e
00e4
ffcd
0091
0009
006e
ffd5
00a7
0051
ffdc
ffbc
0003
ffea
ffe8
0031
0050
ffcd
ffba
ffe9
ff51
ff95
0018
ffc6
006e
ffda
ffb9
0036
0042
0012
ffab
001b
0050
0058
0057
ffe6
0059
005b
ffda
000b
0032
ffe0
ffe6
ffd0
0044
ffdf
ff97
0009
006d
ffbc
000a
009b
ffcd
ffbf
ffcb
0006
001a
001d
ff94
ffb8
0058
ffca
ffc7
fff6
0060
0024
ffee
000e
0026
0062
000c
0015
001f
0033
0030
ffd9
005c
ffec
ffdf
ffca
002a
ffcf
ffc4
0069
ffb2
fff0
fff6
0003
0005
fff0
ff7d
ff98
0055
ffdd
ffde
ffe5
002c
ffdd
ff84
0024
0011
000e
000b
007b
0020
ffea
ffd6
fff6
0057
002a
ffc8
ffd4
002c
ffe0
fffc
0044
0015
0001
ffe8
0051
fff5
0015
ffd8
ff70
0065
fffe
ffea
ffef
0034
ffac
ffa0
0043
0021
fffa
0028
0027
ffec
ffe3
ffef
ffea
0048
002a
ffc1
fffb
0033
ffd5
ffc6
fff6
0039
0022
ffef
0051
fff5
0012
ffe0
ffb4
fff3
fff9
0003
0011
006e
ffb1
ffa3
002a
0018
fff5
002c
0032
fff6
ffc0
0000
ffa6
002c
0008
ffcc
0020
0027
0020
000e
0009
0018
fffc
0028
006c
ffaa
002d
ffdc
0027
ff97
ffbf
0008
ffed
0048
ffb2
ffa7
000b
fff1
000b
0000
0032
0002
ffd2
fff7
ffb4
0019
fff6
ffc6
fffe
0047
0020
0033
fff9
003a
fff8
0038
004f
ffa9
0033
fff9
0025
ff84
ffa9
0023
fffa
004c
ffcd
ffa0
ffda
fff7
ffea
0017
0019
002a
fff1
fff7
ffa7
0017
0048
ffcb
0015
0028
001a
0041
fffb
003d
0016
0029
0028
ffb6
003b
ffcf
ffeb
ffba
ffb4
0047
fffc
002c
ffe0
ffa7
0007
0002
fffe
000b
001a
0025
fff2
ffeb
ffde
ffdd
0035
0008
ffcc
0025
0028
0029
ffd4
004b
fff3
ffcf
002e
ffd8
002f
ffef
fff7
ffd5
ffc3
0047
0004
fffe
0001
ffeb
ffd9
fffb
ffe2
0008
000f
000d
ffc1
ffe9
ffd0
ffd4
002c
001c
fff8
0036
0020
0008
ffbf
001d
0019
ffba
002f
ffed
001a
0021
0008
ffea
ffcf
0032
0044
ffed
ffef
ffde
ffd5
001f
fff4
002f
fffd
0004
ffdf
0004
ffda
ffe3
007b
001c
ffd1
002a
fffc
000d
fff4
fff2
0038
ffd8
001a
ffcf
0014
0018
000a
ffce
ffdd
001b
0040
ffeb
ffdb
000b
ffc3
000e
0016
0019
0013
000b
fff8
000b
0003
ffe4
0075
000f
ffc4
0002
fff7
000e
0032
ffe9
0053
ffe8
000e
0000
0018
000c
fff5
fff6
fff2
003b
001b
fff3
ffeb
0013
ffb9
0003
fff5
000e
fffe
0001
0006
fff9
000e
fffd
003b
0014
fffe
fff6
fff2
0007
0011
ffee
001f
ffd8
0013
fff8
000f
ffff
0003
fff6
0007
001a
fff8
fff8
000a
0009
ffef
ffff
000b
000c
ffed
fff7
ffef
fffd
000f
ffff
0007
0003
0000
fffa
fff9
fffa
000e
ffed
0008
000e
ffff
fff7
0007
fff8
000a
fff5
0006
0008
fffe
ffff
fff9
fffd
ffed
fff9
0006
0001
0008
0012
0003
0001
0008
000a
0005
fff4
fffb
0003
fffc
0004
fff9
0002
ffff
0004
0004
000c
0000
fffd
0009
fffb
0008
0008
0007
0006
0013
fffc
0003
000f
fff9
fffa
fffb
0003
fffb
fff9
0008
fff1
0005
0007
0000
fffe
0001
000e
0011
fff3
fffa
fff4
fffe
ffff
0006
0003
0003
0008
000d
fffe
fffb
fff7
0010
fff7
000c
0005
fff6
0017
0005
0000
fff2
fff7
fffe
000a
fffe
fff4
0001
000b
0016
000b
fff4
fff6
fff6
0005
0003
0001
0008
fff2
0002
fff8
ffed
000e
0005
000d
0004
fff7
001f
000c
fff2
002d
fffb
fffd
fffd
0003
001c
ffe8
0036
0015
ffd6
000d
0005
0004
ffdb
fff8
0004
ffff
fffb
000f
0010
ffe2
ffed
ffdf
ffe4
0027
0026
ffc3
fffc
ffe1
fff0
fffa
0007
000a
000b
fff4
000f
0003
002f
ffca
006a
ffe6
ffe5
0005
0010
ffe3
fffc
ffd6
003b
fff1
0002
ffdd
000b
ffe6
ffbe
ffe4
ffd4
005f
0038
ff8e
ffe0
ffa9
000d
fffc
0026
0000
0021
0006
ffe9
ffdb
002a
ffa8
0048
0016
002c
002f
ffec
fff2
0018
ffea
0047
ffee
000c
ffe6
ffed
0034
ffa0
ffeb
ffe5
0047
0070
ffdc
ffcf
ffaa
000c
fff2
0067
001b
0062
001e
ffe8
ffcb
ffce
ffa4
0025
0022
0006
0039
ff99
ffe9
0031
0018
003e
ffc6
002a
001d
0015
003e
ffa8
0001
ffba
fffc
0029
0017
ff92
0006
ffed
ffbe
0088
ffe9
006b
001e
ffee
002b
ffe6
0026
0010
fff6
ffd4
0047
ff99
ffbb
004c
0006
006d
ffb8
004b
0003
004b
fffa
ffc9
003c
ffd9
ffc8
0031
0014
ffa0
006d
ffcc
ffdb
006e
0012
001f
0025
000a
0010
ffc8
0038
fffe
fffd
ffec
002e
ffa6
ff90
0054
ffd3
0065
ffb1
0041
0007
004e
ffce
ffe8
006b
0000
ffb3
001b
fff0
ff8b
0093
ffa8
ffce
0071
fff5
ffd4
0007
ffe7
ffc8
fff1
0030
ffcd
0003
ffed
0004
ffcc
ffa2
0084
fff6
0077
ffbc
0037
fff1
003c
0024
0020
0044
ffff
ffd9
0047
0006
ff4a
0057
0007
ff9e
002e
ffe0
ffb0
0006
001a
fffe
ffe9
001f
ffc6
0076
0002
0005
ffa7
ffad
006d
0015
0072
ffa9
0007
0015
0008
001b
0020
0013
fff6
ffd2
0057
fff8
ff6e
0052
ffdb
fffd
0039
ffb2
ffca
001f
002b
0034
ffd9
0027
ffcf
0048
ffda
003b
ffba
ff89
0037
0018
0084
ff7e
003a
0021
0013
ffd9
0006
0039
0005
ffb5
002e
fff7
fff4
006f
ffa7
0079
001f
fff9
ffe3
003e
003e
0010
0010
0021
000f
ffee
ffd7
ffe7
ffde
ff6c
000f
ffe8
0012
ff6b
0044
0051
0018
ffc2
000c
0068
fff7
ffc9
0027
000e
0035
00aa
ff89
0083
002e
0050
ffde
0041
0034
0047
ffc9
004e
0025
ff7f
ffe9
000f
ffcd
ff9a
002b
ff71
0015
ffc3
ffef
003a
ffd4
ff67
fffa
0075
ffea
ffc8
0053
0046
0017
00c1
ff9a
0072
0014
002e
000c
0082
0013
0011
ffaa
0040
ffee
ff71
000e
004c
ffda
ffe0
007a
ff53
ffde
0025
ffc4
0017
ffc9
ffad
fff7
007c
003b
ffcb
002e
0059
0017
ffdd
ffab
004e
0015
ffc8
0007
0041
0010
ffef
0000
0068
0022
ffda
ffe6
0055
ffa7
fffd
007e
ffe8
fff1
fff8
0008
000f
0035
ffcb
ffa7
0078
fff6
ffe6
ffd7
0021
ffdf
ff5e
001b
fffe
0039
fff1
003e
001f
fff0
ffd8
ffcc
004d
000e
fffc
0003
0041
ffed
ffb9
001d
fff6
001c
0010
004a
0017
0047
fffd
ffc3
0051
ffb8
000a
fff7
0000
ffca
ff83
002d
0033
001e
0001
003b
000c
ffd3
ffd9
ffe8
0022
0029
ffda
ffd4
0039
0005
000d
0005
0044
0034
ffeb
004b
0009
000e
001a
0007
fff5
ffca
002d
0007
0017
ffee
ff9e
0036
003a
ffcd
fffc
0031
0009
ffca
fff6
ffc7
0010
003f
ffb2
0005
003d
ffc6
0012
fffb
0062
002c
ffe6
0057
0010
0023
0008
ffed
ffbb
ffcf
fffa
0021
000c
ffc1
ffcd
003d
0043
fffb
0035
0021
fffd
ffe8
ffdd
ffd9
ffce
0034
fff3
ffcb
fff0
0009
0045
ffdf
0041
0016
0023
0061
ffe1
0031
0008
0045
ff95
ffde
001a
0016
0001
ffcd
ffdc
0012
0014
002e
ffd6
0005
0036
fffb
ffde
ffd8
ffe9
fff3
ffd9
0012
fff6
0011
0035
0005
0031
0020
0011
0052
ffc4
0034
000f
0024
ffd1
ffde
002e
fffb
0022
ffe5
ffc7
002d
0009
0006
000c
0010
001c
002a
ffe8
ffd0
ffe1
002d
fff6
fff4
000e
0023
0027
ffde
0039
ffe8
000b
0039
fff8
0037
ffe8
0000
ffe3
ffa9
002f
ffff
001c
ffc5
ffc4
002e
ffef
000f
0018
001b
fffe
fffb
ffea
ffed
ffb6
001f
001e
ffbe
ffef
0024
0014
ffd8
0016
ffde
ffc5
0026
ffee
0035
0005
0015
fff1
ffbb
0020
0005
ffcd
ffe9
0008
fffb
fff3
ffd7
0010
0019
0035
ffde
0001
ffd1
ffbb
002b
0017
ffdb
001c
fffe
fff9
ffe2
0013
000c
ffa0
002c
fffb
0023
0017
000a
fff5
ffc5
0022
0052
ffb0
0011
0000
ffda
002a
ffdf
0014
0008
0027
ffcc
ffe1
fffb
ffc4
006c
fffd
fffe
0017
fff2
001e
0016
fffb
0051
ffc8
001e
ffc8
0009
0017
0000
ffe5
ffcc
002d
005a
ffe5
ffd2
0017
ffc8
000b
fffe
001a
0007
0026
ffe2
ffed
0027
fff1
006f
0001
ffde
fffa
ffdf
0014
003a
ffec
0053
ffde
001b
ffe6
0010
000a
ffea
ffff
fff9
0038
000a
fffa
ffed
0004
ffee
fff9
0012
ffff
0008
0012
0008
fff9
0016
0002
0023
0007
ffff
000e
ffff
0000
000c
fff3
0021
fffc
0008
fff2
0008
ffef
0007
0002
0001
001a
fff3
fff4
fff5
fff8
0005
0005
fffa
000b
000e
fffb
0001
fffe
0007
fffe
0010
000f
fff7
0001
fff9
0002
000a
000f
fffe
0001
fff3
0003
0007
0009
0005
0004
fffa
fff9
0001
fffa
0014
0001
000b
0001
0006
fff9
0010
0008
0007
0012
000b
0005
fffd
ffff
fffe
fffe
0000
0010
fff7
0004
0007
0000
0008
fff9
0008
0005
fffe
fff9
fff3
0003
000f
0007
fffd
0007
fffc
0002
000d
0000
ffff
fffe
fffb
fff2
0003
0005
fffb
fff7
0009
fffe
0006
000a
000e
0004
fff9
0005
0003
fff8
0007
0009
fffe
0007
0005
0000
0001
ffec
fffc
fff9
000d
fff4
fffc
0008
0005
0003
fff4
fff8
ffff
000a
0001
0000
fffb
fff4
0007
ffff
fffd
0000
fff6
ffff
fffb
ffe8
0001
001a
fff9
0000
fff4
fffb
fffb
0025
ffff
fff3
0024
0020
ffe0
0056
0008
ffe4
000c
fffb
0001
fff0
004b
fffa
ffe0
000a
0001
ffe7
ffd3
ffdd
fff3
000b
000a
0013
0011
ffeb
ffdd
ffec
ffe8
0028
0011
ffca
ffff
ffc3
0014
001a
fffb
0006
0007
fff5
fffd
ffd9
0025
ffc9
006a
fff9
0007
0023
0004
0001
ffe7
ffe9
0026
0015
fff7
fff8
0013
000d
ffbe
ffcc
ffb6
005f
002a
ff84
0016
ffbc
ffdd
001f
001b
0006
0043
ffd9
fffe
ffc3
0037
ffb9
0061
fffb
0035
003f
ffd6
0009
002e
ffc8
0003
ffdf
000c
0011
fff2
001a
ff9e
ffd6
ffdb
0052
0027
ffb9
0011
ffc0
0003
0028
004c
ffec
0070
ffb1
ffe0
ffa5
002e
ff7e
0013
0025
000f
001a
ffc0
fffa
0009
000f
fff0
ffe3
fff4
004a
001e
0041
ffe8
000a
ffcb
0018
004b
ffcf
fff6
0008
ffde
ffee
005c
ffd1
0070
fff3
ffdb
ffae
ffd9
ffd3
004a
002b
fffc
0048
ffba
0004
000f
0036
003b
ffc0
001c
0037
001e
0020
000d
000d
ffca
0007
0064
ffee
ffd4
005a
ffe9
ffc7
0094
fff5
002e
fff8
0038
ffca
ffd7
0005
0028
0033
ffd4
003f
ffca
ffc5
000f
ffee
0008
ff99
0020
0013
0036
0013
002d
0030
ffeb
0004
0026
ffbd
ffac
0090
ffd6
ffae
00c7
fffc
ffdb
0042
0020
ffdf
0001
001d
000d
003e
ffeb
0024
ffe3
ff9f
0040
0030
004b
ff89
001a
fff9
0013
002d
0025
0057
0033
fff5
0055
ffc5
ff7e
0063
ffc5
ffb6
00ed
ffc0
ffc3
000b
0053
0038
001c
0034
0003
0076
ffe4
000e
ffe7
ff97
0035
001a
00d6
ff75
0023
0012
0008
0028
000c
0065
0043
ffbe
0020
ffee
ff93
0073
ffe1
0006
0103
ff8e
ffeb
0012
0026
0026
fffa
0051
ffe8
ffff
fff9
0014
fff3
ff91
0005
001c
00b1
ffab
003d
0013
fff5
0006
0025
0084
0013
ffd8
009a
fff0
ffbb
0100
ffae
0070
00bd
ffb2
fffb
0082
000f
0006
ffa4
005b
ffe4
ff8f
0000
0052
ffd7
ff7f
004d
ffb8
00a1
ff59
0006
0016
ffb0
ffcd
003b
006c
fff5
ffba
005e
ffc2
001e
00dd
ffa4
0097
0067
000c
fff9
0051
0007
005f
ffca
002b
000f
ff68
ffea
005a
ffc3
ffa6
0065
ff47
002b
ffb5
ffc4
ffe8
ffa8
ffa3
0026
007e
0024
ffe6
006f
001e
fffa
ffd7
ff8f
0074
0040
0019
0026
0066
0010
001e
fff8
0035
0013
ffb8
ffda
006c
ffcd
ffe0
0076
ff83
ffed
0023
ffd3
0009
ffb6
ffd2
ffc6
0031
000f
0015
002f
000b
ffb1
ff44
ff9f
001e
001c
ffed
0015
0020
0005
ffd1
fffd
0037
0008
0017
ffb9
002e
ffcf
0006
0055
002b
fffb
0019
001d
003c
002f
fff1
ffd8
ffcd
fff7
ffea
0005
002d
ffa7
ff86
ffd2
ffe3
0022
0017
0026
001e
ffd1
ff94
ffb9
0021
0003
0001
ffbf
0065
ffb7
fff2
0014
0054
0000
fff2
002d
002b
002d
0000
0010
ff92
ff91
ffef
fffa
ffdb
ffea
ffc9
0025
0001
ffe4
0011
0004
0018
ffe2
fff5
ffe7
fffd
0024
0001
ffbc
0019
fff6
0054
ffff
0056
fff7
0024
0009
fffb
001a
0022
002e
ff9a
ffd3
0034
000d
fff0
ffaf
ffc9
0043
fffa
fffd
0022
ffff
001a
0014
ffce
fff2
ffe3
0008
ffd2
ffc9
fffc
ffe2
0057
000e
0029
fffe
001c
0045
0014
0024
0004
0026
ff8e
ffcb
0022
0004
ffec
ffaf
ffea
0055
0018
fff3
002e
0017
0013
0032
ffe2
ffff
ffc4
003b
fffa
ffd7
ffe2
ffd8
0063
fffc
0044
0026
0034
001f
001c
0033
0019
fffe
ffc0
0000
001d
001d
ffeb
0009
fff6
003b
0048
0017
fffd
000c
0018
0046
fff4
0006
ffd6
ffe7
fff3
fffa
ffec
ffe6
0032
0008
003b
fffc
0003
0020
0012
002f
000a
0022
fff1
fff5
0002
001f
000e
ffd7
ffe9
0038
fff5
ffef
0030
0016
001f
004e
ffbd
fffc
ffb8
0051
002f
ffda
ffde
0000
0019
ffd6
0027
fff2
ffd9
0029
0013
0041
ffef
000a
ff9b
ffa9
0037
002a
ffcc
ffcb
fff1
0012
ffee
fff8
fff9
0026
0013
002a
ffb6
001e
ff6c
003d
0046
ff91
ffb5
000d
0016
ffe0
fffb
fffd
ff82
0025
0022
0036
0017
0022
ffcc
ffb9
002b
004d
ff7e
ffec
001a
ffde
000c
ffd9
0011
0013
003b
0010
ffa8
0013
ff73
004c
002f
ffcf
ffff
fff0
0009
fffa
fff9
0022
ff89
001d
fffb
0016
0016
0016
fffe
ffc4
005d
006d
ff85
ffee
002d
ffbf
0027
ffe1
000e
0009
0051
fff6
ffb1
0029
ffbd
0091
0009
0020
000b
ffeb
0025
002f
fffc
004d
ff8f
002b
ffed
0025
002c
001a
ffd2
ffd0
0062
003e
ffdf
ffe0
0018
ffd5
0010
fff6
000a
0001
0022
0016
ffd3
0010
ffe5
0067
0000
ffde
ffff
fff7
0019
002e
ffd1
0032
ffdb
0012
ffeb
0005
0005
0004
ffeb
fff7
0029
fff2
fff4
fffb
0008
ffeb
0003
000d
0010
0004
0007
fffe
fffa
0008
fff8
000c
0002
fff3
ffff
fffd
0001
fffd
fffb
0012
fffc
fff2
fffe
0004
fff7
000b
fff9
0006
0001
fff7
fffc
0001
0002
fff6
fff9
0005
000a
fff8
0002
ffff
fff7
0002
fffd
0016
0009
0003
fffa
0009
000e
fffd
fffc
0007
0002
0003
fffa
fffe
0007
0007
fffd
0013
fff2
000b
ffff
0002
0001
fff2
000b
0012
0011
fffb
0008
000a
ffeb
fffd
0003
0008
0005
0000
fffe
ffef
0001
fffc
0020
0000
0004
000c
fffc
fff8
000b
fffa
0009
0007
000d
fff6
0010
fffa
0007
ffee
000f
0008
0001
ffea
0008
0002
0004
0004
fff9
fff6
0010
000a
fffd
0004
000b
fff6
0023
0003
0001
fff8
0005
0000
fffa
0004
fffe
fff4
000a
000d
fffa
0002
fff8
fff5
fffe
0002
0002
0002
000b
fff0
fff5
000e
000a
fff3
ffef
0011
000e
0007
fffb
0013
0001
fff9
fffe
0004
0002
0000
0005
ffed
fff6
0008
fffd
ffe0
0010
0011
ffe2
001a
001d
ffe2
0054
fffe
fff2
001c
fffc
0016
0003
003f
fff2
ffdc
0014
0013
ffff
ffec
fffe
fff2
0010
001e
0014
fffd
ffe9
ffea
fff7
ffed
0016
ffea
ffcd
0005
ff98
0012
0019
ffe5
fffc
0008
ffe2
0010
ffd8
000a
ffd7
006a
fffe
fffc
001d
000e
001d
ffde
ffeb
fff4
0026
0010
ffea
0002
000a
ffbb
ffbd
ffd3
005f
ffea
ff92
0004
ffb1
0024
001b
0007
fffb
0047
ffce
0007
ffb7
0021
ffb1
0025
fff9
000a
001c
ffea
0020
ffeb
ffe9
ffe8
ffff
0023
fffe
000e
0015
fff9
ffd4
ffd0
0037
0019
ffc8
0016
ffce
001b
0013
0036
fffa
0056
ffc3
fff1
ff88
0041
ff9b
0022
002c
001c
0009
fffc
0036
ffe7
0007
000f
fff2
0019
001c
001f
0044
002c
0004
ffdd
0012
004d
ffa7
ffec
0019
ffdb
ffff
003e
ffc6
005b
ffdc
ffe4
ff6e
003e
ffa3
0028
0052
000f
0014
ffed
0060
0003
0018
0006
ffd9
fff7
0012
001b
004f
0052
0009
fff3
004a
0051
ffb1
001b
0058
ffea
ffde
0043
ffd2
002a
ffee
ffde
ffa2
000d
ff6a
ffc4
007a
0007
001d
0020
0043
ffef
ffe2
ffd5
ffd6
fffe
fff0
0000
0042
0052
001b
ffe1
0072
0069
ff8c
ffe4
0081
ffc4
ffee
006f
ffc1
0012
0016
ffee
0010
0016
ff3c
fff7
0088
001a
0046
0015
0031
0008
ffdf
ffe5
ffd1
ffea
001f
ffcb
0079
0046
0017
ffe7
0057
006c
ffc3
ffdd
0063
ffc8
ffb6
0095
ffc8
ffdb
fffd
fff2
004f
fffa
ff6e
0015
0056
ffe6
003b
001d
0022
ffc8
ffe5
002a
ffa1
000a
0008
ffde
008a
004b
ffd9
fff7
0015
0085
ffe3
ff75
0058
fff2
ffef
00b3
ffa2
ffe1
0026
fff0
0037
ffd3
ffaf
ffee
000a
fff6
0069
0008
002e
ffc8
ffe3
0063
ffa8
0015
ffe1
ffd3
0078
0052
ff8f
ffda
0005
005e
ffa9
ff8d
0068
fffb
004d
0084
ffb0
fffc
0005
fff0
0055
ffd1
ff98
fff7
ffbf
ffe2
001a
001d
000d
fff0
ff91
004f
ff69
ffe0
ffec
ffb6
001d
008f
ff93
fffb
ffe2
0087
ffd4
ffed
005d
ffe9
00b8
0062
000d
fffb
003f
0001
0039
ffd6
ffb2
0010
ffc4
ffe2
0050
ffff
0038
000e
ff94
003c
fff2
ff98
ffe2
ff94
fffe
0038
ffb7
ffbd
0023
0046
000a
fffa
ff9b
ffd7
007b
002e
002f
0020
001c
fffb
fff4
ffe0
ffef
ffc1
fffb
0014
0021
0011
0030
0082
fffa
0051
0005
0007
0012
ffe9
0007
001f
ffb1
ffe0
002f
fffc
ffc3
ffdd
ff7d
ffc8
0026
0001
0060
0005
003f
fff2
ff9f
ffd6
ffcd
ffe0
ffe9
ffeb
0013
ffd3
0040
0040
0036
0005
ffdb
0042
005a
000a
ffee
005a
ff72
ffc6
ffec
0009
fff5
fff9
ffdb
ffc4
004d
ffd3
003a
ffe8
000f
0035
ffd3
fffa
ffbb
0002
0014
ffa5
fff7
ffaf
0055
0026
006a
0009
ffdf
fff5
003b
001d
ffc5
0026
ff7f
fffb
0000
0001
ffe2
ffcd
ffd4
fffd
001d
000c
0041
ffef
0018
002e
0027
0032
ffba
0036
002a
ffa7
ffda
fff2
0057
fffb
002d
fff7
ffeb
0031
0045
0049
ffe3
0006
ffa7
ffe9
fff1
fff9
ffe6
ffd6
ffc6
0044
fffc
001c
0019
000b
fff4
0025
fff9
001d
ff99
0042
0033
ffd7
ffd3
ffd2
0047
fff6
000a
ffd0
0002
003b
0043
0028
fffc
0023
ffa8
fff8
0010
ffe7
fffe
fff8
ffa9
0040
003e
ffdd
004d
000c
0005
002e
0011
0001
ffca
005c
002f
fffe
ffcf
ffad
0046
0005
fff5
fffc
0025
001a
0017
000d
0017
0021
ffad
0020
fffe
0003
fffb
ffe5
0005
003b
0004
0018
0028
0033
0004
0047
ffec
0028
ffad
0024
0043
ffd6
ffd2
ffb7
0025
fffe
0029
fffd
ffdf
004f
0037
0041
0017
0030
ffe9
fff1
fffd
0024
0019
fff8
ffc4
001f
ffef
000d
003b
0042
0007
003b
ffb4
0014
ffa2
002d
0075
ffb5
ffcc
0000
0015
ffc8
0019
ffe7
ffaf
003f
0046
003e
0022
0010
ff9e
ffaf
0021
0042
ffbf
fffd
000c
000e
fffc
ffef
ffce
0031
fff9
0040
ffae
002c
ff6c
0063
0062
ffcc
ff99
0003
0009
fffe
ffe7
ffff
ff85
002d
003f
003f
0033
0013
ffe8
ffc6
002f
0042
ff7a
fffb
0024
ffde
0019
ffca
fff8
0018
0020
0019
ffbf
001d
ff87
0049
0038
ffdd
ffd1
ffe1
0015
fffb
fffc
0015
ffa1
002b
0023
0014
0036
0000
fff9
ffea
0056
004e
ffae
ffe8
0015
ffc1
001a
ffd3
fff7
0006
0023
001e
ffc8
0015
ffe1
004f
0026
0007
fff0
ffda
0025
0025
0003
003a
ffca
fff7
fff4
001a
0023
fff2
ffea
fffc
003b
0025
ffe0
fff6
0000
ffc7
000b
0003
0010
0009
0025
000a
fff3
0028
fff6
005c
fffe
ffee
ffee
ffec
000f
001e
ffee
001b
0005
fffc
fffc
000b
0012
ffe1
ffe8
0006
0024
0010
fff1
fffe
ffff
ffe5
ffe4
0004
000a
000f
0000
fffe
ffff
0003
fff1
002b
ffec
fff1
fff9
fff6
0007
0005
fffe
0009
fff6
0009
0003
fff1
0007
fff7
0007
0015
001f
0003
0006
fff5
0009
fff5
fffd
fff1
ffec
0006
0000
000d
0003
ffff
ffff
001f
fffe
0009
0004
fffa
ffff
fff8
0013
0002
fff5
0004
0003
0002
0006
000b
0005
000a
0001
ffed
fffd
fff4
fff6
ffff
0001
0001
fffc
0004
000a
0001
fffd
0007
0006
000b
fff5
0001
ffff
fff7
0002
0000
0005
fff5
0008
000a
0016
0006
0004
0007
fff6
0001
fffb
fff6
ffff
fff7
fff3
fffa
0003
fffc
ffff
0008
fffc
000b
0007
fff8
000a
fff9
fff5
0005
000c
0002
0017
fffd
0009
fff5
fff8
0003
fff8
fff4
0008
0005
0001
fffd
0018
fffb
fffa
0006
000c
0008
fffe
0000
000f
0001
000b
fffc
000a
0001
000a
0002
fffa
ffff
0003
ffea
0006
fff7
0013
fffc
fff6
0015
0008
000a
0007
0003
fff7
fff4
0006
ffe7
0023
0006
ffe3
ffe2
0022
ffe8
004f
ffff
fff7
000d
0004
0003
0002
0040
0011
ffc8
fffc
0010
0002
ffe1
fff9
fff3
0007
0013
000f
0017
0008
ffd5
ffd9
fff9
0026
0003
ffdf
000e
ffbe
ffed
003d
ffea
0029
0001
fffa
001b
ffda
0019
ffc7
0055
0007
ffe8
ffea
0013
0034
ffeb
fffb
fff8
0005
0020
ffe8
0011
0026
ffc6
ffc7
ffc0
004d
fff3
ffa2
ffe0
ffcb
0013
fffd
0018
fff2
001f
ffe3
0021
ff9d
0048
ffc5
0019
0015
fff1
ffec
0030
003c
0008
ffe3
0037
fff1
0030
ffdb
0024
0028
fff7
ffce
ffe4
002a
0010
ffd9
ffce
fff7
0004
ffcc
003e
001b
001a
ffc4
0037
ff82
005e
ff98
002e
0041
ffd8
ffcd
0050
004d
ffcd
ffd3
0002
fff6
0005
fff5
000b
fffe
004f
ff97
fffc
0028
0038
ffcf
ffd2
0006
ffe1
0000
0025
001d
0031
ffd1
0020
ff38
003c
ff6a
003d
004a
0001
ffed
0036
0061
fff2
ffae
fff7
ffe7
fff5
ffe5
0018
ffe6
008f
ffe1
fffb
0049
0059
ff99
ffd7
0017
ffde
ffd0
0021
002b
002c
fff7
0010
ff4f
0021
ff3d
0002
0056
0023
001a
0045
008b
ffd8
ffb9
ffc5
000b
ffed
ffef
fff8
fffe
0082
ffa9
ffeb
0069
0059
ffa3
ffa4
0045
ffe6
000d
0027
0036
0044
0020
ffe0
ffad
ffff
ff14
0039
004a
fff9
002f
003a
00ac
ffc2
ffd5
ffcf
fff4
0002
fff2
ffe3
002c
006c
ffb4
ffb2
005a
0026
ffdd
ffc9
0044
ffeb
ffc4
0031
fff8
fff0
0000
ffba
ffef
ffdc
ff3d
0028
0011
001d
0031
001e
008f
ffcd
ffe4
ffeb
ffda
fff7
ffcf
ffcc
0047
0087
ffa1
ffbb
0034
006d
ffb4
ffc3
0029
ffef
ffd6
0028
ffeb
ffe2
002a
ffd6
001e
ffe5
ff36
004a
fff5
0051
0032
0022
009a
ffd2
ffdb
fff8
ffa8
0009
ffdd
0000
0074
0072
ff57
ffa4
0046
0065
ffc6
ffd2
fffd
ffe7
001b
002a
ffc2
ffdf
0025
ffb1
0063
fff4
ff54
000d
ffcc
0028
0018
0022
0077
000a
ffbc
0006
ffa3
fff1
ffc0
ffe2
004e
008e
ff4d
ffa2
0010
002c
000a
0014
ff9f
0038
003c
0016
ffb4
fffd
001a
000d
009c
000e
ff94
ffe4
fffe
0006
ffee
003d
0065
fff2
ffdc
0031
ffcb
0010
ffeb
fffc
0008
0082
ff85
ffee
ffec
001a
0035
fff3
ffa4
0016
0045
0007
0027
ffd9
0054
0015
00b1
0001
ffb0
ffc6
fff5
0027
fffd
003a
0065
0027
fffd
0009
fff9
0019
fff7
ffbf
fff6
007a
ffa4
ffe4
0018
fff4
0019
ffe9
ffc7
ffbc
0035
ffcb
005f
ffef
003f
002b
0064
ffdd
ffa2
fff4
ffdf
0028
ffec
fff4
006f
000d
0056
ffea
ffb2
0027
0031
ffd1
ffeb
005a
ff8a
ffca
ffc3
002c
0009
0009
ffd0
ffe6
0055
ffb8
005e
ffd5
0052
0066
0014
0015
ffb7
001a
0013
0021
fff9
fff8
0069
0005
0078
0015
fff3
000f
0023
ffd7
ffd2
0011
ff7f
fff4
ffda
fffe
ffeb
fffa
fff8
001b
ffef
000f
001b
ffe3
002d
0057
0008
fff7
ffa5
0011
003d
fff8
ffd9
ffe9
0052
fff2
005c
0002
fff9
fff5
005d
ffed
fffd
0011
ffb8
0004
ffbd
002f
fff7
ffd6
ffc9
0030
0014
ffff
000c
0000
0022
0038
ffc4
ffd5
ff80
003d
004c
001b
fffc
ffff
0041
ffe5
ffff
ffe0
fffa
001f
0048
ffe5
0011
0066
ffb2
ffb0
ffed
0036
fffc
ffe7
ffeb
001d
0043
ffd2
0023
001a
000a
0031
fff8
0029
ffa8
004c
0039
0000
ffc4
ffbb
0040
0003
ffe4
002c
ffef
0032
0040
fff8
001e
003e
ff94
002a
ffe2
002b
0000
ffcc
ffe2
004f
0023
fff5
0038
0031
0007
004e
ffa3
0020
ff84
0023
0052
ffc5
ffd7
ffa6
0029
ffd1
0012
fff8
ffa6
004d
0061
0049
0015
0023
ffb1
fffb
ffd9
002c
ffe5
fffb
fff2
0021
0014
000e
0010
004d
ffe4
0048
ff7e
0015
ff9d
0017
0050
ffea
ffcc
fff8
001b
ffe4
ffe5
fffa
ff94
0050
0043
0047
0041
0006
fff4
ffb4
001c
005b
ff7b
0003
000d
ffed
002d
ffed
ffbc
003c
ffde
003d
ff98
0036
ff9c
0048
0049
003a
ff9d
fff0
000a
000b
ffeb
0025
ff91
0032
0027
0030
003f
ffe8
000f
ffe4
002a
0064
ff88
ffee
002f
ffca
0054
ffea
fff2
001f
000b
0026
ffc5
002d
ffbc
0027
002a
fffd
ffbc
fffe
001c
0030
ffe7
0044
ffc5
0021
0000
0017
0035
fffd
ffff
ffef
001c
0039
ffd1
ffe8
0016
ffc9
0031
ffdd
000c
0002
0016
001e
ffeb
0017
ffec
0035
0014
ffea
ffd3
fff4
0011
0019
fffb
0023
fff4
0006
0007
000d
000f
ffe9
ffee
0016
0019
0020
ffe1
ffe1
0004
ffe4
0017
ffee
0008
0003
fff1
0004
fffc
0015
fff3
0032
0006
ffe9
ffe6
fffe
fff9
0017
fff8
001a
ffee
0004
000f
0014
000d
fff5
ffff
000a
0004
0003
ffe0
0002
0009
0008
0007
0007
fff8
000a
000b
0008
0009
fffc
ffff
0009
fffc
0006
0006
fff9
000b
0000
ffff
0002
fffe
fff4
fffa
ffff
0012
0008
fffc
0002
000f
0010
0011
0006
fff7
0009
fff8
000f
0001
fffa
fff9
0004
0002
000a
fff3
0003
000b
fff5
fffd
ffff
0006
fffe
fffa
000c
ffff
0012
0006
0006
0001
0009
000d
0006
0006
fffd
0004
0016
000c
0003
0003
ffff
fffd
0000
0000
0002
0004
0009
fffd
0003
fffd
fff8
fffe
0000
0006
fff8
000c
0000
0004
fffd
0001
fff5
0001
fffd
0002
0003
0011
0006
fff9
fffd
fffc
0013
fff4
0002
fff1
ffea
0004
fff7
fff6
fffe
fffe
fffd
ffff
fff2
fffc
0001
0003
fff2
0006
fffd
ffef
fff9
0002
fffb
fff8
fff9
0006
fffe
fff7
0002
0005
0007
fffc
000d
000c
0005
0018
0014
fffd
000a
fffb
000f
fffa
0008
fff6
000c
0007
fffe
000a
fff8
fff5
fff5
000c
0000
000d
000e
fffc
fff3
0000
0002
000c
0004
001a
0009
fff1
fff7
0028
fff4
0024
0004
0002
0010
ffea
0006
fff4
001c
0007
fffb
ffe8
000a
0000
ffe2
fffd
ffe4
0005
0008
0017
fffa
0008
ffde
ffe1
fff5
000e
001a
fff9
0004
ffe2
ffe9
003f
fff4
003e
fff7
0000
0020
ffe1
0010
ffd1
004e
0026
ffd5
fffa
001a
0022
ffd6
0001
fff6
002f
0014
0017
0005
0042
ffd1
ffc6
ffd2
002f
0014
ffca
ffd1
ffec
0016
000e
0017
001b
0004
0010
002c
ffcd
0040
ffb1
000f
0035
fff5
ffab
0042
002e
fffb
fff2
0004
0005
0000
0001
fff7
0021
fff8
ffc2
ffdc
000d
fffd
ffa9
ffdf
fffa
0012
ffe9
0044
0000
fff8
ffea
000c
ff84
0051
ffa6
0026
004f
0000
ff86
0067
0034
ffdf
ffb7
0001
0015
000a
ffde
0000
0002
003f
ffc5
fff4
0047
fff8
ff98
001c
001d
0031
0016
0042
ffe9
0021
ffbe
001d
ff58
0043
ffa5
0038
005a
ffff
ffa6
0042
0048
ffd3
ffd0
fff4
000d
0015
ffc8
0010
0005
0059
ffda
ffef
0031
0038
ffea
0006
fff7
0039
0049
fffa
ffe9
0040
ffe5
0010
ff96
0007
ffa4
0018
0023
0028
ffd8
0004
0069
0019
ffed
fffa
003d
0011
ffda
fff1
ffe7
006c
ff74
ffe1
000f
0064
ffe0
ffc0
005c
fff7
fff0
001f
ffdf
0043
0021
ffeb
ff88
0008
ffad
0004
0001
fff8
fff9
fffc
007e
0013
ffd4
000e
ffd4
0005
ffa8
0008
0001
006f
ffab
ffc7
fff8
0046
fff7
ffdb
003e
000e
fff3
ffda
0010
ffe5
002f
0017
ffc4
ffef
ffac
ffe1
fff3
0024
001a
0014
0051
ffda
0006
ffe1
ffeb
fffd
ffe1
ffe7
001e
0076
ffae
ffe2
fff2
004e
ffe0
ffd7
0018
fff8
ffc3
ffab
ffd5
fffb
000a
001f
ffef
ffe8
ff81
fff4
ffec
003a
0053
0000
0062
fffa
fffb
ffd5
ffb0
0027
ffe1
002a
005a
0054
ffa1
ffec
0000
0055
004f
fffc
ffda
fffd
ffd9
ffd5
ffcc
0007
0028
0007
0014
ffa1
ffa5
000c
ffd8
0010
0033
ffe3
0040
fff5
fffb
000f
ffbd
0042
ffd2
0025
0038
0060
ff9e
ffc9
ffc3
0028
0011
ffe5
ffee
001e
ffef
ffe4
ffb7
fff1
0008
0017
0032
ff99
ff77
0003
fffb
ffe4
002a
ffdf
003c
ffec
0007
0009
ffea
0041
ffdf
000e
000a
005a
ffc5
ffce
ffc4
0037
ffeb
fff1
001b
ffe5
ffff
ffd6
fff6
ffcb
0044
0051
004a
0000
ff67
ffda
fff5
fffc
003e
001a
004f
0004
0040
fff1
ffd6
001f
0008
ffd1
0014
0090
ffd4
fff7
0001
0017
fff0
002a
ffe9
ffe2
0023
ffe6
0042
ffc7
001a
004f
002a
ffb9
ff89
ffaa
ffeb
001e
0015
0007
0061
0014
003f
ffcd
ffd4
0013
0008
ffd5
fffb
0079
ffdb
000a
ffe4
0010
0014
001e
ffd7
fff9
0022
fff1
0048
ffd0
0021
004c
0008
ffd7
ffd0
fffc
0018
0026
fff1
0028
0041
0008
000f
0001
fff8
001b
0015
ffee
fff4
0022
ffd1
0014
ffe4
003e
003c
000b
0014
000b
0025
ffed
002e
ffe2
0034
0024
ffc9
ff8a
ff93
fff5
0016
ffed
001c
0028
0044
ffc4
001a
fff6
ffdf
fffd
004a
0005
fff0
0041
ffb8
fff5
ffdc
005d
0015
fff9
ffe4
0004
0022
ffde
003e
ffc6
0024
0039
ffc5
ffc6
ff93
ffe3
fff8
0006
0000
0025
0029
ffdf
0010
0001
ffc4
0007
0043
ffdf
fff6
0046
ffc7
fff7
fff9
0061
ffd3
ffe8
0005
000d
003a
000c
0050
fff7
000b
003c
ff91
000e
ffbf
0045
0018
ffea
fffa
0001
0025
ffd4
fffb
002b
ffb3
001c
000f
fff6
fff0
0027
ffcc
0008
fff0
003f
ffe3
ffe4
ffe6
002b
000a
ffe2
fff9
0023
fff4
003e
ff96
0046
ffc1
000a
0025
000e
ffe6
ffe1
0000
ffe1
002f
0020
ffc2
0046
0036
002a
0017
000c
ffd7
0009
fff4
001d
ffb4
0004
0020
0027
0012
000a
ffd1
004b
ffcc
003f
ffa1
0033
ffbd
0011
0026
004c
ffe4
000b
ffff
0022
0024
001a
ffae
003d
003f
002f
0069
fff6
fff2
ffd5
0006
0031
ff72
fffa
0017
fff7
0033
fffa
ffde
002a
ffde
0043
ff9c
0028
ffbc
001a
0025
0028
ffda
0009
001c
000a
ffd9
0029
ffb5
0022
0025
0039
0034
fff2
0014
ffce
ffff
004a
ffb1
fff2
001d
ffcc
003a
ffef
fffb
0012
0002
003d
ffd4
0033
ffc3
fffa
fffc
001b
ffde
ffef
002c
002c
ffe9
0047
ffbf
0005
0002
0014
001c
ffec
fff2
fff3
0020
001d
ffd7
fff7
000e
ffe2
0019
ffe2
0008
0001
0015
fffc
0014
0022
0003
fff5
000a
fffd
ffe2
ffd5
0019
0021
fff2
0025
ffee
fffa
fff2
0001
fffa
ffd2
fff6
fff8
0020
000c
fff0
fff5
0017
fff6
fff6
fff6
fffd
000a
0000
0000
000d
0009
0005
001d
000f
fff6
fff4
ffff
fffe
001f
ffee
0015
fff8
fffe
fffa
fffb
0009
0002
fffc
0009
0007
fffa
fffb
fffc
fffe
0001
fffc
ffff
0008
000b
0009
0003
000b
ffeb
0002
0004
fffd
fffb
000a
fff5
ffe9
fffd
fffd
ffe9
fffb
fff9
fffe
000e
0007
fff2
ffe5
fff0
fff8
0000
0002
fffe
fff3
0000
000d
fffb
000b
fffc
fff6
ffff
000e
0009
fffc
0004
ffff
fffc
000a
ffef
fffe
0001
0004
fffb
0007
0001
ffee
fff7
fff1
0007
fffb
fff9
fffb
fff8
fff8
0001
fff3
0001
0001
000f
fff9
0011
001a
0006
fffb
fffd
ffff
0003
fff7
0000
fffb
fff5
fffa
0008
0007
0003
fff4
fff0
0004
000f
fffd
0007
0003
fff7
fffe
fff5
fffe
0007
fffc
0004
0007
fff8
0006
fff6
001d
0006
0001
0003
fff2
0015
fff4
fffd
0007
ffee
0005
ffff
0006
0002
000f
000e
0002
ffff
0006
0005
fffe
ffff
ffee
0005
0004
fff0
fff6
fff0
fff3
0004
0003
0003
fff9
0008
ffff
fff9
fffe
0001
0013
fffd
fff5
fff9
000a
0004
ffe4
ffe6
fffb
000a
fff2
fff1
fffa
fff4
fff7
fffd
0001
0010
000f
ffee
0009
fff4
fffe
fff9
001b
0009
fff8
000d
ffeb
0000
fff2
002a
000f
ffde
000b
0006
000d
fff4
ffec
fff4
0007
0000
0016
fff5
fff8
fffa
ffdc
ffe2
0000
0045
000b
fffd
0013
fff7
0037
ffec
0018
0000
0021
0010
ffe0
0012
ffde
0054
000a
ffe3
ffeb
001e
0011
ffed
fff1
fff0
0011
000e
000b
fff0
0010
ffef
ffcd
ffce
0013
004f
ffdc
ffc9
0029
fff7
ffff
0021
004b
ffb0
0034
fff9
ffd3
0020
ffe6
005e
0019
ffd9
ffbb
002c
0028
ffd0
ffdd
0020
000f
ffd7
ffff
ffc9
0019
000b
ffcd
0000
0012
0006
fff1
ffd7
ffff
ffde
fffc
0048
0019
ffde
0002
fffa
ffa9
002c
ffed
0038
0030
001f
ff88
0059
001d
ffda
ffd6
0021
0016
ffdc
ffdc
ffd4
0023
0020
ffbe
fff2
001a
0017
ffe1
ffff
001b
ffe1
0017
0041
000a
0011
fff3
ffdf
ffb1
0019
ffe5
0039
fffa
fff0
ff97
006d
001b
0008
ffbc
0022
0018
fff0
ffb4
ffff
002f
003b
ffce
0001
0030
000d
ffe5
fff7
ffef
fffd
0014
0003
fffa
0019
ffcc
ffea
fffa
0030
0003
0036
0010
ffed
ff7a
0028
0013
0043
ffb8
0023
ffea
000f
ffc2
000b
0005
0011
ff8b
0013
0006
0049
fffa
ffe0
0015
fff6
001a
ffd2
0001
0037
0000
fff8
ffbb
0007
fffb
0016
001e
000c
ff95
000b
0051
003c
ffe9
0006
0004
ffda
ffcb
0000
000e
0038
ff92
fff1
ffe0
0036
0013
ffee
0023
fff4
0020
ffca
0024
0044
0016
0005
ffae
fffb
ffdd
001d
0008
0005
ffea
000c
0020
fff5
ffdf
fff5
0005
0006
ffde
0004
001c
0034
ff8c
ffe4
ffde
0026
ffde
0000
fff2
ffdf
ffdf
ff9c
fff2
0064
000e
0050
ff62
fff9
ffa9
ffdd
0029
0015
fff8
fff6
000d
0008
000e
ffe3
ff94
0031
fff8
0051
0016
000e
ffd0
ffe3
001e
0009
ffe9
ffd7
ffe4
ffd7
fff3
ffc5
ff89
0032
ffd2
000b
ff5f
ffb8
ffc7
ffe1
ffc7
0028
0002
ffdb
fffe
001b
001c
0014
ffac
0032
ffe5
002a
0030
0023
ffe9
ffcf
0002
ffbf
ffec
ffff
ffda
000a
ffdb
fffa
ff9d
fff1
0000
ffe7
ff56
ffb7
ffb8
ffc6
ffec
0011
0024
0003
fffc
ffe0
0043
fff8
ffd2
0043
ffa5
0037
002d
005d
ffd5
fffe
fff3
0000
ffb9
ffe9
ffee
0005
fff8
ffd9
ffea
ffd7
0004
0015
ff9c
0007
ffc2
ffed
ffff
fffe
ffdb
003f
fffd
ffd2
0029
ffed
ffe3
0001
ffb5
0020
0019
0061
ffdf
0027
0037
ffde
fff0
ffed
ffed
0021
fff8
002d
0030
ffe6
0011
0014
ffc1
ff7b
ffc5
ffd1
ffdc
0027
001a
004d
0029
ffc7
002c
ffc0
ffe6
0025
ffc8
0023
fffe
0063
000e
fffb
000e
ffdc
fff3
0019
ffe9
003c
0008
fff7
0031
ffd3
0023
fff4
ffbd
ffb4
fffb
ffcb
fff8
000b
ffe5
004a
000e
ffe9
0049
ffce
0001
ffe9
0008
0000
fff2
0047
fff9
001a
0001
001c
ffec
003b
fff3
0006
001f
ffec
005b
ffb4
0010
0000
ff9c
ffc5
ffca
ffea
ffea
000e
fffd
0056
0026
ffd1
001e
ffe3
fff5
ffe8
0012
ffc5
fff0
003a
0007
fff9
ffd9
004b
ffae
0012
0023
ffe0
0046
0008
0053
ffb6
0003
0034
ff61
ffc9
ffcb
0019
ffe1
000d
fff6
004b
0006
ffe5
0005
0016
ff95
ffef
0016
ffbd
0004
0022
fff4
001f
ffc3
0046
ffd4
ffd1
ffdd
ffe4
001e
fff0
0044
ffd3
fffa
0019
ff5f
fff9
ffde
0048
fff0
0023
0007
0031
002a
fff7
ffe9
002a
ffc8
0016
ffef
fff3
0004
0029
ffde
ffd9
ffe5
003f
ffde
fffc
ffff
000c
0024
ffe0
0036
000e
fff4
003f
ff7f
002f
ffbd
003f
0009
001e
000d
fff9
0006
fffc
0014
002c
ffa9
001d
0037
0028
fffe
ffff
ffd2
0009
ffeb
0015
ff9e
0018
0015
0007
003b
0003
ffe7
0014
ffe2
0048
ff9c
0000
ffc6
003f
000e
0035
ffe5
fff7
fff4
0023
fff4
0033
ffa5
001e
003a
0034
001b
fff5
ffec
fff3
fff9
0030
ffab
fff2
000a
ffc9
0013
fffe
fff2
0009
ffda
0040
ffc4
0011
ffba
0025
0010
0014
ffdf
0012
0009
000a
ffd9
003b
ffba
0004
001d
0021
0013
ffe6
ffe6
fff3
0008
0031
ffb5
ffef
ffec
ffdc
001a
0001
fffa
0011
ffd9
0041
fffa
0023
ffd2
0018
0001
fffe
ffe4
ffe6
0000
001c
000d
001f
ffcd
fff7
000f
0012
0005
ffdd
fff4
0007
001e
001e
ffe4
ffee
fffd
ffe2
0007
fff1
0022
0003
0002
0002
0007
0024
fffd
000d
fff9
0007
fff7
fff3
fffc
0020
fff0
0017
ffef
0014
fff3
fff0
0003
ffe4
fff6
fff1
000f
001b
0004
000e
ffff
fff1
000b
fffe
fffb
0015
fffe
fff6
000f
0000
0001
0001
0002
fffb
0007
ffff
0001
0014
000b
0003
ffed
0003
fffb
fffc
fff9
000b
000c
0004
0002
0003
0000
0001
fff2
fff7
fffc
ffff
000b
ffff
0000
000a
0002
0000
fff7
000b
fff5
ffff
fffe
fff0
0000
fffa
0005
fffe
0006
0006
fffb
0003
fff8
0003
0005
0007
0009
000c
fffd
000a
fffa
fff9
0005
ffff
0006
000a
0003
fff2
fff3
fff3
0001
0006
000e
fffc
fffa
0008
0008
fff4
0002
0001
fff5
0004
0000
fff8
0000
fffa
0011
ffff
ffe8
000d
fff8
0000
0002
0002
0012
ffff
fff7
0001
fffe
0009
fffe
fff9
0001
ffe9
0018
0000
fffa
fffd
0005
fffa
000a
0002
000b
fffe
0015
fffe
fff6
ffff
fffa
fffc
0004
0004
fff5
fffc
0008
fff8
ffff
0005
0007
000b
0007
fffd
fff7
fffc
000c
fffc
0001
0008
0002
0004
0001
fffd
fff8
fff5
ffff
fffa
fff0
0009
fffb
0002
fff3
0000
0007
fff4
fff5
fffc
000c
000a
fff9
fff9
0003
fffb
fffc
0006
fffa
fffb
fff9
0000
0009
0009
0001
0005
fffb
fff2
ffe8
fff3
ffff
0005
0004
fffa
fffc
0008
0003
ffed
ffe8
fffa
0016
000b
fff5
000c
fff2
001b
000a
0006
ffff
001e
fff6
fffc
fffd
fffd
0023
ffed
000e
0012
000a
ffee
fff9
ffe8
0000
0010
0004
000e
0000
fff8
ffd0
fffb
0002
fffd
002d
0011
fff2
0020
0027
fff0
0012
fff9
ffee
fffa
0002
fff8
fff4
0039
001a
fff8
fffd
000a
0012
ffc6
fff1
ffe9
001b
0002
000b
fffa
0002
fff0
ffcb
ffee
000d
001b
003a
0007
0001
0008
0001
ffe7
0046
ffc9
0014
ffe0
000a
0016
fff8
0045
000a
ffcf
ffd6
001b
0008
ffbb
ffe4
ffd8
0033
ffdf
0009
ffcd
0009
ffed
ffa2
ffe9
000b
fffa
006c
ffee
fff8
ffe7
fff6
000d
003b
ffcc
0013
ffce
fff6
0006
fffa
0042
fff2
fff5
ffd5
002c
001b
ffc6
ffd7
fffb
0052
ffdc
ffe6
ffdb
000f
000f
ff9f
fff3
001d
ffe8
0068
ffed
ffe0
ffe3
000e
0023
0022
fffd
ffca
ffd3
0010
0006
000a
002c
ffea
ffd6
ffb7
0046
0013
ffca
ffa2
fff6
003c
ffe4
ffdc
ffff
0018
ffd9
ffc5
0028
002a
ffc7
0006
ffee
0005
0010
fff0
0007
fff8
001b
ffc4
fffe
0020
0027
000b
ffd9
0023
0004
ff8d
004b
fff9
0009
ffe3
ffd7
fffc
ffe1
0031
000a
001e
ffd7
fff3
001e
ffea
ffdb
ffcd
ffdf
fff8
ffd7
001e
ffe9
0026
0016
ffcf
001e
ffab
0006
fff5
fff9
0028
fff8
ff9b
0060
002c
001b
ffe4
ffcd
0004
fffb
0022
0021
0035
ffed
fff1
0005
fff3
ffe9
0011
0001
ffec
fff1
0027
ffcc
000a
004a
ffae
0007
ffb4
0036
000d
0000
0049
003e
ff96
0088
002a
0023
ffcf
ffe3
0018
fff3
ffe6
0021
0034
fff1
ffda
0008
002c
ffc8
ffe4
000d
ffe5
0000
ffe6
fff8
ffee
0083
ffc4
0003
ff7c
0025
ffce
fff4
0026
0037
ff93
009a
0010
0023
fff4
fffd
ffff
0006
0000
003c
001a
0021
ffe0
ffe2
0038
ffd1
ffbd
003d
0010
fff1
ffca
fff2
ffd7
0030
ffca
ffea
ff87
002e
ffb7
ffcf
0006
000e
ff68
007d
0006
0021
0005
ffff
fff3
ffe3
ffd7
fff7
fffd
005c
0023
0006
0003
ffd5
ffc7
0017
0035
0016
ffe1
002c
ffdb
0009
fff6
0011
ff4a
0036
ffe6
fff3
0017
ffec
ffc5
0053
ffbe
fff0
0032
ffe6
0017
0027
ffd7
0039
001c
004a
0010
0026
fff2
ffd1
ffbd
0007
ffe9
0031
ffe0
0008
ffd0
002b
ffd0
ffe2
ff98
fffb
ffe4
ffd4
ffe6
002c
ffb6
0028
ffda
fff3
0038
ffff
0004
003f
ffc2
0064
0035
002e
ffe6
0026
0002
ffd5
ffa4
001c
ffe7
0005
0024
ffe6
0000
ffe6
fff6
ffc4
ffb6
0000
ffb4
ffe0
fff0
fff2
ffb1
0079
001c
ffe9
0006
ffb7
0006
0021
ffc7
0027
001f
0042
ffe1
0018
001f
ffd6
ffb6
000b
fff5
0011
0019
fffd
0011
ffe3
000e
ffc2
ffa3
ffef
ffa9
ffbf
0000
001c
ffdc
005c
000d
ffff
0007
ffbf
ffff
ffd6
fffd
fff0
0003
0031
0017
0018
ffe5
ffe1
ffba
002b
0008
0019
000e
fff4
0050
ffc5
0001
000c
ffb7
ffde
ffbb
ffc9
ffee
000e
fff8
0063
0017
fff6
fff5
ffbc
ffd7
ffd1
fff3
ffc0
ffd2
0039
0001
0021
ffe4
fff0
ffa9
fff5
ffd0
0031
001b
000c
007a
ffe4
ffe6
0019
ff9c
ffdd
ffde
0029
ffe3
ffe1
ffea
004d
0014
0012
ffde
fff8
ffa0
fffb
0013
ffff
ffdc
0027
fff2
fff5
ffe0
fff1
ffc5
ffea
fffb
0015
004a
0009
0041
fffb
0006
0044
ff81
fff5
ffe1
fff8
fffb
ffeb
ffed
0010
000d
fffd
fff7
0014
ff97
0030
0026
0028
fffc
fff8
ffd4
fff0
ffb9
ffde
ffcd
002f
ffff
0025
006b
0009
0025
fffc
ffe9
003d
ff8f
fffc
ffee
0030
0001
fffd
0015
ffcd
ffec
0014
0000
002a
ffbd
0018
0044
0023
fffb
fffb
ffdf
fffb
ffb7
0006
ffd9
000c
ffff
fff4
0023
000b
fffd
0010
ffd3
005d
ffc5
0018
0003
002e
0009
0013
ffee
ffdb
ffef
0027
fff7
0037
ffad
0012
002c
0023
fffb
fff2
ffe7
0019
ffca
002b
ffe2
fff8
fff0
fff3
0014
0006
0009
fff6
ffdd
003c
000d
0014
fffa
002c
0016
0004
ffe0
ffef
fff1
0010
fffa
0042
ffbe
000c
0014
0013
fffd
ffeb
ffd8
0012
ffe1
000b
0002
ffed
fff8
ffff
000b
0011
0002
0006
ffe5
0031
0008
0031
ffdf
0010
0008
fff8
ffda
fff6
ffe6
0016
fff6
0009
ffdd
0010
0008
000a
fff2
fff4
fff5
0020
fff5
0011
ffe8
fffb
fffc
ffeb
0022
0005
fff1
0003
fffb
0005
0020
0015
ffff
000c
0007
ffee
ffe4
ffef
fffb
000e
0001
0014
fff8
0005
fffc
ffff
fffe
fff0
fffb
0015
fff7
000d
fff1
ffee
fffa
ffee
fff8
0010
0007
0001
fffb
0009
fff7
fffe
ffff
fff6
0003
000a
0009
fffe
0009
fff9
0003
fffd
fff7
0002
0008
0002
fffb
fffe
0000
fff2
fffb
000b
fffc
fffd
fff8
0018
fff8
fff3
0004
0000
fff9
ffff
0006
000a
0007
fffc
fffb
0011
fff7
ffee
0002
fffe
0000
fff7
fff8
fff7
0000
0005
0007
fffe
fff5
fffe
000a
0007
ffe8
fffb
fffe
0010
fff2
ffff
000e
fff6
0000
fffd
fffa
0004
fffb
0010
0012
0007
0005
ffff
fff3
0007
0003
0009
0001
fffe
0006
0000
ffff
0006
0008
0001
000b
0009
0002
0007
fff2
0005
0014
fffa
fffc
000f
fffd
fff9
0000
0005
fff7
0000
fffd
0005
0009
ffff
0003
0009
0001
0013
fff2
fff6
ffff
fffa
000b
fffe
0008
000d
fff7
fff8
000b
fffa
ffff
fff6
0008
fff4
ffe9
0007
fff7
0011
0003
fffd
fff1
0002
fff6
ffff
fff3
000a
fff2
fffa
ffff
fff1
fffe
0009
fffd
0008
fff8
fff6
fffa
0000
0006
fff6
0003
0001
fffa
fffd
0005
fff8
0006
000c
0001
0006
0010
0007
fffb
0003
000b
0004
fffe
0007
fffc
0017
fff9
fff1
0001
fff0
fff8
0003
fff7
0015
fffb
fff4
ffff
fff2
0008
000f
fff5
000c
ffff
0006
0018
0003
fffb
0004
fffd
ffef
fff5
fff0
0014
0001
fffc
000e
0000
fffa
fff5
ffe8
0005
0009
fffc
0007
000b
0000
0005
fff8
0013
ffed
001a
0007
ffd6
0010
fffd
fff8
001f
0012
fff9
fff0
0019
0005
0008
001c
000e
fff8
ffeb
0005
0013
ffe6
0003
ffee
fff5
000a
fffe
0006
fffe
fff3
ffe1
fff3
0003
ffd8
005b
0011
ffdc
0022
fffa
ffe2
003d
fffa
ffe3
ffdc
0049
000f
0037
0022
ffe9
ffeb
ffef
fff9
0004
ffd7
fff0
ffe4
0051
fff9
ffe9
ffeb
ffe1
ffd2
ffc2
ffec
000c
ffc4
009b
0020
ffd8
0020
fff9
ffdf
0031
ffee
fff5
ffd1
0056
0012
0034
001f
ffd3
ffe3
fff6
fff3
fffb
ffbb
ffee
ffe2
006a
fffe
0012
fffa
fff6
fffd
ffb7
0000
fffd
ff9a
00a7
001c
ffdf
0036
0010
ffe1
000e
0000
ffec
fff7
0035
001c
001e
003a
fffa
ffc7
ffd2
fff3
0001
ff93
ffcf
ffc4
005c
fff5
0023
0010
fff2
fff2
ffad
001f
ffca
ffd2
0045
000d
fff8
001f
0012
ffc2
ffe7
0025
ffbe
0013
002a
002e
fff7
0000
0006
000f
ff9d
0010
000c
ffc1
ffe6
ffc7
0040
0006
001c
000b
0009
ffe8
ffd1
0040
fff1
ffae
0031
0007
ffd0
0031
fff7
ffb2
ffdf
ffff
ffe6
0004
ffd1
0008
ffd0
fff6
0051
0042
ffb3
002f
0024
ffb9
0010
ffb7
003b
fff9
0026
000d
0043
000e
ffa4
002d
000f
ff7f
006f
0001
ffc4
0047
fff1
ffc0
ffe0
001b
ffe9
0008
fffa
001a
fffa
fff9
004e
0003
ffda
0038
0023
ffd0
0023
ffb0
0030
002a
004a
0037
001e
ffec
ffab
0034
0001
ff81
0026
0015
fff2
001c
ffff
ffd5
ffef
0027
ffbb
ffef
ffdb
0009
ffd4
0003
0033
000a
ffb4
0047
003a
ffcf
0015
ffd1
0002
0030
0035
004b
fffd
000a
ffb2
0003
ffdf
ffa1
000a
0006
fff0
0011
ffed
fff5
ffd2
003f
ff9b
ffdc
ffed
002d
ffc5
001a
0014
fff5
ff91
0030
002d
ffcd
0035
fffd
0000
002d
0042
0057
0022
0042
ffa3
0013
fff3
ffb6
ffff
0023
ffc8
fffa
0002
ffd3
ffda
0049
ffc8
ffc2
ff99
002a
ffb1
0011
0008
ffe5
ffaa
0058
fff2
ffd1
002c
fff2
0026
0041
fffe
0066
003f
001b
ffa3
fff7
002a
ffab
000b
002f
ffdd
0006
000d
ffe8
ffd7
0060
ffb7
ffd5
ffa3
0012
ff9f
fff0
ffff
ffea
ffcf
0065
fffd
ffcc
fffa
fff6
0006
005e
fff9
0052
0013
003c
ffc6
0009
002c
ffb8
fffc
0057
fff2
001f
0026
0008
ffd2
0057
ffc1
ffcf
ffdc
0043
ffa1
ffa8
000e
fff2
ffcb
004c
0010
fff9
0004
fff4
001d
0047
ffeb
0064
0008
0044
0001
ffee
ffff
ffcd
ffe9
005e
ffff
0037
0013
0035
0000
0054
ffd4
001e
ffa7
003a
ff81
ff94
fff7
fffc
ffe5
0029
0029
001d
0032
ffd1
000e
0017
fffe
0058
fffd
0042
fff9
ffc8
fff0
ffe9
ffcd
0044
fff0
0028
001a
0001
0016
0009
ffdd
0013
0013
0039
ffac
ffa8
0006
0009
ffcf
0035
000e
0018
002b
ffeb
002d
0003
000d
0026
ffe4
004e
ffe4
003a
fffd
ffe9
ffa3
002e
000e
0025
0041
0029
0015
fff6
ffe5
0024
ffe8
0010
ffd1
ff98
fff2
0025
ffe3
0029
0007
002b
001a
0009
0002
fff5
0016
fff8
0013
002a
ffeb
fff2
ffda
ffdd
ffd9
0027
0029
0012
004d
003e
fff4
0015
ffe9
0024
ffea
fff1
ffe8
ff9a
0009
000c
fff5
0004
0005
003e
0010
0005
ffe3
001c
0047
0001
fff2
0017
0010
0018
ffb4
fffb
ffda
0014
fff8
001a
0041
ffee
fff5
000c
ffe3
0030
fff5
001d
fff4
ffe7
0026
fffa
fff0
ffab
ffd7
001e
0029
0013
fff5
0011
0037
0006
ffed
fff7
0011
0037
ffa6
fffc
000b
0021
ffda
0012
000b
fff5
fff3
000b
fff3
0026
0017
001d
0007
0022
000f
fffc
ffde
ffb9
ffd5
000c
000f
0012
ffe6
0011
002a
fffe
ffe9
ffe8
000e
003f
ffc6
fff6
ffee
000d
ffff
0001
0017
fff9
0000
fff4
ffe2
002f
0018
0001
0009
0010
000a
0005
0002
fff7
ffec
000d
0007
0022
ffea
fff2
0026
0008
fff3
ffed
ffee
0018
ffcd
fff9
000b
0009
0003
0004
fff5
0000
0002
fffc
fffc
0022
000d
000d
ffec
0009
fffc
000a
ffe5
fff2
ffe2
001c
fffa
ffea
ffea
0003
0013
0003
fffd
ffee
fff5
000d
fff6
000d
fffa
ffff
0008
ffe9
0007
ffdf
0010
fff8
0001
0009
0015
0014
fff6
000a
000a
fff3
0001
fff7
fffc
fffa
0003
0019
ffef
fff3
fffa
ffec
001a
fff5
ffff
fff3
0007
000b
fff7
000b
ffff
0000
0014
fff5
0022
000d
0007
fffd
fff2
fff0
fff6
fffc
fffc
0016
fffd
fff7
fffb
0003
0010
0014
fff7
000f
000d
0002
fffe
0009
fffb
000a
000a
0005
0006
fff7
fff7
fffd
0007
fff5
fff2
ffef
fff1
fffe
fff9
0005
000b
0012
fffa
000d
0006
0001
0004
ffec
ffff
fff5
fffe
0002
000c
000b
0000
ffff
fff5
0001
fffc
0009
000f
fffc
0007
ffe5
000a
fffe
000f
0004
fffd
fff6
0000
fff4
0007
0005
fffd
000e
fffe
fffe
ffea
0005
0001
fffc
fffd
0001
fffd
fff2
fffa
0003
0007
fffc
0001
fff8
000b
0008
ffff
0004
ffe5
0005
0002
fffc
ffee
0008
fffc
0009
000c
0005
0000
fffa
fff6
fffe
ffef
fffc
fffe
0004
0007
0006
ffe8
fffa
fff3
0000
ffef
0006
0016
ffff
000f
0005
000e
0001
0009
fff5
ffff
0009
0007
ffff
fff9
fff6
fffc
0002
0001
ffff
0002
0000
0001
fff8
0002
fff8
fff8
ffff
000c
0004
fff5
fff7
0002
0002
fff9
0013
0000
fffe
ffea
fff5
0001
0006
0006
fffc
fff5
0005
0004
fff9
0007
fff5
0005
fff8
fffb
fff6
fffa
fff6
fffc
fff3
000f
000c
0000
ffff
fff6
fff4
0007
fff4
fffa
0003
fff6
fffc
fff4
0005
fff8
fffa
000b
0010
fff8
fff5
0002
0002
fffd
0008
0004
0012
000a
0000
0003
000e
fffc
0011
0005
ffff
0004
0007
0007
000b
fffe
0002
fff9
fffe
0014
000e
fffc
001b
ffff
fff9
fffa
000d
fffc
fff8
0008
0002
000c
000a
fff1
0007
fffb
fff7
0006
0003
fffa
0003
0013
0008
fffa
ffeb
fffd
0002
fffe
fffb
0002
ffee
0032
0005
fff9
0003
fff0
fffc
fffc
0009
ffe4
0002
0017
0007
001b
0015
0001
fffc
fff7
fffd
fffd
ffff
fffc
fffe
0018
fffc
fffd
0006
ffe6
ffe5
0008
000c
fffb
ffdf
003a
001d
fff0
fffd
ffee
ffd6
0003
0001
ffe4
0001
0036
001d
0017
0015
0002
ffeb
ffeb
ffe9
0001
fffb
fff8
fff7
001f
000c
000d
ffff
ffea
fff9
fff7
003a
ffef
ffc9
0050
001b
ffdb
0021
000a
ffd2
ffeb
0015
ffd5
fffd
003a
0039
0019
000a
0005
ffe6
ffb7
fff4
000b
ffd1
0005
fff6
003b
0001
0016
001b
fff0
fff9
ffe0
0048
000b
ffb3
0073
0024
ffe1
0006
0011
ffb5
fff0
000e
ffb3
fffd
005a
0051
001f
001b
0025
ffba
ff87
fff3
0010
ffdc
0011
ffef
0057
0006
0019
0007
fff6
ffe4
fff7
0059
0007
ffa8
0057
0055
ffd1
000a
003b
ffb3
fff9
000f
ffaa
fff8
0021
002e
ffe5
0031
0033
fff8
ffad
000a
0027
ffc4
0014
fff8
0071
0010
002b
0026
0010
0012
ffdc
0066
002e
ff8b
003e
0054
ffd4
0018
0046
ffb8
ffe4
0036
ffcd
0020
0008
0023
ffde
0011
0055
ffd7
ffa7
001b
ffe6
ffca
0008
fff5
004d
0026
003d
0035
fff0
002a
fff4
006b
0013
ffb0
0026
0069
ffc1
000b
003e
ff9f
ffe9
0047
ffc2
000c
0029
002d
fff7
0015
002f
ffed
ffbe
0028
0024
ffbd
0011
fff4
0042
0042
0015
0026
0000
0023
000b
003d
0027
ffb9
001b
0051
ffd6
0006
0064
ffc9
ffe5
0035
ffcb
000c
004c
0023
ffcf
001d
0055
ffed
ffbf
0031
0028
ffeb
fffc
ffff
0031
0035
003a
0028
0005
0027
ffe5
0045
002d
ff96
ffdd
0064
ffe1
0014
0057
ffe3
0004
0032
ffcc
000c
0034
0019
ffbf
0006
0029
0005
ffc8
0025
0020
ffed
001a
0022
002c
003a
0021
0012
001b
0015
ffe7
ffff
0059
ff90
0002
0059
ffe4
0009
003b
ffe2
ffc9
0035
ffbe
002f
0051
0030
fff4
0009
001b
ffc4
ffca
000a
fffa
fffa
0007
001b
003b
0018
0017
0026
ffea
001a
000a
0007
003d
ffa8
0008
004a
ffc8
fffc
004b
ffe1
ffc3
004d
ffbd
ffe9
0033
002e
ffe6
fff5
ffe0
0011
ffed
000c
0013
0007
0015
001a
005a
0025
000f
0039
fff9
0038
ffec
ffed
0020
ffcf
fff1
004d
ffc3
0006
0045
ffe5
ffb9
003e
ffcc
003e
0068
0031
ffc3
ffea
001f
ffdd
ffb4
fff3
001e
fffb
002e
000e
0048
0019
000b
0021
000e
0032
ffe4
0023
0027
ffd7
ffed
004e
ffea
0005
003e
ffe1
ffc5
000c
ffbe
000c
00a3
002c
ffdd
ffd3
0031
0009
ffbc
0012
0008
001d
0025
0008
0050
000a
0016
000c
0013
001c
ffed
0027
0010
ffdf
fff9
003f
ffc7
0004
003f
ffed
ffcf
0007
ffbf
ffed
005f
004e
0001
ffc7
0010
001e
ffb7
0016
0023
000f
0029
0012
0032
ffe8
ffec
0004
0003
001c
fffe
0024
fff0
ffea
fffe
0010
ffe5
0026
0035
fff9
ffb8
000d
ffbe
fffc
0046
0027
fff0
ffda
0023
ffff
ffd1
000a
0018
fffe
001c
0002
0020
000c
fff2
0014
0004
001d
000b
0019
ffdc
0014
fff9
0002
fffd
0014
0025
ffd1
ffe0
000c
ffcb
000a
0038
002c
fffb
ffed
0016
ffe7
ffd5
ffc9
ffe9
ffed
0015
0002
0011
0009
002c
000b
ffea
fffe
0001
0027
ffcd
0009
fff6
0002
ffde
0020
0011
ffd9
ffea
0007
ffe6
0017
0033
0018
000b
ffec
0007
fff3
ffd6
ffd8
ffe6
0007
0018
000f
ffed
000c
0032
0008
fffe
ffef
ffeb
0025
ffd4
fff5
0008
0005
ffec
0012
000a
ffec
fffd
fff0
fff8
0012
0010
0023
fff4
fff9
0001
0002
0002
fffb
fff0
ffe6
000c
fff2
fffd
0000
002b
000b
0000
fffc
ffe7
0005
fffa
0002
000e
0006
ffff
000a
0001
fff7
0002
fff4
0003
0008
0017
0008
000f
fff6
0005
0009
ffe5
fff5
fff5
0001
000f
000e
0002
0013
0013
ffff
fff1
ffeb
0005
fffd
fff6
ffff
fffd
0001
fffa
000f
fff8
fff8
fffe
fffd
0007
fff5
0015
0008
000f
fff7
fff9
0002
fffb
ffff
fffe
0009
0002
ffff
fffa
fffd
0009
fffa
0002
fffa
fff4
0000
fff7
000e
fffc
fffc
0006
fffc
0000
000d
0012
fff4
0009
fffb
ffff
0000
000b
fffb
0003
fff8
000d
0007
fffb
ffff
fffb
0005
fffa
000a
fffb
fffd
fffd
fffd
fff2
000f
fff8
0007
fffa
fff0
ffff
fff7
fff5
ffff
fffe
fffe
000b
0007
fff2
0003
0007
0004
0015
0003
0008
fff9
0010
000b
fff5
ffec
0006
fffa
fffa
fffd
0007
ffff
fffc
fffe
0006
fffc
0007
fffa
fff3
fff5
000b
fffd
0003
0004
0009
ffff
0007
ffff
0006
0002
0005
000a
fff7
fffb
fffc
000c
fffb
fff4
0008
fffe
fffd
fff8
fff7
fff5
0011
000a
fff7
000b
fffb
0008
0001
ffff
0000
fff2
0000
0002
0003
0002
0007
fffa
fffc
fffc
0007
0002
fffd
0008
0014
000c
fffc
0007
fff9
ffff
fffc
0001
ffff
fff7
0006
000f
0007
0005
fffe
0000
0000
0005
0013
fffe
fff2
0006
0012
0002
0003
fff6
fffa
0006
fff0
0000
0002
fff4
0000
0001
fffd
0001
ffff
fff1
fffb
0003
000c
0008
fffb
001b
fffd
fff6
fff6
000b
ffef
0006
fff8
000c
fff5
fff0
0005
fffa
fff6
0000
fff6
0008
fffa
fff7
ffef
0005
0004
0005
fff3
fffa
0008
0000
000c
0000
0004
fff9
fffe
0004
fffd
fff4
0002
fffe
fffe
fff6
ffeb
000e
fffd
0001
0005
fffd
fff7
fff8
000c
fffd
0003
fff9
000a
0008
fff2
fffd
000d
0001
0002
0007
fffd
fffb
000e
fff3
0001
ffff
0000
ffff
000e
0009
fff8
0007
000b
0005
0008
fffa
fffa
000f
000d
0002
0000
0002
fffc
fffd
fffc
fff4
fffc
0004
0005
000b
0007
fffc
0000
0003
0002
0003
fff7
0006
fffb
0003
0001
ffff
fff8
0011
0008
ffe7
ffed
ffff
fffa
0014
fffe
000b
0001
fffe
000e
0003
0002
fffc
fffc
ffee
fffc
0004
ffff
ffec
0000
fffc
fff7
fff0
ffff
0012
ffe9
fff8
000a
0004
fffc
0006
0002
fffe
0008
0009
fff2
0011
002c
000c
0011
000b
0012
fffd
ffe3
ffec
000c
0006
0009
0017
fff4
0000
0027
fffc
0004
fffe
0000
0014
ffd8
0004
001d
0002
0002
0009
fff7
ffe6
fff7
000b
fffd
000e
0023
0020
0019
fffa
0004
0004
ffe7
ffe3
0012
0006
fffd
0012
000d
000b
0005
fffe
fff0
ffff
0010
0012
fff5
fff7
0016
001e
0000
ffdc
fffc
ffea
fff2
ffff
fff3
0014
0036
001d
0016
fffc
fff8
ffff
ffec
fff8
0000
fff9
0002
001f
0012
0005
0002
0009
fff7
0009
0013
0027
0011
fff3
001f
0027
fff4
ffec
0004
ffde
fff0
0001
ffe4
001f
0048
001c
0014
ffee
fffa
fff1
ffa1
ffd1
000d
0006
000a
001c
000f
0003
000c
0005
ffeb
0013
0001
0035
0018
0000
0016
0017
0000
ffff
fff7
ffea
ffda
000c
ffec
0039
005e
0034
0023
ffea
0038
ffe3
ff8e
ffd5
0004
0012
0016
0036
fff6
000b
000b
000b
ffdf
0011
0019
0047
fff7
fff3
0004
0007
fff5
ffec
0010
ffd7
ffd0
0015
ffde
0014
0076
002c
001e
ffdb
002a
ffec
ffb6
fff4
0035
0017
001e
0036
ffe8
000b
fffd
000a
000e
0030
0013
0054
0007
fff2
0008
0011
ffe3
0003
000d
ffe3
ffd2
0013
ffe4
0032
006d
004a
000f
fffa
0032
fff7
ff9a
ffdf
004d
001b
0032
0046
ffde
0002
0025
0021
ffed
0017
0016
0048
0001
ffe7
0025
0018
ffef
0015
0010
fff4
ffce
0014
ffe0
0039
0080
0058
002d
fffa
001e
ffed
ff97
fff6
0022
001b
0033
0047
ffd7
0008
002b
0018
fff3
001a
000d
004e
fffd
ffef
0034
0012
0002
fff8
ffff
ffcb
ffb0
0013
ffc4
003f
00b1
007c
004f
0001
001f
ffb5
ff80
ffee
0011
0033
002a
0054
000a
fff8
fffc
000f
ffde
fff7
000f
0093
0001
ffee
0020
0018
ffe8
0000
0009
ffe5
ffd6
001c
ffc2
0028
0064
0058
0025
fffb
0027
ffbb
ffac
fff6
0051
0012
0019
0034
0016
ffed
000c
fffe
ffef
0011
0008
0042
0017
ffe8
0014
0021
fff1
ffff
0025
ffe5
ffc2
000b
ffcf
000a
003f
004f
0019
0010
0025
ffd3
ffad
001b
002e
0004
0022
002b
fff4
0007
ffea
fffc
0013
fff8
0004
0041
003c
fff2
0017
001c
ffe5
0003
0013
fff1
ffe0
000d
ffdc
fff4
0044
0035
0012
fff3
0006
ffda
ffa6
001d
fff0
001c
001c
0013
000f
fff4
fff6
ffef
ffee
fff1
0001
004c
001a
0002
0012
0011
ffef
fff9
0005
ffe9
ffdf
ffec
ffce
fff8
0041
004f
0011
fff8
fffd
ffce
ffaf
0017
001c
fffc
001a
002c
fff4
000e
ffe3
000a
ffe9
0006
000c
003d
002b
fffa
0013
0007
fff5
0000
000a
ffe2
ffd8
ffe4
ffe0
ffd5
0028
0041
fffe
0008
0000
ffd7
ffbc
0016
0015
0005
0012
000c
fffb
fffa
ffe6
0011
fff1
ffe8
0000
0024
0000
fffa
0001
fff6
ffe0
0010
fffe
ffde
ffe8
000c
ffeb
fff1
002b
003c
0001
fffd
0006
ffd4
ffe3
fff5
0003
ffea
fffd
0004
ffef
0004
0006
fff6
0000
ffe7
fff6
000f
fffd
ffe6
ffff
ffff
0001
0011
000a
fffd
fff5
fffd
ffe8
fff1
0014
0029
000b
fff6
fffe
ffe3
fffd
ffec
0001
000c
0014
000e
000c
fff4
0017
000d
ffe8
fff3
fff9
0020
fff9
fffc
000e
000a
fff8
fffc
ffff
fff1
0001
fff5
ffee
0008
000b
0014
000f
fffb
0002
0009
0004
fff6
0002
0017
0005
0004
0002
fffd
0004
fff6
0007
fffd
fffa
fffb
fff4
000c
000b
ffec
0009
0003
fff0
0008
0002
fffe
fff8
000d
ffea
fffb
0016
fff9
fff6
fffd
fffe
0009
fff2
fff9
fff9
0011
0008
000c
fff1
fff8
0007
fff4
fffc
ffff
0000
fff4
fffd
fff6
0004
000b
000d
0012
fffd
0003
0010
ffe6
0004
fff6
0002
fffd
ffff
fffe
0006
ffff
0007
ffff
fffd
0006
0006
fffb
0005
0007
0003
fffa
fff2
000a
fffc
fffd
fffd
fff3
0002
fffd
0012
0001
fffd
0003
fff9
fffd
fffc
000c
fff6
000a
0018
ffff
0000
fffb
0004
0004
fffb
0006
0005
fffd
0006
0000
0005
fffc
0000
ffff
0001
fff8
fffa
fffd
001a
000a
0001
0006
fffa
0001
fff2
fff8
0000
fffe
0001
0004
fff7
0002
0005
0008
fff1
000a
fffb
000c
000d
fffb
0009
0006
0001
fff5
fffe
fffd
fffa
ffff
000a
0008
fff5
fffb
fffd
ffff
ffe7
0012
ffff
0000
000e
0003
fff3
ffef
0015
fff9
fffe
fffe
0010
0009
0001
000b
0006
fffa
fffb
000b
000d
0011
0004
0008
fffb
0005
0004
0001
0000
0001
0005
fffb
0004
fff9
0012
0000
0005
0002
0015
fffc
fff0
fffa
0002
0002
ffed
0009
fff8
fffa
0003
0008
fffd
ffff
fff7
fff4
fff9
0013
ffff
0008
fffd
fffe
fff3
0002
fffc
fff3
0008
fffd
fff5
fff8
0004
fffa
ffeb
0010
fff2
0005
0005
000d
fffb
fffc
000b
000a
000a
0002
0001
0002
000e
fff8
fff7
000a
0001
fffc
0003
0004
0009
0004
0003
001c
ffff
fff1
fffe
0001
0004
0002
0008
0004
0006
fffd
0006
0003
fffd
fffe
000e
0004
fffe
fffa
0001
fff3
0006
fff2
fff9
fff1
000a
ffe6
ffee
ffff
0001
fffb
0009
0007
0006
0007
fffd
0000
000e
000b
0005
fffc
000b
fffe
fff6
0003
0014
0019
ffff
0006
fff5
000b
0009
fff3
0001
0005
0006
ffff
0001
0012
fffe
0008
0006
fffc
fffb
fffa
0001
000e
fffb
fffa
ffff
fffd
fffc
000f
000d
fffa
0011
0011
fff4
000a
0005
0006
fffc
fff4
0000
000b
fff5
0004
0002
ffef
0008
fff7
ffec
000d
0001
0010
fff7
fffa
fff6
fff3
0002
fffc
0009
0002
0009
000e
0006
0006
0000
fffc
fff9
0009
000b
fffc
000f
0006
fff5
000a
fffc
0012
0003
0003
fff1
000b
0010
fff9
0005
0006
fffd
fffc
fffa
0003
0000
0009
000a
ffee
fffd
ffff
0009
ffff
0008
fffb
fff9
0004
fff4
0002
fffe
fff8
fffd
000a
fff4
001c
fffd
0000
000c
000b
fff9
0010
0008
0002
fff3
fff8
fffd
fffa
fff9
0007
fff4
0001
0002
fffc
fffd
fff6
0000
0002
fffb
fffb
fffe
0008
fff5
0009
000a
0003
0007
0001
fffa
fffa
fff5
0006
0006
ffff
fff9
fffd
fffb
fff6
fffd
0001
fff4
000d
000f
fff7
fff2
ffef
000a
fffb
fff9
0009
fffa
0003
0006
000c
0003
000e
0004
ffff
0001
0002
ffff
fff8
0005
fff2
0004
fffa
fffd
fff5
0005
fff9
ffff
fffd
ffe9
0003
0003
fff7
fffe
fffd
0000
0010
0002
fff9
0000
fff3
ffec
0008
0000
0010
0006
0007
0007
000d
fff7
0008
0000
ffed
0004
0003
fffc
0002
0007
fffe
fff0
000f
fffa
ffd9
fffd
0004
0009
0002
fffa
0009
fff2
fffb
0016
000c
0005
0006
0003
0005
fff2
ffe7
0004
ffff
0002
000e
0000
0000
0008
fff7
ffeb
fff8
fffc
ffed
fff3
0002
fff5
fff8
000c
000d
0008
fff4
000b
fff3
fff6
fff6
000e
0019
ffff
0004
fff5
fffa
fff0
0001
000a
0007
000b
0009
fffd
fff8
fffb
fffc
fff5
fffd
0004
0003
ffe6
fff1
fff6
000f
0001
fff7
000a
0007
0009
0006
fff6
0000
000b
0006
0003
0004
0003
fff9
0008
fff3
fffb
000d
ffff
0004
fff9
ffee
0009
0008
fff6
0007
0007
fff9
fffc
fff8
fff0
fffc
0000
000d
0018
fffb
fff7
0000
fff8
fff0
0004
0007
0005
fffb
fffb
0005
ffec
fff8
fff7
fffd
0006
0009
000e
0003
0015
0007
fff9
000b
0000
fffc
ffdd
0001
fff9
ffec
001f
0015
000a
ffeb
fffe
fff5
ffea
fff7
fffd
000a
000b
0015
0005
0005
fff1
0003
fff5
0006
0003
001b
0004
fffb
0009
0010
fffe
0003
fffd
fff7
fffb
0010
fff2
fffe
0026
fff3
000a
0001
0010
ffed
fffe
fff8
ffe6
ffff
0003
0005
0010
ffff
0002
ffef
fffc
0001
0001
0005
fff9
0002
0015
0004
0003
fffe
ffff
ffff
fff8
fff9
0003
fff9
0009
fff0
0004
000e
0009
fff8
0001
0005
000c
fff9
fff7
000c
000c
0004
ffe8
000c
000d
000c
fff6
fffe
fffb
0005
0004
0003
0005
ffff
0002
0007
0003
000c
fffb
fff9
0004
0006
000c
0006
0002
fffb
fffa
0010
fffa
0007
0001
0012
0007
0005
fffa
0001
fffe
0009
0009
0000
001c
0006
fff4
fff7
fffe
fffe
000c
fff5
0011
0003
0010
fff0
000e
ffec
fff8
fffa
fffd
0003
fff2
000c
0003
ffff
0011
0001
0001
fff9
ffef
fff6
0004
ffef
fff3
0006
0010
fffc
0000
0008
fff5
000a
0003
ffee
fff8
0002
0012
ffec
0009
fffa
fffa
fffa
fff8
fff3
fff4
000d
000a
0005
001a
000e
000e
0004
ffee
0002
ffe4
000e
000a
ffff
0011
0000
fffd
0003
fffd
fff9
0008
0012
ffee
0002
000b
fff3
0004
0003
fff6
ffef
0000
fff7
000b
fff3
0006
fffd
0000
0003
000d
0004
fff5
fffc
fffb
fffe
fff6
fff9
fffc
0005
0010
0018
0002
fff9
ffee
0000
0004
fff2
fffb
fff7
0006
fff8
000d
fff7
fffb
fffb
0008
fff9
0009
0006
fffe
0004
0007
000b
fffa
fffd
ffff
fff9
0001
fff9
0007
fffb
0012
0004
0002
000c
fff5
fff9
fffb
0003
0001
0008
fffd
fff8
0002
0009
ffff
0004
fffd
ffff
fff1
0005
fffc
0003
000a
0004
ffff
0004
0000
000c
fffd
fffa
0006
ffea
000c
fff4
fff6
000b
0008
fffc
0006
0008
0006
000d
0000
fff5
000a
fff1
000f
fff8
0006
0003
fffe
0001
0012
fff9
ffff
fff9
fff6
0003
fffd
fffa
0007
ffec
0003
0003
fff6
ffff
fff8
fff5
fffb
0010
000f
0003
0005
0002
0001
000d
0004
0007
0003
fff9
000a
fffd
ffeb
fffd
0007
fffa
000e
000c
000c
fff0
0012
0004
fff1
0002
0010
0007
0007
fffd
ffee
000d
fffa
fff6
fff9
0005
fffb
0000
fffc
0003
fffc
000c
fff7
fff9
fffa
fffa
000b
fffb
0004
0004
0006
0003
fff8
0006
0009
0008
fff8
000f
fffe
fff9
ffff
0002
0000
0003
0002
0011
fffd
fff7
0004
fff6
ffe8
000c
ffec
fffd
0004
fffc
fffb
0008
fff4
0000
fffa
0009
ffff
000c
0000
000f
0009
fff9
fff8
fffc
0013
0003
fffa
fff7
0000
000f
fffc
0003
fffd
0010
fffb
0005
fffc
fff5
0000
fff5
0013
0002
fff9
ffff
fffd
000b
fff6
0010
ffec
fff6
0016
0008
0006
0007
fffa
0009
0001
004e
ffd4
00e8
fec2
ffd1
0121
fedb
ff40
ffbf
ffd1
ff16
001a
ff5e
0050
ff85
ff7e
00ad
ffe9
ff68
002c
ffaf
007e
ff97
0090
ff4b
0052
ff95
0090
feeb
ff40
feff
0000
fe12
0291
03b3
fcd1
fd7c
00be
01fd
fdb3
fd0e
fe77
fdd8
fec6
fd8c
01c5
0137
fcbd
01fc
01a2
fc49
00f8
fbc9
00a6
fe05
008f
0026
0414
fb6c
01da
0106
ff0f
fd80
00e3
0164
fc2b
ff59
fd52
0204
ffc0
035b
fe47
0224
fd63
faae
01e8
0091
ffc1
016c
fbec
ff6c
0262
f9c3
ffdf
fff0
0006
ffd7
0412
0089
fe99
ff18
ff2d
0149
fdad
ff95
fe73
0150
fb19
ffed
fe3d
032b
fe0d
fd03
01f0
00f5
0363
0135
fbb1
ff0f
fee5
fd81
fd7c
0082
fa7b
ffdd
ffbe
ff79
015d
fdef
007d
001d
ff49
fe88
0202
00cc
fd93
00f2
fdfc
01fd
fe07
fdea
fc90
fe4e
004e
0016
0060
0034
fd1f
000a
fae7
007e
020d
fe3c
01b1
fd05
fe44
fbe2
fdc6
01a6
0306
fc55
0312
00ab
ffd1
00e2
fef8
fc41
fe87
fc04
fdd6
ffa0
03cf
fdcf
fecf
fdc7
fe00
02cb
fd91
fdf1
038f
fbcc
02c1
fdc1
00c2
04a3
0402
fee8
fdde
fcd1
00c3
fc02
fdee
0084
ff2a
ff00
014b
fc5f
0157
ffa0
fb1a
ff8d
00e3
fff5
ff90
fe1c
fc4c
023a
0307
fdc1
007d
fefe
fd0d
ffa0
fe24
0065
ff07
03f0
0094
0313
fdf7
fdcb
fc07
01b9
01a4
fd8b
0119
fcac
ff13
fc7d
00c2
00a3
fcd8
00f1
fecd
0030
ff94
fd44
00be
006b
00f4
fbf1
fb44
0117
fd52
019d
fa35
00cd
feb6
ff5b
0023
ff50
00bf
0122
fdb8
fc0b
fc92
fff5
036c
00c0
ffc7
fb71
00a6
0216
fdf9
0325
fc36
fe8c
fe0b
ffd8
0158
fbc8
ff86
fee0
0243
faa9
01b1
ffc6
0097
fdb7
0319
fecf
fea7
004b
fb60
0190
01a8
fe40
fd44
ff7c
fff0
011d
fd35
fbf8
0070
fef9
001f
0017
01c3
0056
fbe6
0173
01db
ffc2
fb1f
0069
012e
ffe5
fcf3
fe87
ff8d
021a
ff0a
025f
0000
fee3
fe28
fd3c
03fb
fff5
fe23
feb6
fdcf
ffd2
0004
fe7f
fe67
fbbb
fec1
03b0
feb4
032a
fbda
fe40
0108
feb5
fc79
0226
fe7c
fc5e
0142
0348
0132
fe8a
01dc
ffa2
fe52
fd6d
fdba
fe45
017f
0043
0365
004b
005e
01f0
01e1
fd06
0001
fc21
0134
fd89
fc80
ff3b
ff32
fede
fef1
ff65
ff74
fe9c
feeb
fe2d
ff03
