0001
ffff
0006
0001
fffb
0003
000c
0009
fffa
fff4
fffa
0000
ffeb
fffe
fff5
fff9
fffb
fffd
0004
000a
ffff
000c
fffa
0003
0008
0001
fff9
fff8
fffc
0002
fff7
fffe
ffff
0005
0002
0003
fffa
ffff
0007
000e
fff4
000e
000c
0007
0002
fffd
000d
0012
0010
000c
0003
fff5
0000
0006
fff4
0004
0004
0006
fff5
fffa
fffc
fff5
0010
fffb
0003
fffe
000e
000c
0006
ffec
0000
0006
0009
fffa
0011
fff4
fffa
0009
0000
0012
0002
fffa
fffd
fff6
fff4
0006
0005
000c
fff9
000f
fffd
000e
fffc
fff9
0002
0009
0001
fffb
fff4
fff3
0005
0009
fffe
fff6
0008
fff4
fff9
0006
ffeb
0004
fffb
0001
ffff
0002
0006
fff9
000d
0007
0008
000b
0007
0008
0001
fff3
ffff
fff9
fff3
0002
fffb
fff7
fff6
0002
0003
000c
0000
000a
000d
000b
ffea
000b
0003
0004
0003
0003
0003
fffd
ffef
ffff
fff9
000a
fffd
0001
fff8
fffb
0000
fff2
0003
ffff
fff5
ffea
0005
fffd
fffb
fffe
0011
0000
0001
fff2
000f
0008
000a
0000
0008
0003
0006
ffff
fff3
0009
ffee
fffe
fffe
fff6
0006
fffe
fffc
0005
fffc
000d
0003
fffc
ffee
fff4
000a
0000
fffd
000f
fff4
fffb
fffc
0005
fffa
fffa
fff1
0007
0007
fffc
0001
fff4
fffc
000d
0001
0015
fff9
0005
fffe
0005
0000
fffb
fff8
001c
ffff
ffee
fffa
0006
fffb
000c
0009
ffff
fffc
fff7
fffa
fff3
000b
000f
fff5
fff5
fff0
fff7
ffe4
fff6
000c
fffd
0008
fffc
0010
0002
fffd
0017
fffd
fff5
0002
0000
000a
fff8
0007
0008
fffa
0001
fff8
0015
fffa
fffc
fff6
fffd
0000
0007
fffa
fffe
fff3
fff8
0019
000a
fff9
fff4
fff7
0000
0000
fff9
fff4
000d
0004
fffd
fffe
fffb
ffe5
0001
fff6
fff7
fffa
0007
fff5
fff3
0006
0007
fff7
0005
fffd
0003
fff4
0008
000b
0006
0005
ffde
0002
0000
ffff
fffa
0001
0004
fffe
fffc
000b
fff6
0009
0002
fff9
fffd
fff8
0006
0003
fffb
fff6
0003
0009
ffff
0004
fffd
0001
fffd
0003
fff2
0006
fffe
0003
fffd
0003
fff6
000b
fff0
fff6
0002
000d
0003
fffe
fff3
fffe
0000
000f
0006
fff2
0013
fffc
fff8
000d
0000
fffd
0002
0008
0009
fff3
0012
0009
fffd
fff9
fff7
0001
fffa
fff9
0007
0003
fffc
0007
000d
fff6
fffa
0009
0007
0002
000b
fff6
fff2
fff8
0001
fffa
fffc
fff7
fffa
fff7
0003
0007
fffc
fffe
fffb
0005
0001
000f
fff6
0003
0004
fffd
0005
fff3
0013
fff4
0009
fff6
000a
fffc
0001
0000
000a
fffe
ffe4
fff9
0002
fffe
0007
0009
ffff
fff2
000d
000a
fffd
0013
fffd
fff6
ffff
000a
fff6
0011
fff8
0009
0005
ffff
000a
fff2
000d
0000
fffb
0007
000a
0007
0013
000c
000b
fffb
0001
0005
0000
0003
0004
0008
ffff
fffd
fff8
fff8
000b
ffff
0007
fff4
ffee
fff6
000b
000a
0003
fff9
ffff
fffd
fffd
ffe9
fff8
fffe
000e
0001
000d
fffc
fffe
ffdc
0004
0005
0010
fffc
0001
fffa
fff5
fff9
fffd
000c
0000
fff9
0001
0002
fffa
000a
ffef
fffe
0006
fff4
0003
000c
0004
fff1
fff9
000b
0003
0000
0004
0007
fffa
fffd
0001
fffb
ffff
000c
fff7
0012
0011
fff0
ffff
0003
fff9
fff9
fffe
0007
fffb
0011
0003
ffff
000d
0006
0003
fffd
0011
0007
fffe
fff2
0003
fff6
fff0
fffd
0003
000c
0003
0007
fff5
0000
0001
0008
0001
0007
fffb
0003
0004
fff5
0002
fffd
ffef
0009
fffd
fff8
fffd
0001
000e
fffe
0004
000d
0005
000a
fffc
0007
ffff
000a
fff7
fff9
000c
fffe
fffd
0001
fffa
000c
fff5
ffff
0003
ffff
fff9
fff8
0004
fff7
0006
fff2
fffb
0000
fff5
0006
0000
fff7
fff2
fff2
0000
fff5
fff4
fffe
0015
0003
0007
0002
0007
fff4
fffc
0002
0000
fffe
fffa
fffe
fff9
ffea
fff5
0004
000e
0011
0001
0008
0008
fffa
fff0
0000
fff0
fffd
0006
fff3
0000
000b
0003
0005
0008
0010
0001
000b
ffff
fffb
0003
fffa
fffb
fffa
ffeb
0001
fff4
ffff
000d
fffb
fffb
000c
0005
0009
fffd
0007
fffa
fffa
0005
fffb
0007
0016
fff1
fff9
000a
ffff
000b
fff7
0003
ffff
0001
0003
fff5
fff6
000d
0003
0001
0000
0003
fff5
fff7
000c
0001
0008
fffa
000d
0003
0004
0005
fff9
ffef
fff6
000f
000c
fffd
fffd
0009
fffe
fff4
000c
0004
ffe9
fffd
0001
0004
0001
fffa
ffff
0003
fffe
fffd
000b
fff7
fffd
ffed
0005
0008
0005
0008
0004
0003
0004
fffe
000b
fffd
fff3
0008
0011
fff7
ffff
fffa
fffd
0000
fff5
fffd
fff3
fffb
fff5
fff6
fff0
000b
0005
ffee
fffb
fffa
fffa
fff3
0007
fffc
0004
0005
000d
ffef
0010
000c
0005
0016
0002
0008
fff9
000a
0002
fffc
0013
fffd
0000
fffe
fff9
0005
0007
0003
ffea
0009
fffd
fff5
0006
0005
fff6
0017
fff5
fff0
fff5
000d
fffe
fffd
ffff
fffb
fffa
fffa
0006
0009
fff6
0002
0007
fff6
fffb
fff7
fff4
0001
fff9
0006
0000
0004
fffd
fffa
ffff
0000
fffa
0004
0007
0001
0010
fffa
0005
fffc
0002
fff8
000a
0002
000b
fff4
fffb
fff8
fffb
fffa
ffff
0000
0000
fffb
0002
0008
fff8
0000
ffff
0004
ffff
0000
fff7
0000
fff8
0005
ffff
0000
fff8
0007
0006
0008
0014
0000
000b
ffff
0004
0003
0002
0006
fffd
0000
0005
0010
fff8
ffef
fffc
0001
0002
0001
000b
0009
0000
fffc
fffd
fffd
fffe
fff2
fffc
fffc
fffe
fffe
0006
fffb
fffc
0005
fffe
0002
0006
0004
0002
fffe
0006
0002
fffb
ffff
fff5
fff7
ffef
fffa
000c
fffb
0007
0000
fffa
000c
0005
fff0
000a
fff6
fffe
0006
fffd
000a
0007
fff2
fffc
0003
fffb
fffe
0007
0003
fff8
0002
fffa
fff5
fff6
0003
0000
0000
fff6
fffe
fff7
fff8
fffe
fff3
0006
0017
0004
fff6
fffe
fff2
fffd
0005
0005
fff7
0003
000b
0010
fffa
fff8
0000
ffe5
fffb
fffe
fffc
fff2
fffe
fff9
0007
fff8
fffd
fffe
0005
ffe9
fffd
0007
fffd
fff2
0003
0003
fffe
fff5
fff9
fffd
fff8
ffee
fff9
ffff
fffb
ffff
0001
0008
0014
0007
fff3
ffe8
ffff
0001
fff5
0002
fff9
0004
fffd
0004
fff0
fffc
ffff
fff3
0011
fffb
000d
fffa
fffe
000b
0003
0002
0002
fff4
fffc
fff7
0002
fffb
0000
ffff
0000
0000
fffa
fff6
fffa
000a
0003
0005
000d
fff5
0005
fff6
fffd
0004
000f
fff9
ffff
000b
fff2
0003
fffd
fff8
0001
0005
fff8
0003
0002
fff5
000e
000a
fff8
fffb
0007
fffb
ffef
000a
0000
0011
0003
0002
001a
fffe
fff7
0002
000a
fff5
fff8
0004
ffe3
fff6
0007
fffb
fff1
0012
fff3
fffb
fffd
0001
fffd
ffff
0001
ffff
0001
ffea
0004
fff3
ffec
000d
fff4
0002
fff9
fffa
0004
fff6
0003
0003
000b
ffff
000a
000f
000f
0005
0004
001a
0014
fff9
0008
0006
0001
0001
0004
0009
0003
0002
000d
0003
0007
0009
000f
000d
0003
0002
fff5
0003
fff7
fffb
0005
ffff
0004
fffe
000b
0001
000c
0006
0002
fffb
ffff
0008
0006
fff5
000b
fffe
0006
fff9
0007
fff7
0001
fffd
0003
fffb
ffff
fff3
0008
0009
fffc
fff3
fffa
0011
0003
fffe
0008
fffd
fffb
ffff
0001
fffb
ffea
0002
0000
fff0
0006
0000
0009
0009
fff6
0001
0009
fff7
000f
0006
0002
0010
fff7
ffff
fff6
ffff
000b
000c
0005
0013
fff6
fffb
0009
fffa
0009
fffe
0003
000f
fffc
000e
fff2
fff9
fff2
fff9
0008
0007
0001
0000
fff7
ffef
0003
000c
0000
fff4
fff4
fffb
000e
fffe
fff7
fffa
fffc
000a
fff6
fff8
fffe
0007
0008
0000
fffd
fff3
fffa
0002
fff3
0001
fffb
fffb
000d
0001
0009
fff5
000e
0002
ffe5
ffff
0012
0007
ffff
0001
fff3
0002
fff1
fff6
000b
000d
fff3
ffff
0018
000d
fffa
000b
0001
000b
fffb
fff7
0006
fff6
fff9
0009
fff8
fff2
0000
ffea
fffe
fff9
fff4
fff6
000c
0002
fffb
0006
000c
fff4
0002
0011
0008
001a
fff3
fff7
0009
000f
0004
fff5
fff4
0007
fff9
fffe
0002
0003
0008
0015
0010
fff6
fff1
000f
ffff
fffa
0011
000e
000a
0002
fff7
fffa
fff4
0000
ffff
ffff
0019
002b
fff1
fffe
fff1
0010
fff9
fffc
fff8
0004
0001
0007
000a
0005
0010
000f
0007
0002
ffeb
ffff
0004
ffed
fffc
0009
fffb
000c
0008
0000
fffd
0008
fff4
0012
fffb
0008
0002
0007
000a
000b
0003
fff5
fffd
0000
0000
ffeb
0008
0007
0010
fff7
0008
ffeb
0015
ffeb
0006
0009
0009
0007
fff4
fffd
0002
0001
000f
fffe
0015
0004
fffc
000f
fffc
0005
fffe
fff0
ffff
0005
0000
fffd
fff7
fffd
000b
fff3
fffd
fffb
0029
fffd
0001
fffd
0020
0005
fffb
fffa
000e
0009
fff9
0005
0005
ffed
fff3
0005
0009
000a
000d
000d
0003
000b
fff3
0000
fff7
fff7
0001
0009
0011
fff8
0001
0000
0013
0013
fffb
fff7
001b
0002
fffa
0014
0001
fffa
0004
0004
fff5
0006
000f
0014
0000
000d
ffff
0008
0011
0009
0003
fff7
fff7
0002
0004
0004
0007
0009
ffea
0008
fff9
000c
0000
0003
0003
0001
ffef
000a
ffff
ffe8
000d
0012
fff8
000f
fffa
ffeb
fffe
0007
fffe
0002
0002
0003
0001
fff9
ffff
ffff
fffe
fff6
fffb
0000
0004
0000
0001
0001
0004
0004
fff2
fffa
0007
0004
0008
0003
fffa
000c
fff3
0009
0000
fff2
fffe
0012
fff6
fff4
fffb
fffa
fff8
0002
000d
0000
0005
fffc
ffff
ffff
000f
0005
fffb
0001
fff9
fff9
fffb
fffc
0000
fffc
fff6
fff0
0003
0003
0013
fffe
000a
0009
0002
000b
fff6
0010
ffee
0002
0010
fffd
ffff
0006
0005
0005
0002
0005
0009
fff6
0000
0006
0001
fffe
0008
0005
fff9
fff4
fff7
0010
fff8
ffff
fffe
0009
fff1
fffd
000d
0014
ffff
fffd
000d
fff3
000d
0003
0008
0004
0003
0008
fff4
fff1
0002
0000
0005
000c
fff7
0003
0005
0009
fff4
fffa
fffd
000b
fffa
0011
000e
0008
0004
ffee
0002
0000
fff7
0001
fffc
000a
ffff
fff0
fff7
fff5
fffe
000b
0004
0001
fff4
0016
0001
0016
fff7
fffa
001a
ffea
0004
fffd
fff9
0014
fff8
000b
000a
fff7
ffef
ffef
fff9
0008
0000
ffff
ffff
0009
0007
0001
fffa
0007
0002
fff9
fffb
000b
0011
fffb
ffed
0005
fff7
0007
fffd
0013
0001
0008
fff5
ffe6
0001
0004
0007
fffb
fff4
fff1
0005
0007
fff6
fffb
fff9
ffef
0002
0008
fffe
fff3
fffe
000c
0013
0002
fff9
ffee
fff2
ffff
0002
0002
fffe
fff2
fff2
0001
fff8
000c
fff3
000f
fffa
0002
0002
fffd
ffee
fffc
000e
fff4
ffef
fffe
fffc
fff4
fff9
fffc
fffc
0001
0006
0004
0003
000f
000a
ffe5
fffd
fff2
fffa
0007
fffe
fffc
000c
fff2
ffff
0005
0000
fff5
0000
0007
0003
0003
0003
0001
fff5
fffd
0004
ffe4
0007
0003
fff6
fff9
fffe
0004
fffd
000b
0004
fff9
fffc
0002
0007
0006
ffff
0001
0000
0008
fff7
0006
ffef
0004
0002
0000
ffed
000e
0008
0000
0004
fff7
0005
000e
fff5
0019
fffc
0008
fff8
0004
fff4
fffa
fffe
fffa
fffe
0009
fff4
fff5
0000
fffb
fff7
0001
fffb
0003
0000
fffe
ffff
0009
000c
ffff
fff7
fff2
ffec
fff5
fff8
0000
ffef
000d
000a
000b
fffb
0002
fff7
000e
fff5
fffb
000d
0017
ffff
fffc
ffe9
0010
0003
ffef
0008
0006
fffd
fffb
0007
0002
0004
000b
000b
0007
0005
fff4
fff6
0007
0006
0005
0008
fffb
0005
fff7
0001
0008
fffa
0012
000a
000d
fffe
fff3
fffa
0005
fffd
0007
0001
fffb
0009
000c
fff9
0005
0001
0003
ffff
fff5
000d
fff6
fff8
0006
0002
fff9
fffa
ffff
fffc
0006
fff5
0003
000e
0002
fff8
fff9
0000
fffa
000b
ffef
000f
ffed
0000
fff6
0007
fff9
fff6
fffd
fffc
ffee
0004
ffea
000b
fffd
0007
fffa
fff9
0006
fffa
fff2
ffff
fff3
0000
000d
000a
0001
fffe
fffd
fffa
0003
fffe
fffd
0004
ffee
0012
0006
fff3
0001
fff6
fffb
fff9
000a
ffee
fffd
fff1
0000
fffd
fff3
000d
000e
fffb
0005
ffff
0002
000e
fffe
0011
fffe
ffff
0011
0003
ffed
0002
fff4
fff1
fff7
0003
fff6
fff3
fffd
0004
fffa
fff5
ffec
fff9
0008
0009
0007
fffe
0001
000c
fff8
0003
ffef
0006
fffc
fff5
0007
fff6
fff8
000e
fff6
fffa
fffa
0007
ffef
000c
fffe
fffd
fff8
ffff
000d
0002
fff7
fffd
0005
0001
fffe
0006
0005
fff7
ffee
0005
0011
fff9
fffe
000c
0010
0001
000c
0008
fffb
ffed
fff7
0004
0003
fffb
fff8
fff4
fff1
ffff
fff3
0000
fff9
fffd
0013
0001
0000
fffd
fff3
000c
0011
fffa
fffd
fffd
0004
fff3
0001
000c
0004
fffc
0009
0018
0007
fffc
fff5
0009
000b
ffee
0009
000b
000e
0001
fff2
0011
fff6
0008
fffe
0001
000f
fff0
0002
0000
0017
fffe
fff7
0011
fff6
0003
0000
0006
0001
0006
fffe
0016
fffe
fffd
fffc
0008
ffdf
0003
fffa
0001
fffa
0002
fffa
fff1
0010
fff9
fff9
fff4
002d
fffa
0002
fff8
000f
fff7
ffe3
0010
0002
000d
0010
0004
000a
0011
fff4
000e
fff9
0001
fffe
001d
ffee
0000
ffde
0004
000a
000d
fffc
fff6
0014
0012
fffd
0003
0023
ffd9
fff8
ffea
001e
0007
ffd0
0014
0008
fffb
fff1
fff7
0008
0007
000c
000d
0000
ffde
ffde
001a
ffda
fffa
fff7
000d
ffff
0018
0011
ffee
000b
000c
0013
0002
002a
ffbf
fff9
ffe7
0014
001e
ffd6
000d
000e
0003
ffff
fff6
0006
000b
0003
002a
0002
ffe2
fff8
0019
ffe7
0002
ffe9
0028
0002
002d
000d
fffa
0003
000e
000d
0007
0038
ffba
fffa
fffa
0025
001c
ffc0
0015
0015
0001
000b
fffe
ffee
0007
0010
001b
000a
ffd5
ffc9
002d
ffd5
0000
fff0
0028
0006
001a
0015
ffe6
0001
fffe
0001
001a
0040
ffc6
0002
fff0
003a
0012
ff9a
001f
0027
0020
0002
0000
fff5
0014
000c
0004
000e
ffde
ffe0
001e
ffc1
0002
ffe3
0023
fffb
0010
001e
ffe4
000c
0016
001f
000a
0024
ffdd
fff9
fff8
0013
0008
ffd2
0029
0028
0018
fff4
000d
fff3
0016
0018
0010
0028
fffa
fff2
0012
ffd4
0008
ffff
0039
fffb
001f
0021
fffc
fffb
fffe
000c
fffe
0004
ffdf
fffc
0018
001a
fffa
0001
001b
000a
001c
fff4
000f
fff7
001d
0003
0023
0029
ffdf
ffdb
002b
ffda
fffa
fff3
0022
0002
000b
001e
fff5
0002
0012
fffd
0015
0027
fff7
000a
0000
001f
000c
ffe2
0015
000a
0019
fff8
0015
ffe9
0020
0002
002d
001a
fff4
0015
0019
ffc7
0008
fffa
0028
0007
001b
0016
fff1
ffff
000c
fff1
0009
002a
ffe9
000d
0002
000f
fffc
ffe1
001f
0000
0026
fff5
0004
0003
001c
0002
0023
0000
ffeb
000b
0014
ffea
000c
fff7
0018
fffe
001b
0015
fff0
0013
0009
fff1
0017
001a
fff4
fffb
0000
0017
001f
0005
000b
0014
0009
fff7
fff0
fffe
fffb
0009
0015
fff5
fff8
000b
0005
fffd
001c
ffed
000b
000a
001e
0006
ffff
0009
000b
fff8
0010
0010
0003
ffff
fff7
0017
0026
fffa
0004
001d
0015
ffe9
fffd
0008
0009
fffe
0013
ffe7
ffe9
ffe4
0006
fffd
0000
fff9
001e
fffd
0023
0004
0004
fff7
0002
fff9
0004
0010
ffef
0002
ffef
0007
0027
fff7
001f
0008
0006
fff2
0007
0008
0009
0006
0022
ffee
fffd
0000
ffff
fffc
0010
fff5
000c
fffc
0000
0000
fffb
0018
0009
fff9
0003
0018
ffee
fffc
fff0
0004
002c
ffe9
0009
000a
0005
fff5
0001
fff6
ffef
000d
0017
ffe9
0000
ffef
fffe
fffe
0008
0003
0003
fffa
0002
fff9
ffe4
000e
fffb
fffa
fff7
002e
ffe1
fffb
ffdf
0002
001b
ffff
000f
fffe
ffee
fff3
fff5
0006
0004
0004
0008
ffed
fffa
ffe8
0002
fffd
fff9
fffa
0003
fff8
fffb
000e
ffea
fff8
0005
ffea
0001
002c
ffec
fffd
ffda
ffff
0015
0007
0002
000d
fff9
fff1
ffea
fff3
0005
fffd
0017
0002
fff6
fff8
0002
0001
fffd
ffff
fffc
000b
ffff
fffc
ffec
0008
fffc
fffc
fffe
001a
ffe5
fff8
ffe7
0015
000f
0004
001a
000b
fff4
fff4
0002
ffff
0000
fff9
0012
0000
0009
0019
fffb
0005
000d
000e
0007
0007
ffff
000d
0003
0001
fffc
fff4
fffe
0017
fffa
fffa
fffd
fffe
fffb
0006
0003
000a
0006
0002
ffed
0002
fff8
000a
0001
fffc
fffb
fffe
fffb
0003
000a
0005
0007
000a
fffb
000e
fff4
0001
fffb
ffef
000f
ffee
0007
0011
0001
ffff
ffef
fffe
000d
fffb
fff7
ffeb
000c
0004
fffd
000a
fffb
fffd
0013
fff8
0003
0002
0001
0000
fff4
ffff
fffe
fffa
fff8
fff7
fff9
0004
0000
000f
0006
fffb
fffb
fffe
fffd
0000
0012
ffff
0001
fff5
fff2
ffff
fffc
0002
000c
fffb
fffa
0009
fffc
0001
ffff
0011
fff1
fff8
0006
000b
fff7
000b
fffc
fff9
fffa
0003
0004
fff8
0002
fffd
fff5
000f
fff7
0001
fff5
fffc
0001
0001
fff7
ffff
0003
000e
0007
000a
0006
fffa
fffd
0008
fffa
fff6
0000
ffef
fff9
fff6
fffc
000c
0015
0005
fff7
0007
0004
fffa
0008
fffc
fffb
0001
0006
fffd
0003
ffef
0003
fffc
fffb
ffe9
fff3
fff0
0006
fff8
0002
0006
fffb
fff7
000b
0002
fff5
0004
fffa
0004
0008
fff9
0004
ffe4
0005
ffee
0017
0003
fffa
000a
fff9
0001
fffd
0000
fffb
0004
fff9
0002
0006
fffb
0008
0004
fffd
fffc
0000
fffc
fffb
ffff
ffff
0001
000d
0008
0008
0005
fffb
fff7
ffff
000c
0007
fff3
ffef
000f
000d
fffa
ffff
0000
000a
fffc
0008
0004
0002
000a
0002
fff3
0008
fffc
000c
0002
fff7
0002
fffa
0003
fffc
0009
fffd
fffd
fff9
fff9
ffff
0002
0004
0000
fffc
fff2
0009
fffb
0004
fff6
000e
0007
fff9
0004
000c
ffff
fff1
0004
0011
fff1
000b
fffe
ffff
0002
0000
0008
fff6
ffff
fff9
fffb
001b
fff8
0004
0001
fff2
fff5
fff0
ffff
0000
fff8
ffff
0006
0006
0011
0000
0006
000a
0013
fff5
fff0
fff8
fff1
0007
fffe
fff2
fff5
0003
fffc
0003
ffff
0003
000b
ffec
000c
ffff
fffc
000b
fff5
fff9
fffc
001b
ffef
0000
fff1
fff6
0003
fffb
0002
ffff
0001
0014
ffef
0002
fff0
0004
0000
0007
fffc
000d
fffe
0001
fff8
0003
0013
fff4
ffec
fffa
0019
fffa
ffed
0008
ffe9
0016
ffed
000b
0007
ffff
000a
0010
0004
ffee
fffa
000c
fff5
0008
fff0
0007
fff6
fff5
fff5
fffa
fffa
0005
ffff
0000
0025
ffe1
fffe
fffb
0010
ffe9
ffda
0001
ffee
000b
fffd
0011
000c
0004
0010
0003
0016
fff1
000f
0012
ffde
fffc
ffff
0014
fffc
0005
0017
000b
0014
0010
0011
ffff
0028
ffd9
fffc
0013
0037
000a
ffbf
0005
ffef
0007
0003
0001
0014
0003
000f
001b
001e
ffdd
003a
0011
ffc4
fffb
ffc9
0015
0012
0002
000d
ffed
000d
0007
0007
fff3
003b
ffad
fff3
fff1
0049
0013
ffa4
0010
000e
0012
0005
0011
0005
0018
0000
001b
0028
ffe3
003e
001f
ffaf
0002
ffd9
0043
001d
001d
002d
ffd9
0017
fff3
0023
ffde
003c
ff8e
0007
fff0
002a
0040
ff83
0005
0002
fffb
ffe8
0029
0014
0012
001b
001c
002c
ffcb
002e
0031
ffad
fff9
ffe9
002b
0018
000e
0039
ffc7
0028
0001
0029
ffef
001d
ff7d
ffeb
0013
0003
003f
ff8f
0005
0028
0019
ffc9
0034
ffff
0002
0028
0022
0051
ffc3
001a
0036
ff9d
ffe3
0009
0057
0000
000f
003c
0001
0022
001b
0031
ffef
0040
ff89
ffe8
003c
001e
004c
ff7e
0003
0009
0015
ffd3
0037
ffed
0012
000e
0026
0049
ffd2
0016
0053
ffaa
0023
fff3
0066
fff2
0016
0077
ffdb
005c
0030
0038
0009
0056
ff8b
ffda
0072
001f
0046
ffc5
ffff
002f
001c
ffe1
0020
fff8
fffc
0029
0038
003d
ffd4
0013
0051
ffca
0017
0015
0054
fff8
001f
004a
ffc5
0067
003a
0036
001d
0013
ff95
fff1
006b
003e
0020
ffd7
0005
0026
000b
ffe5
001c
fff9
fffa
0022
003c
002a
ffc5
0017
004d
ffb1
0017
002f
0063
0003
0027
0037
0003
002d
0020
000f
0042
0045
ff9d
0000
003d
000b
0054
ffd1
fff5
0047
ffe7
ffda
0019
0004
fff7
0009
004a
003d
ffcc
0048
003f
ffc3
0012
0031
0063
0002
0038
004f
0000
0018
0009
000a
0048
0019
ff9e
fff8
0029
ffdb
0052
0006
ffd7
005a
000f
ffdf
0023
0021
ffdc
000e
0065
0010
ffd1
001d
002b
ffca
0026
0032
0058
ffef
0019
0011
fff6
001c
0027
0015
0019
fffd
ffc3
ffd8
000a
ffe8
0085
0014
0005
0035
002e
fff0
002b
001b
fff6
0012
0068
ffd8
fffb
0013
001f
ffb9
0036
001a
0039
ffcf
001b
0001
fff4
0024
001a
001c
0009
ffee
ffe0
ffee
ffe8
fff0
007b
0009
fffe
0037
0007
fffb
0006
0009
0007
000c
005c
ffd6
ffe1
0002
0014
ffff
0034
000c
0046
ffd2
0023
001a
ffec
0017
0025
0013
0027
0015
ffbc
ffe6
ffec
fff0
0058
0003
fff8
0036
001b
0002
000f
0016
fff8
fffe
003c
ffcc
fff4
ffde
fff7
ffef
0010
0022
0018
ffe3
002a
ffff
fff6
002b
0018
ffe0
0015
0030
ffa8
fffa
ffd6
0015
0055
000e
fff8
001f
0017
ffff
000d
fff7
0003
0002
0025
ffd4
ffea
ffd5
0014
001a
fffb
0018
0007
fff4
001c
fffb
ffde
fffb
0026
ffc4
000d
006c
ffd5
ffe6
ffcc
000b
0046
0003
000d
0017
0003
0004
fff5
fff8
001f
0010
0026
ffe7
0007
ffb5
fff5
000b
0001
0009
fff8
0005
fff7
ffef
ffd3
fff6
0016
ffd7
000b
004c
0001
ffee
ffc3
000d
0031
ffc3
0010
001f
0004
0011
0026
fffa
000a
0016
0019
fffb
fffc
ffd6
0008
fffe
fffb
0001
0005
000b
0003
0003
ffe2
0006
0003
0008
fff3
0055
ffec
0003
ffb8
fffc
000c
ffe6
fffd
0009
fffa
fffd
002a
fff7
fff4
fffd
fff3
fffc
fff9
0008
fffc
fffa
000d
000c
0001
000a
0009
0012
ffe5
0008
0000
0004
0009
0022
ffe7
fff9
ffda
0002
ffff
0004
fffd
fff9
000b
0004
0002
fff7
fff0
fff5
fffe
fffd
0009
000f
fffe
fffa
fff8
000c
0000
0001
0009
fffe
fffa
0004
0002
000b
fffc
fffd
0005
0002
0008
0006
0007
fff6
ffff
fffe
fffc
0001
000f
0016
fff8
0000
fff8
fffb
fffe
fff2
0003
fff5
fffe
fffb
0006
000c
0006
0000
fff0
fff7
0004
fffb
fffd
0008
0013
fff9
0004
fffb
fff6
fffd
fffe
fffc
0005
fffd
ffed
0005
0004
fff3
fffa
fffc
0006
fffe
0009
fff9
0008
0000
fffd
0008
0007
0005
ffff
000a
000b
fffd
0001
fff2
fffa
0009
fff7
0003
0000
000f
0001
ffef
fffc
0004
0006
0004
000c
0002
ffef
fffa
0002
fffa
0003
0003
000f
fffa
fff5
fff5
fffc
0005
ffff
fffa
fff6
fffe
0006
000a
000b
0006
0003
fffa
0003
000e
0001
0007
0000
0004
fff8
fff4
fff7
ffee
0008
0016
fffe
fff9
0003
000f
0001
000c
0000
0002
fff2
0003
fff7
fff6
fff2
0005
0015
fff9
fffe
fffd
0004
0009
ffff
fffd
fff0
0005
0001
ffef
fff6
fff7
fffc
fff8
0007
fffa
fffb
fff7
0006
fffc
ffff
0007
0000
ffff
0007
0003
0003
fffc
0001
fff9
000e
0002
0006
fffb
0000
0005
ffef
fffe
fffa
fff7
0006
fff9
fff7
0009
ffee
0009
000a
ffee
fffe
0003
0009
fffb
fffe
0008
fff8
0004
000a
fff6
0004
0001
fff6
0002
fffd
fff9
fffd
fff7
0005
fffe
000c
0002
ffff
0002
0006
fffa
0009
fffc
fff6
0005
000f
0008
fffd
fff7
fff3
fffd
0000
fff1
0000
0005
fffd
fffd
fff8
0007
fffa
fffb
0006
fff6
ffff
0000
0005
0002
000c
000a
fff9
fffa
0017
0007
0027
fff8
fffd
001a
0011
0002
0003
000a
0001
ffe2
0009
fff7
0005
fffa
ffef
fffb
0004
000e
fff9
0003
ffdc
0000
ffec
000b
0007
0019
001f
000a
ffee
000b
0022
0003
0026
0003
0004
000e
0000
000d
fffc
0012
0014
ffef
fffa
fff4
001a
fff5
0001
fff3
000c
000a
0029
0002
ffe9
0017
ffef
000e
000f
0007
0015
ffef
ffeb
000a
001d
fff1
0018
0003
fffc
000e
fffd
fffd
fff9
002a
fff6
ffdb
fff4
ffef
0019
000e
ffe4
0004
0017
ffef
0001
0006
fff5
000c
ffd5
fff2
0016
ffee
002a
ffe6
ffe7
fffe
fffc
ffed
0064
000f
0009
0026
ffe3
0019
fff9
0039
fff3
ffad
ffe3
0009
001a
fff6
ffe4
001e
0014
0016
fffe
001c
ffdc
000e
ffd4
0004
0028
001a
0016
ffd9
0014
ffe5
0005
fff9
003c
0008
0020
0012
fffb
0043
ffc7
0058
0011
ffa3
ffdd
fffd
0031
0001
ffef
0024
fff9
0029
fff9
002a
ffdb
0020
ffcb
ffe7
0034
0024
0029
ffd4
0011
ffe7
000f
fff1
0047
ffeb
0026
001c
fffc
0040
ffad
0057
0034
ff9b
ffc0
fff1
0019
ffd8
ffd4
0009
fff7
001a
000e
0039
ffbb
0034
ffbd
ffc9
0051
0000
000f
0000
ffe8
ffef
0016
ffd9
0024
0020
fffa
001c
ffd0
0051
ffa9
0044
0048
ffd0
ffc2
fffe
0001
ffdc
ffea
002e
0001
0032
003a
0042
ffa5
0015
ffd9
ffb4
002d
ffe5
002b
0011
ffe4
ffeb
000a
fff7
000a
fff5
fffb
003e
ffdb
003f
ffab
001b
003e
ffd2
ffcc
001c
fffb
ffea
ffcd
0015
001c
004f
004c
0045
ffcf
0023
ffe4
ffa2
0068
fff5
0056
ffff
ffe7
ffee
ffef
fff8
004e
fff3
0029
004f
0005
0040
ffaf
0018
0037
ffa9
0003
002c
0016
0007
ff94
001e
000f
0034
004e
002d
ffe6
003c
ffb8
ff8a
0093
fff4
0016
fffa
ffcf
ffd7
0017
0010
0007
fff9
fffd
0045
000b
003c
ff94
001c
0054
ff83
fffe
0061
000d
ffd7
ffa0
000f
0013
0055
0039
0022
0020
006c
000d
ffb2
008c
ffdf
fffb
000f
0012
ffe2
0003
0009
ffd3
ffdc
ffd1
002b
0023
002f
ff8c
001a
0054
ffba
001f
0083
ffe2
fff1
fff7
ffe1
000c
0032
0014
001c
007c
007d
001e
ffcf
004d
ff88
ffd8
fffe
001a
0016
0023
0015
fff6
ffe5
ffde
0032
0018
0009
ff90
006a
002f
ffd1
004a
004d
fff1
ffe6
0010
0013
001a
0024
000e
003d
0096
0047
fff7
ffd9
fff8
ffa5
ffd1
fff7
0003
0029
ffe7
ffff
ffe0
0002
fffb
0037
0037
000b
ffac
0029
0028
ffeb
005a
0036
002b
fff6
0010
0017
002b
0044
ffe8
0050
0080
0039
ffd0
ffea
ffe2
ffa9
002a
0048
ffd2
0028
000a
fffb
ffff
000e
0019
0024
003f
fff3
ffbe
0035
002f
ffea
003f
0025
001f
ffc8
ffff
ffee
0007
0023
000b
002c
0035
0003
ffd5
fffc
000f
ffcf
002e
004b
0002
0021
ffe2
0033
0000
0018
002e
0024
0031
ffa7
ffd9
ffe7
0001
0023
0053
0010
ffec
ffdd
000f
fff6
0008
0020
001c
0008
0000
fffd
0016
0007
ffe5
fff2
0008
0027
000e
fff0
ffc9
0023
0007
000a
0056
0015
0005
ff8b
fffb
ffc7
ffde
005c
0039
0010
fffa
0022
fff7
000c
ffe4
fff5
003b
ffdc
0017
001f
000a
0006
ffb5
fff9
0016
0008
001a
0013
ffdf
ffee
ffd5
ffeb
0028
000c
0003
ffab
001a
ffaa
ffd7
0077
0038
fff7
0015
fffe
001f
0004
ffed
fff4
001e
ffc6
000f
0034
fff0
fff4
ffae
0004
0017
ffed
0002
0029
ffdc
ffe9
ffc5
ffec
0024
0012
fff9
ffbc
000e
ff9f
fff2
0060
0020
0004
fff6
0006
0030
000b
ffce
ffef
0018
ffe6
000d
003e
0007
ffdf
ffb7
fff6
0025
000f
0008
001e
0017
ffdc
ffe6
000e
0007
0008
fff9
ffe4
0015
ffa1
fffd
0042
0008
0004
000b
0011
0030
fff4
ffef
ffef
002e
ffe6
ffff
0025
0012
0001
ffe1
0002
0012
0038
0006
0015
0025
ffe6
0007
0016
ffbd
fffb
ffea
0009
fffa
ffe1
ffee
001c
fff2
0015
fff9
0013
0002
0006
fff3
000a
000a
000c
fffb
0027
0015
0013
fffb
0000
ffff
001c
fff4
fffa
000a
fff1
ffff
0028
ffe6
ffff
0007
000c
fff0
0011
000e
fffb
fff3
001b
0008
0003
0007
0007
ffef
0006
0016
000e
ffee
000e
000d
000f
0008
fff4
000a
ffff
fffb
fffe
001c
0002
0001
fff6
fff8
fff5
0008
fffb
fff6
0002
0004
0011
fffb
000f
fff9
fff7
fff6
0001
fffe
000e
0009
0000
0001
0014
fff4
0001
fff2
0005
ffff
fff7
0005
fffd
0009
ffff
0003
fff5
0004
fffe
fff0
fff0
fff6
0008
ffed
000a
fffe
0002
0007
fffa
ffff
ffff
fff9
0009
0001
0008
0007
0006
0007
fff6
fff3
000d
fffd
0006
000a
0003
0007
fff5
fff4
fff5
fffa
ffe8
fffc
ffef
0009
0004
0004
ffee
fffc
000d
fff9
0008
fff8
ffff
0018
0006
000c
0000
fff2
fff3
0008
0003
000d
fffc
0003
fffa
0006
ffed
0000
fff8
ffff
0009
0004
0006
fff9
ffe8
fff6
0002
fff5
0003
ffef
ffff
000c
0005
fff8
0006
ffff
fffa
000a
0003
ffee
fffa
000e
ffff
0012
0007
0009
fff1
fffc
000e
000d
0002
fffa
fff8
fffe
ffff
fff7
fff8
0005
000c
0004
0001
000c
fff5
fffe
fffc
fffb
fff7
000a
0006
fffe
000e
fff2
fffe
fff8
0010
ffff
fffe
0001
000b
0002
0005
0001
0007
000b
0004
fff2
000c
0009
0007
fffe
000a
fff6
fff7
0010
0000
fffb
ffff
fffb
fff5
0006
fffc
0000
000b
fffd
000a
0002
fffa
ffff
ffee
000e
0004
0006
0006
ffff
0011
001e
0003
000b
0007
0016
0006
ffee
001b
0001
ffd9
0007
fffe
0000
ffef
ffee
fff6
000d
0004
ffff
fffa
ffe4
0002
fff1
fffb
0010
ffea
0033
0026
fff1
001b
000c
ffe6
0043
0007
0006
000e
0008
0003
0008
001e
0009
ffcb
fffe
fffa
0012
fffd
ffcd
ffe3
0014
000a
fff8
0004
ffc3
0006
fffe
0011
0040
fff9
0045
0015
ffde
0002
0009
fff5
005c
0006
fffb
fff8
0000
0011
fff9
0019
0002
ffc4
0001
fffc
000d
ffff
ffc3
fff6
fffe
0016
fffc
000a
ffd0
000a
ffe2
ffff
003c
ffd3
003b
0009
ffdf
ffef
0020
0003
0035
000f
0011
000a
ffdd
0016
ffef
0025
000c
ffde
fff4
0004
0012
0009
ffcb
fff3
0002
000c
ffe2
002b
ffdb
ffee
ffea
ffed
004a
ffd0
003b
000d
fff2
fff6
002e
ffff
0028
0033
0017
0003
ffc9
0026
0001
000d
000a
ffe1
fffb
fff1
0012
0021
000c
0027
ffd8
003e
ffe9
0041
ffe8
ffe2
ffd5
ffdc
0030
ffe7
005e
002b
fff0
ffd3
0051
0003
001b
0036
0014
0005
ffc9
fff8
0003
0026
0009
ffbd
ffec
ffff
0003
0015
000c
0026
ffe6
0060
fff3
0050
ffd4
0001
ffe8
ffbd
0034
0011
0016
0020
ffd9
ffd1
0034
fff7
001a
0009
001d
0021
ffbc
0021
ffdc
002b
002e
ffca
ffe7
0030
000a
001a
000e
0049
ffc7
004c
0012
004a
ffd5
0001
ffb2
ffa5
0041
ffd9
ffdb
0051
ffcc
ffc4
0018
fff0
0022
0010
ffc0
002a
ffad
002e
ffe1
0012
003f
fff1
ffc2
0051
ffe8
fffa
0006
002d
ffc8
0057
0017
0063
ffd0
fffd
000e
ffbe
003e
ffe1
000d
000a
0019
ffbd
0012
001c
0004
ffed
ffb5
004d
ff8c
0020
ffc9
fffe
0023
0001
ffd6
003c
0008
0008
fff0
0028
ffd5
0082
0009
0057
ffc2
0037
002f
ffc5
0029
0020
ffdd
ffe6
ffe7
ffd8
ffe9
000b
0008
ffe3
ffd0
0053
ffb8
0071
ffaf
fff0
002e
ffe5
ff91
0031
003e
001e
ffff
0032
ffb7
0060
0026
0062
ffdd
004a
0008
ffe9
0034
0045
ffb0
0004
fffd
ffde
ffdb
000e
fffe
0007
fff9
006b
ff75
001f
ffd9
ffc2
001c
ffa3
ffba
0043
002a
001f
ffe6
0036
0006
fff6
001d
0041
fff7
0065
000e
ffde
0013
0012
fffd
000a
ffd2
ffe8
ffaa
0004
0030
ffd4
ffff
0074
ff7b
001c
ffe4
000e
001b
ffc7
ffe6
006e
000e
ffef
ffd3
0046
ffe3
000f
ffec
0029
0016
003f
0004
fffd
0042
fffc
ffbe
fff9
ffc4
0002
ffce
000a
0010
fff0
ffed
007a
ff6a
000c
ffa8
0046
fffd
000e
0020
0028
ffff
ffc6
ffdf
002d
ffc5
0041
ffcc
0019
0062
0028
ffec
ffb0
0051
fff7
ffa6
fff1
0010
0017
ffdf
0039
ffdc
0049
fff2
0099
ff62
ffee
ffbb
ffec
ffee
0029
0023
0023
001c
fff7
ffc7
0030
ffb2
0051
ffe0
0089
0059
0050
fffb
ffe0
fffb
0034
ff90
fffe
ffdc
fff7
ffe1
0021
ffda
fff9
ffee
0086
fff1
fff2
ffb9
fff5
0041
003d
ffef
0037
0022
ffb9
fff8
0011
fff7
004c
fff8
006b
0056
0041
ffe4
fff3
0029
0022
ffd4
ffd9
fff7
fff6
0006
0022
fffd
fff1
000e
008f
0016
ffd1
ffd3
ffdf
002b
0013
0007
ffe3
fff7
ffa5
0004
0006
ffee
0027
000c
004c
0004
0018
0004
fffa
fff6
fff5
ffbe
000f
0005
0014
0007
0010
0004
fffd
0023
0060
ffd3
fff5
ffdb
0006
fff8
002a
001f
ffdf
000c
ffd4
0003
ffe0
ffe1
0003
0035
0025
0017
0022
000a
ffd4
ffc2
0003
ffec
001f
001d
fff6
0003
fffc
000a
ffdf
0039
0028
ffb1
ffe8
ffdb
ffd3
fff6
0089
001f
ffe2
0020
0014
0029
ffe5
fffe
ffdf
0011
ffd5
0013
0019
002f
fff1
ffcf
001f
ffee
0036
0002
000b
0016
ffcd
ffcf
ffe5
004c
0002
ffb7
ffcc
fff8
ffba
fff1
009e
002d
ffe4
0015
001f
005d
fff1
fffc
ffa9
0013
ffcc
0012
0009
0016
ffd3
ffd3
0017
0023
0056
fffe
001e
000b
ffc5
ffb4
ffe4
002e
ffe7
ffbd
ffd9
0024
ffba
fff6
0068
003a
0003
0016
002a
0056
ffd9
001f
ffdc
0017
ffcc
000d
ffe8
0014
fff2
fff5
0017
001b
005d
ffd1
0019
0028
ffbc
fff2
0002
000d
fffb
ffd6
fffc
0021
ffd3
0006
001f
000b
0005
fff9
0023
0021
ffe0
0021
fff3
0017
fff5
fffa
0002
fff8
fffd
0003
fff3
0006
0041
fff4
fffd
0035
ffdf
ffef
0017
ffe0
ffff
fff6
fff6
fff0
0004
0002
0006
000a
000b
0006
0009
fff6
ffe2
ffff
001a
0014
000b
fff9
000b
fffe
fff1
0013
fffb
ffef
fffa
ffef
fff9
000b
fffe
ffef
000e
0004
fff7
fff5
0012
fffb
0006
0001
0000
fff2
fffe
fff7
fff8
0004
fff5
0012
0000
000a
0005
fff4
ffef
fff0
fffa
000c
fffa
0002
0002
0019
fffb
fffc
ffff
0002
ffed
0000
fffc
ffff
fff8
0007
000b
0005
0008
fff8
fff7
fffa
0008
0008
0007
0001
0004
0007
fffa
fffc
0005
000f
0006
0000
fffb
0001
ffe7
0007
0004
fff8
0003
0001
fff7
000d
0002
fff6
0014
0000
fffa
0007
0008
0003
ffe5
ffff
ffff
ffff
0006
0002
fffe
fff3
0006
fffe
0001
000b
0008
0002
fff8
fff8
fff4
fffb
0010
ffff
0000
0001
0005
000b
fffe
0007
001c
ffe9
fffd
ffff
0000
0002
fffa
001d
fffd
0002
fffe
0005
0005
0003
000d
ffff
0009
fff3
0009
0005
0003
0002
fffd
ffe8
fff9
fffe
fff9
0004
fffd
0004
fff9
0005
0001
ffff
fff7
000c
fffd
fff5
000d
fff9
fff8
0002
fff1
fffb
fff0
ffec
0000
fffd
000b
0012
0003
0005
ffe4
0009
0003
fffe
0004
fffd
fffa
000e
ffee
fffa
fffd
000a
fffa
0008
0026
0000
ffec
fff9
fff1
0009
000f
fff0
ffef
fffd
fff2
fff9
0019
fff3
0015
fff8
0005
0014
ffe2
0018
fff9
fff1
0018
fff9
ffef
0010
fffb
fffd
0018
0029
fff5
0012
0035
fff1
ffe9
0003
000a
0008
0008
ffdd
fff1
000e
0000
fffd
fffe
ffe5
fff1
0005
fff8
002a
ffc2
0028
0005
ffe9
fffb
0000
fffc
0027
000e
fff7
fffc
fff0
ffea
0012
003c
ffe6
ffcd
0008
0017
0016
001a
ffb4
ffd8
0002
0008
fff2
0001
ffd0
0004
fff2
ffdd
0039
ffcf
0045
0024
ffd0
ffc7
0015
0014
003e
001a
0007
ffee
ffdb
fff8
fffe
000a
ffda
ffd8
000b
001a
0009
004e
ffd2
0008
ffba
0030
ffd7
0021
ffe8
0018
fff3
ffdd
0048
ffd4
001a
001b
fffe
ffe0
0038
002d
002b
0040
0019
000a
ffd6
ffd9
fffb
fff2
ffe7
fff1
0001
001b
000e
0033
0026
0032
ff9c
004d
ffce
0038
ffe8
fffd
fff9
ffdd
0037
ffc3
001f
006f
ffee
fff7
0070
000b
0023
004d
ffea
ffdd
0001
ffe9
001d
0001
ffd6
0005
fff6
0024
ffff
001f
002c
001c
ffbe
006b
ffb1
0068
ffe7
ffd7
ffe6
ffc0
0021
ffc0
002d
0057
fff2
ffe3
0079
0004
0043
005f
ffc3
0002
fff5
fff3
000f
0004
ffde
0003
ffff
0017
ffed
0015
0010
0005
000f
007a
ffd4
0081
ffd2
ffda
ffdf
ffc7
0035
fff7
ffe5
0058
ffec
ffb5
0023
ffba
006f
0026
ffd9
ffd1
ffe2
fff5
fffb
0042
fffa
fff8
ffaa
001a
fffb
0007
0017
002d
001f
004d
ffc3
0031
ffef
0013
ffc9
0005
003b
ffe7
ffc7
0048
ffef
ffcf
000c
ffb0
003a
001a
ffac
ffd3
ffce
0035
fffe
0019
000a
0002
ff8b
002a
ffcb
ffcc
ffec
0020
0015
0061
ffab
003f
ffff
000a
000a
0046
0047
000c
ffe7
fff9
000e
ffec
002b
ffe8
0010
0021
ffaa
ffe8
ffee
0059
fff7
0011
ffe8
ffd2
ffbe
ffda
ffdc
fff2
000c
0006
ffd9
0058
ffd4
005f
0004
ffe4
ffdb
0049
fffa
fff5
fff2
fff7
ffdb
0025
000c
ffc4
001e
001f
ffa0
0033
ffe8
005c
ffb9
002b
0020
ffc5
ffa1
0012
ffe2
ffdc
0005
ffed
fff8
0027
0002
0054
003b
ffdc
ffec
0039
0024
ffe8
ffda
000c
fff3
ffe1
fffd
ffe6
fffb
0010
ffad
0046
ffeb
0067
ffff
002f
0051
ffb3
ff8a
0011
ffda
0003
000d
fff6
0001
fff8
002e
0030
0037
ffdf
ffe1
0030
0013
ffca
fff3
ffe3
0001
ffe7
ffe7
0015
ffa6
000a
ffd6
0016
0008
0081
fff9
0026
0051
ff9e
ff8c
001d
ffca
ffda
ffc1
0021
000e
0059
0027
0057
fffe
fff5
0011
004d
0009
0001
ffc2
0009
0010
0004
0005
ffca
fff7
0007
ffe1
fff7
0019
0054
fffa
004d
0028
ffb2
ffa5
ffef
ffc9
ffcd
ffb4
0033
0026
004b
ffe7
0035
0011
ffee
0016
007c
002c
0002
ffca
ffd7
0003
0049
ffe9
ffde
fff6
0004
ff9e
0004
ffea
0042
fff2
fffb
ffe7
ffb5
ff9e
ffce
ffd1
ffc8
fff6
0013
000d
0031
0005
0065
0025
fffe
ffdb
0066
ffe6
000a
0026
ffed
ffcd
0028
ffd8
0003
0040
0005
ffb7
0033
003a
0077
ffe0
004e
0018
ffd6
ff93
0036
000a
ffd0
ffe9
001e
0018
001d
fff5
0027
0035
fffd
ffe4
0054
001d
000a
ffa4
0006
ffdd
0004
fffb
0022
ffe8
0026
ffa4
0029
ffbe
0018
ffe3
ffe3
ffe7
0058
ffda
000a
0001
ffe7
000b
ffec
0022
fff8
ffd6
002c
0040
002c
ffff
fff9
ffd3
0000
ffbe
002b
ffe3
0012
0008
ffce
003b
fffd
ffe6
0026
ffce
0036
ffd9
ffe1
ffed
002b
ffde
0008
ffdd
ffe1
fff3
000b
003a
fff4
fffa
003a
0024
ffee
ffe3
fff8
0006
fff4
ffdb
001f
fff7
0002
ffd0
fff3
0014
ffe8
ffff
ffeb
ffc0
0040
fff7
ffea
ffd8
004e
ffec
0022
002b
0021
ffe1
0011
0015
ffe7
ffc1
001c
000a
ffea
ffe2
0004
002b
fff8
ffbb
003e
0012
0000
ffd1
fff0
ffac
0014
0025
ffe8
ff59
ffe9
ffe5
ffd2
ffec
009a
004a
001f
002a
003b
0037
ffd9
000a
ffdc
0004
fff2
001f
fff8
0046
ff9e
0011
ffdf
ffe9
006d
ffdd
001f
0007
ffea
ff8e
0013
002d
ffe5
ff69
ffc7
fff5
ff97
ffe0
008b
0064
0012
000b
0034
005f
ffa9
0031
ffde
0027
fff6
000a
ffe5
0037
ffb5
0012
ffe4
fffa
0078
ffbf
001c
0046
ffcb
ffb6
0038
fff8
ffed
ffac
ffda
0000
ffb9
0011
004c
0038
fff9
0010
001f
0072
ffa1
002d
0004
003d
000a
fffa
fff2
ffe4
ffca
0008
fff6
0000
0056
ffea
000a
0038
ffdb
fff0
0023
ffff
fff3
ffe4
fff2
fffc
fff1
000f
0009
001f
fff2
001f
ffff
0025
ffd6
001b
0010
002a
0011
fffd
ffe4
ffed
fff3
0017
0006
fff5
0025
fff8
0002
0025
ffe1
fff7
ffff
fff3
0001
0004
0004
0003
fff6
000e
0019
ffff
fff6
ffee
fff0
0021
fffb
0018
fffc
000d
ffff
0006
000b
0002
fffd
000a
fff9
000b
0002
fff4
000c
000c
fffe
0005
0019
ffe9
0001
0003
fffd
fff8
000e
0016
0009
000d
fffa
fffd
0005
0007
fff8
000f
0005
000b
000f
0005
fff9
fff7
fffa
ffff
0000
fffc
0003
0001
0005
fffc
000a
ffeb
0003
0001
0005
0010
0008
0002
fffc
0006
fffe
fffc
000b
0003
0004
0000
fff8
ffed
0005
0006
0002
fff6
fffc
ffff
fff3
ffff
0002
0000
fff5
fffd
fff9
fff4
fff4
0000
fff9
0012
0001
0003
0000
fffa
0008
0005
0006
0004
fff0
0006
fffe
0000
0009
fffe
fff5
0004
0013
fff4
0003
fffd
000b
0000
fff2
ffef
000d
fffd
fff6
fffe
0000
fffa
fffe
0006
fff0
000c
fffb
0006
0012
fff4
fffe
0003
0008
fffb
0011
ffee
0002
fff8
ffff
0002
fffe
0005
0002
0009
0005
fff0
fff4
0004
0007
fff4
ffe9
fffd
fff6
000e
0004
fffd
ffee
000a
ffee
0017
0023
fff2
ffe7
ffea
000f
0018
0015
ffee
ffec
000b
0011
ffee
fff9
ffe7
fffd
0004
0014
000c
ffbf
0044
fffe
ffd3
fff2
fff7
fff7
003a
0007
fffd
0012
0019
ffe6
0017
007e
ffe4
ffc9
000b
0024
001f
000f
ffc8
ffef
ffff
0007
ffd6
ffff
ffc3
fff9
ffdb
ffea
0029
ffcc
0051
002f
ffd5
fffb
fff5
0010
0032
001b
ffea
ffdc
0004
ffd4
0035
0064
ffe1
ffd6
000b
0043
0016
000c
ffac
ffdf
ffe8
001c
ffcf
0009
ffd8
0015
ffdc
ffd3
0049
ffe9
0030
000c
ffe4
ffd5
000a
0014
0033
003e
fff5
ffe7
fff6
ffed
fff6
003c
ffe2
fff1
0000
0053
002c
001d
fffd
fff6
ffb6
002e
ffc1
0022
fff2
0034
ffe4
ffdf
0035
ffe3
0016
0046
ffd8
fff8
0018
0011
0028
0057
ffe5
0001
ffe3
ffd2
000a
ffee
ffd8
0024
ffed
005e
000b
0020
0031
0017
ffe4
005e
ff9a
004f
0003
001b
ffe6
ffd9
fffe
ffe3
0013
005b
0012
0005
0058
ffe0
0022
007c
ffe8
ffed
001d
0014
fffd
fff4
ffc5
003b
000b
0024
fffc
0021
ffff
001f
fff0
0075
ff9f
005f
ffde
0013
001e
ffff
fff9
ffe0
0020
0052
0006
ffdc
001f
ffea
0010
0078
ffa4
ffda
0017
0016
0007
ffcf
ffc4
002c
ffd7
0034
000a
0037
000d
000c
fffd
006e
ff9f
005f
0021
0009
fff5
0019
0023
fff1
fffa
003a
001b
ffb7
fff6
ffc1
fff0
0054
ffb9
ffe6
001b
002b
0030
ffe3
ffec
ffee
ffc1
0010
ffe7
ffe4
0021
0025
0037
005c
ffad
0030
002d
000c
fff2
0028
002b
000b
ffde
0004
ffe7
ffc6
002e
ffdd
ffe3
0031
ffae
ffe9
0000
005b
0000
0002
ffef
ffcc
ffbd
001d
fffe
0015
0014
0023
0038
0027
ffd2
0010
002d
fffb
ffec
0036
0042
ffec
0036
ffd7
ffcc
ffe3
fffe
ffcc
0003
0009
ff97
ffd3
005f
00ee
001c
0021
fffd
ff9e
ff92
0030
fff6
0007
0004
0028
0026
fff4
ffc9
ffff
0012
ffdc
ffe7
0062
005b
ffdb
001b
ffcb
ffe1
ffe9
ffed
ffdd
0009
0063
ffaf
ffdd
004e
00d0
fff5
004b
002a
ffa1
ffb3
002f
fff9
001b
004a
0027
0010
002e
ffe4
0073
fffe
ffc3
ffdf
001a
002a
ffd8
001e
ffca
ffe6
0018
0026
ffb8
ffed
001d
fffb
fffb
0079
00f1
0009
000f
0069
ffe4
ffc8
0031
001f
ffe6
0054
000d
002c
0004
0030
003e
fff7
ffaf
ff84
fffa
0007
ffad
fff8
fff0
ffed
0033
0004
000a
ffe8
0032
ffaf
fff6
005c
00ab
ffe1
0005
0084
ffcd
ffa4
0038
ffe0
0013
ffd6
0027
0011
0043
0025
0069
ffbb
ffcc
ffd7
0032
ffe3
ff9b
ffce
001a
ffe0
001f
0002
ffdf
0019
002e
ffb2
ffd5
0067
00d7
0021
002e
0027
ffec
ff4d
0006
fffd
0003
ffe5
002e
0038
fff0
ffef
0042
ffed
ffe2
001b
0071
000f
ff90
fffa
ffee
ffc5
0023
fff6
000f
0013
0036
ffbf
ffc0
0020
008b
0013
ffff
fff3
002b
ffd3
000c
ffdd
ffba
fff5
000e
003a
fff1
ffde
002e
002a
ffea
ffc4
fffa
ffe1
ff86
ffd8
ffea
ffc1
fff3
ffa0
ffff
fff4
003f
ffd9
fffd
0008
00bd
000b
0021
001c
004d
ffa9
0030
0007
ffea
ffe2
002f
002a
ffee
ffeb
0022
004e
fff4
ffe9
0007
0005
ffd2
ffde
0039
ffca
ffeb
ffeb
002c
0025
0016
ffce
ffcc
ffec
007a
fff1
0020
0004
0063
ffc4
0023
fff6
0015
ffff
fffb
004e
ffbf
ffc7
fff9
0043
000f
ffd3
0026
001f
ff88
ffc6
0048
ffbf
ffdd
0002
ffc7
001a
fffe
ffde
fff6
0019
008d
fffa
fff1
fff4
003a
ff7e
0014
ffe7
ffed
fffc
fffb
0070
fffd
ffe9
0018
0016
ffc8
ffd8
002f
0037
ffd8
ffbc
0048
fff2
ffdd
fff3
ffe9
fff4
0003
ffd9
fff6
ffc4
006e
000e
fff8
0004
0053
ff9d
0025
ffe9
0035
ffd6
0005
0021
fff0
ffd2
0025
0017
ffd3
ffff
003f
0043
fffd
ffac
004a
ffcd
ffb1
ffc7
0003
ffb0
0001
001f
ffe7
ff68
001a
ffe4
0003
fffb
00a0
fffb
0021
0006
002b
fff8
fff3
001c
fff1
fff7
ffdd
0013
ffe4
0035
fff6
0056
ffae
ffd0
0084
ffe9
0001
ffd7
fffd
ff67
001a
0009
ffe7
ff8a
ffec
ffda
ff85
000e
00a4
002c
001f
fff6
003c
003a
ffac
004e
fff3
0021
ffd5
0019
ffe0
0056
ffc6
0015
ffd4
ffde
0098
ffe0
000a
004b
ffd5
ff77
004b
ffdd
ffe7
ff8c
ffc4
ffdd
ff84
001d
0064
001c
0009
000a
0019
0063
ff66
002e
0001
0041
0013
0018
0013
000e
ffa7
fff8
fff6
ffeb
0067
ffd5
0007
0059
ffb7
ffd3
0015
ffe3
ffca
ffb5
ffda
ffe2
ffde
0026
001c
0018
0017
0012
ffec
003d
ff9f
0027
0009
0038
0001
0025
ffef
ffe9
ffc6
fffc
0005
0009
001d
fffd
fffc
0011
ffe7
ffff
0007
fffb
fff2
ffdf
ffe9
ffe5
0000
0002
000f
0006
0016
000d
ffff
fffe
ffc8
000b
0004
001f
ffef
0012
fff1
ffee
ffeb
000c
fffb
000a
fffd
000c
0001
fffe
fffe
0007
fffd
fff7
000a
000a
000c
fff4
0003
0006
fff2
0004
0006
0011
fff7
0000
0014
fff9
fffc
fffe
fff2
0008
0017
0006
0008
fff4
fffe
fff8
fff5
fff1
0006
fff7
0006
0005
0003
fff6
000e
0007
000f
000c
0004
000d
0003
fffe
fffa
0001
0001
fff0
0002
000c
fffb
0016
fff9
0004
000b
000b
0005
0002
0006
fff4
fffd
fff8
0004
000f
fffb
0001
0012
ffff
0000
0003
0003
fff1
0009
0003
ffef
0011
0000
fff6
ffff
0008
fffb
0006
ffff
0006
ffff
0004
0007
0003
0007
0002
0000
0010
fffe
0000
fff2
ffff
0006
0002
fff9
0000
fff5
fffd
0004
fffd
0016
fff0
000d
fffe
0009
0014
000c
0004
ffff
ffff
fffe
0002
fffe
0001
000f
0001
fff6
fffd
ffde
0011
0004
fff3
0001
fffa
ffe4
000c
0001
fff5
ffe7
fff9
0002
0006
0031
ffed
fffe
0002
001a
0009
000e
0003
ffde
0018
000c
ffdd
fff8
ffde
0001
000a
fffd
0011
ffca
0053
002c
ffc9
ffe4
0008
ffef
004c
000a
ffda
ffed
0018
ffe7
001a
008d
ffb9
ffaa
ffda
0022
0012
0002
ffcf
ffe7
ffff
0008
ffb9
0010
ff96
0006
ffe2
0006
002b
fff4
003c
002f
ffe1
fff0
fff1
0019
0050
000f
ffee
ffe9
ffd4
ffc0
0017
004c
ffdb
fff2
fff7
0041
0013
001c
ffc1
ffe4
ffd9
0013
ffbf
002b
ffcb
0019
fffa
fffb
002b
fffc
fffb
005a
000c
fff4
ffec
000f
003a
0032
fff9
fff5
0000
ffcf
ffd7
0029
ffd6
000e
ffbe
003f
0015
0023
fff4
ffe7
ffb1
0030
fff5
0027
ffff
0042
001d
000a
0014
fff3
0028
0063
fffb
ffdb
fffe
ffe1
002b
005e
ffd5
ffb0
0028
ffad
0004
004a
ffab
0017
ffef
004d
0026
0018
ffd4
0008
0003
004f
ffb4
003e
fff1
0024
fffe
ffe5
0043
ffe9
fff3
0038
0015
ffdc
002d
fff0
0020
0074
ffbb
ffaa
002b
0012
0003
0041
ffcf
fffa
ffd5
0020
000a
0024
fffb
0026
ffe3
006f
ffb3
007c
ffe1
001a
0004
0008
0020
ffc7
fff5
002c
0048
ffc1
0010
0015
ffe2
0070
ffba
ffc7
ffd8
0018
001a
0014
fff7
0029
ffec
0003
ffe0
002b
ffe8
0010
ffe4
0055
ffd7
005d
0031
0028
000b
001f
0001
0003
fff3
002f
0003
ffaf
0013
fff3
ffb0
0030
ffd8
fff4
ffb3
0023
fff4
004d
ffe9
ffef
fff9
0017
fff2
0000
fff1
001e
fff4
0035
ffcb
0021
0002
0006
0000
0015
003c
0010
ffcf
0021
0007
ffa3
0033
fff4
ff9a
0034
ffcb
ffc7
ffe3
0075
0004
0061
0001
000c
ffc7
0020
0015
000a
0018
003f
0011
000f
ffc8
0018
0025
001a
ffe9
fff6
0071
ff97
ffc3
ffff
0021
ffaa
0010
ffe2
ffc7
001a
ffc8
ffa3
0028
0054
ffd0
004c
ffdf
ffb7
ff9e
0072
fffe
ffe5
fff9
001e
0012
fffb
ffcd
000c
0005
fffd
0015
0027
0089
ff83
000b
0026
0020
ffbe
0035
ffde
0008
0038
ff9b
fff0
0047
009a
ffbe
002c
0026
ff67
ff9e
004f
0006
ffe9
006e
002e
0002
ffe4
000a
0018
ffc6
0025
0002
fffd
0080
ffc5
000c
fff9
ffcc
ffc0
000f
ffb9
ffeb
001e
ff9b
0018
004b
00f7
0000
0023
002b
ffba
ff8d
004d
002c
ffe3
0025
002f
000c
ffed
ffe5
001d
ffc2
000f
ffc9
000f
0065
ffb6
000f
ffe7
ffa6
fff6
ffbe
ffe8
002f
0040
ffa8
ffeb
0019
00c7
ffe9
0029
0021
000c
ffa4
0039
0038
0031
ffa1
0022
004c
fff9
ffcb
0009
ffcb
0006
ffb6
002c
002f
ff98
ffd4
ffd8
ffb4
001d
ff8f
0004
fff7
003d
ff8f
ffe5
0027
00de
ffee
000c
0028
0030
ff55
004b
ffd7
0025
ffcb
0038
002f
fff7
ffe7
fff9
0014
ffff
fff6
003b
fff2
ffbb
ffdf
ffed
ffd9
ffef
ffbf
0007
002d
fff6
ffbc
fff1
0026
0079
0008
fffd
ffeb
004f
ffd0
0040
ffd9
fff7
ffc9
001c
0034
ffb1
ffbf
ffea
005e
ffdc
ffd3
fff0
0042
ff31
ffe9
0030
ffa8
0009
ffda
fffc
0014
0030
ffda
ffe9
ffea
005e
002f
0007
fff7
004a
ff98
003d
000a
fffd
ffc9
0027
0045
ffef
ffaf
0002
004f
ffb4
0011
0018
006a
ff8e
ffb8
003e
ffd8
ffe0
0011
0027
fffd
005e
ffd2
ffee
ffba
0027
fff5
0017
0001
0005
ffda
0032
ffd1
0016
ffc7
0003
0050
ffd2
fff0
fff7
002d
ffdd
0047
0024
0044
ffb0
ffd3
0023
ffd8
ffc7
0006
0011
fff4
0034
ffda
ffbf
fff8
001e
ffe0
0005
000c
0005
ffd7
002a
000a
0022
ffe6
0022
004d
fff5
0007
0009
0001
fffb
0022
001f
0035
ffc3
ffe8
0046
ffe6
ffcf
0020
ffe4
ffe5
001a
ff8e
0001
ffcf
0024
ffd2
0006
0012
000a
ffc6
002a
ffd8
ffea
ffba
fff4
0036
ffd5
fffa
0010
ffcc
ffbb
0036
0015
005d
ffe3
ffd5
005b
ffeb
ffd1
ffeb
0001
ffab
0023
ffae
ffeb
ff8f
0058
ffd2
0029
002b
006a
ffdf
003b
fff1
ffe9
ffde
ffe7
0046
ffd8
ffed
ffea
000e
ffbf
0026
000e
007a
ffbe
ffc5
005d
ffdb
fffe
ffa8
0028
ff24
0031
ffb3
ffca
ff98
fffc
ffe4
ff97
003c
00f3
ffff
002e
0003
0030
0040
ffdc
002a
fff7
000b
0004
002a
ffc1
0023
fffa
0053
ffd6
ffb6
008a
ffd1
002c
0053
ffd1
ff69
0056
ffa3
ffb3
ffa0
ffc0
ffba
ff7b
0050
0093
000d
0025
fffe
fff1
0067
ff65
002e
0006
0041
000d
0033
fffc
0003
ffc7
0020
fff1
ffd5
0080
ffbf
0019
0068
ffc4
ffca
0025
ffc0
ffc6
ffa2
ffd3
ffba
ffe9
002b
0029
001b
0014
0020
ffe1
0048
ff8d
0039
fff5
004f
0001
0031
ffd8
ffec
ffcd
001d
ffff
ffdb
0033
ffd9
0007
001a
ffe3
0001
0011
ffe9
0001
ffe1
fffc
ffeb
fffc
000b
0000
fffa
000a
0002
fff3
000b
ffd7
0005
fff4
0019
0006
0019
fffd
fff2
ffea
0015
fffe
fffa
0011
fff9
0005
fff7
0002
0004
fff6
0013
000c
ffee
0001
0002
0009
fffe
fff9
fff9
fffb
fffc
fffb
0000
fff4
ffff
0002
0009
0008
000c
0001
ffff
0001
fff7
fff8
fff1
fff6
0000
000e
0008
0001
fff9
000a
0005
fffe
0008
fff6
0002
0007
fff1
fffd
fffe
fff1
0001
fffe
fff9
fff9
000b
fff7
000b
fffe
0005
fffb
0009
fffa
0009
0009
fff8
0007
fffa
0008
0007
fffa
0000
0004
fff3
000d
0001
0007
000d
fff7
fff1
fff7
0006
0000
000c
0009
0000
0010
0005
fff9
0003
fffc
0005
fffb
0009
0000
0001
fff9
001c
0009
0008
ffe2
0001
fff9
0004
000b
fff4
0009
0007
fffb
000a
0003
ffef
0009
fffd
0000
000f
fffe
0009
000d
000e
0010
ffec
0004
fffa
fff8
0004
0004
000a
fff9
0019
0005
ffe2
fff8
0003
fff0
0023
0001
ffe2
ffbb
000a
ffff
0013
002f
ffec
fff8
ffef
002a
0018
fffc
0000
fff8
0020
000b
ffc2
fff6
ffdd
0011
0004
0013
0025
ffe6
0034
001c
ffd9
ffd7
fff6
fff3
0073
001b
ffda
ffb5
0016
ffdb
0018
0059
ffd5
ffce
ffdf
003a
001e
ffe3
ffed
0003
0023
0018
ffae
000b
ffb7
001d
0004
0013
0040
0011
0021
0026
fff5
ffd4
ffdd
ffff
0050
0024
ffdb
ffca
ffe4
ffd3
ffed
0037
ffe2
002a
ffd4
002d
0013
001a
ffd5
0018
fff7
002d
ffa1
0016
ffe9
0044
0010
0010
002d
0009
ffea
0052
0006
000f
0002
fffb
fffd
002b
ffc7
0005
002d
ffec
ffcc
0039
ffde
000f
ffb1
0001
fff2
fff9
ffb6
fff7
ffe9
0033
0003
002d
0005
003a
ffe5
001f
0019
000e
0003
0052
000e
001c
001f
fff0
fffa
0040
ffc6
ffde
0044
ffde
ffee
004e
ffc2
fffc
ffe3
000c
fff0
fff9
ffb0
0004
fffa
0050
0024
003d
ffdb
003a
fff5
fffc
0025
ffd2
ffd5
0030
0008
000d
0009
ffe0
ffa3
004e
ffb7
ffa2
ffe3
fffb
ffcc
0031
0015
0015
fff0
0014
ffd5
000b
ffdc
fffa
001a
004f
fffb
006e
fff7
0039
ffed
0014
fffd
0008
0004
003b
0008
ffed
ffea
fff7
ff52
005c
ffae
ffcd
ffd4
000c
0022
007e
ffee
0041
ffc6
0002
ffea
0034
ffeb
0026
ffe9
003e
fff6
0067
0010
001c
001a
fffc
0014
0003
fff6
0037
000f
ffd2
0023
ffd4
ff27
0000
ffb7
0020
0000
ffe7
003a
006c
001f
000d
ffa9
0000
ffd4
002d
0015
0016
fffb
0007
fffe
0015
0014
0004
004b
005c
fff3
fff6
ffcc
006a
0042
ffd5
004c
ffbd
ff33
0004
ffdd
ffe1
000c
ffae
002f
0020
0002
008e
ffe3
0002
0009
004e
0036
0041
fff8
ffeb
0007
fff2
0025
0043
0062
004e
ffff
ffe1
fff6
0003
001e
ffc3
003d
ffd4
ffb4
0042
ffe7
ffbc
0030
ffbe
0022
ffea
000b
0002
ffea
0004
0037
004d
00b3
0078
0005
ffdd
ffcc
0033
0007
0012
0054
005f
0052
ffea
ffe8
fffb
0037
ffbe
0028
ff8c
ffbc
002e
ffcb
0029
0025
0015
002b
ffd4
001c
ff6e
ffae
0003
002d
fff3
009f
0048
ffd7
ff8b
ffec
ffd8
ffa6
0013
0036
0033
0089
0034
0056
fff4
fff4
ff9e
fff8
ff9e
000b
001e
fff5
0011
0065
0085
000d
0015
000e
ff4d
ff6d
002e
008d
0025
ffc5
006d
0033
ffc4
ff8b
ffa9
ff83
006a
0000
0068
00cc
ffd5
009e
ffe5
ff80
ffeb
ffeb
0003
008a
fff4
ffba
000b
0068
0090
fff7
009a
0005
ff99
ff60
0068
003a
005c
ff30
00ac
0040
ffcc
ffbc
ffa6
ffc4
0030
fff6
0049
0070
ffc3
0031
ffc8
ff9b
fff1
ffde
008d
0046
ffe4
ffb1
0003
ffe6
000d
fff2
005d
fff2
ffee
ffb3
0051
000e
000f
ffae
0079
0035
ffd1
ffb6
ffac
001f
ffd7
004b
001c
0073
ff9e
ffca
fff5
ffb8
ffc3
ffdd
0059
fffe
0027
ffa7
fff2
fffc
002e
0036
0035
ffbb
ffbe
ffc9
0053
fff0
002f
ffac
0032
0074
0016
ffbf
0001
0017
ffbc
0033
004c
0073
ffb9
ffba
0021
ffb0
fff5
ffea
0048
0044
0038
ffb4
fff3
ffee
0014
0024
001a
fff9
ffd0
ffc4
0044
000c
0025
ffab
006e
002d
0008
ffd4
ffe5
001d
ff81
005b
0033
0089
ff90
ffcd
0011
ffa8
000b
ffcb
0068
0020
0055
ff99
ffda
fff3
000f
002a
0009
ffec
ffdb
fff6
0006
000c
0018
ff9e
005e
0035
fff8
ffd1
ffec
fff4
ffa0
006a
0027
004a
ffad
fff7
0014
ffb4
000a
ffe2
0058
000e
005b
ff9f
ffdf
ff92
000a
ffde
fff2
0001
ffc7
ffea
001c
0017
ffd9
ffc1
fffc
0057
0008
0003
001e
ffbd
ffde
003a
fff3
003c
ffc0
ffc4
0058
0001
fff6
002a
fffd
fff8
002a
ffb1
ffd0
ffbf
ffda
fff0
0002
001d
0015
fff8
002e
0019
ffbc
ffbc
ffe0
0051
ffd9
ffe2
fff8
ffd0
ffad
0021
ffeb
0056
fff3
ffd6
0028
ffe5
ffec
ffe6
000a
ff90
003b
ff92
ffce
ffba
0022
ffba
0027
0023
005d
ffe6
000f
000f
ffb8
ffa0
ffc4
0035
ffd3
001c
fffb
001a
ffa4
0017
fff8
005f
fff2
ff9f
003e
ffdd
0010
ffd1
003d
ff3c
004a
ff7d
ffad
ff86
fff9
ff8d
ff9a
0048
00d3
fff4
0030
0022
fff1
0013
ffab
001f
ffe5
0008
fff5
0074
fff8
0024
ffe3
0038
0015
ff88
00a2
ffa3
0006
0060
ffe4
ff86
0057
ff64
ff90
ff98
ffd4
ff78
ff80
005b
00bf
ffcd
0034
0047
ffcf
005e
ff68
004c
ffbb
002d
ffd4
0098
ffeb
ffed
ffca
0044
fffe
ffab
00b8
ffab
001a
0093
ffa8
ffd5
002a
ffa0
ffb1
ffb7
ffe5
ffb6
ffda
003c
0055
0001
0012
003d
ffd0
0055
ff8e
0048
ffcb
0057
ffd7
005c
ffd1
ffe9
ffc6
0023
ffe9
ffdb
0044
ffe6
0000
0021
fff0
fff8
0009
ffeb
ffff
ffe5
000b
ffe5
fff0
0027
001a
0000
001b
fff9
fffb
0001
ffe9
0017
0000
0012
0003
000f
fffe
fffe
0002
001d
000d
0008
fff8
fffe
fff3
0005
000d
0005
0009
0001
fffb
0012
000c
fffc
fffd
fffe
000b
0000
fffc
0014
fffc
000c
fff5
ffff
ffff
000b
fffc
000f
fffc
fffc
0008
fff8
0001
fffc
0001
0006
0003
000b
0008
fffb
0003
fffe
fff6
fffc
0005
ffee
0004
000b
0004
fff7
000c
0003
000d
fffb
000e
fff9
000b
fff2
0006
0007
fffb
0009
fffe
fffc
0001
0003
0013
0012
000a
fffa
fffd
fff4
fff5
0006
ffff
ffee
0008
0008
0009
0000
fff2
0008
0008
000c
0003
fff8
0008
0006
0005
fffd
fffe
ffee
fff6
0001
ffea
fff3
fffd
000e
0010
ffff
fff9
000c
000d
0005
0000
ffff
ffd7
0005
fffe
0013
000c
fff5
0017
0008
0013
0007
fffc
0002
0000
000f
001a
ffdb
0015
fff7
0003
0003
0005
0016
fff2
0016
001d
ffe6
0003
0005
ffe6
0026
0001
ffdd
ffcc
001f
fffb
0017
001e
fff1
fff0
ffec
0018
0031
fff8
fff5
0000
000a
000a
ffba
0007
ffe4
000d
0009
0014
003d
ffda
0014
0017
fff7
fff8
0005
ffe1
002d
000e
ffb9
ffc8
000d
ffd8
0011
0021
ffd0
0004
ffc6
0027
001d
ffe4
ffeb
ffed
0023
0012
ffd2
000f
ffdb
002e
0021
0026
0019
ffe3
0005
001a
000e
0008
ffe2
ffe7
ffe9
002c
ffdf
ffb6
0006
ffd0
ffe9
0029
ffa8
004b
fff1
ffef
0015
fffc
ffed
0006
ffe2
0017
ffc5
0009
0001
005f
0013
0024
000d
fff2
ffec
0040
0025
001f
0011
ffd2
ff7a
0041
ffb7
fff3
0040
ffe4
ffec
0025
ffcd
fff1
ffab
ffd7
fff4
fff3
ffc1
fff7
ffde
003a
0026
0025
ffe9
0046
fff7
005b
000c
ffe6
ffbf
0021
0022
0010
0020
ffeb
ff4e
0048
ffd7
0000
0020
ffee
ffe1
0010
fff6
0026
0003
000d
ffee
ffeb
ffc8
ffe1
000b
0060
0049
0035
ffe6
0050
0004
0028
ffe6
0014
ffe3
0016
0014
fffd
ffe9
ffd6
ff0e
003f
ffd7
fffb
ffe9
ffc8
fff0
fffa
0030
0036
0001
ffea
ffee
0027
0004
ffe4
000e
001f
0034
0048
0013
0065
0008
001e
ffac
fff6
ffcd
0052
0029
ffeb
fff9
ffeb
fef4
003e
ffad
ffe1
000d
ffaa
002c
ffe8
000e
00a9
000e
fff6
fff6
001f
0023
ffcb
ffcf
0026
ffe7
0053
0027
0006
0058
0031
ffed
000c
ffd7
0058
0044
ffd0
0011
ffc8
ff51
ffe5
ffc4
000b
001d
ff7d
000e
ffa2
000e
007c
ffe1
ffc8
fffd
003c
002a
ffdc
fff3
000b
002d
0012
fff6
0024
0060
003d
ffce
ffed
ff86
005f
003b
fffe
fff9
ffd9
ff9c
000e
ffc5
000a
ffe7
ff85
fff4
ff52
002f
00ae
fff3
ffdd
001d
0065
0072
fff6
ffec
ffd9
ffff
fff8
000f
0040
007c
0072
ff90
ffd4
ffbf
0026
0004
0004
ffd4
fffc
ffac
002a
ffba
ffe4
fff6
ff59
0021
ff0b
fffc
0088
fff9
ffd9
0033
fff9
00c2
ffdf
ffe0
ffd4
ffd8
fffe
000b
002f
007b
005f
ffc1
0007
fff0
0004
003c
fff0
ffce
ff97
ff9b
0022
ffe9
ffa7
0014
ff61
0021
ff0f
002c
ffb2
ff72
001b
005b
ff6e
001d
ff9f
001f
ff9c
ff7a
ffb8
ffcb
0060
005a
005b
007c
0002
0031
0039
004c
fff1
0003
ffae
ffe5
ffe3
fff3
ffa8
0097
fff0
ffb7
ff9e
005e
ff9b
ff41
002f
0055
ffa3
ff13
ffd7
0031
ffb5
ffaa
ff6e
ffff
006b
0061
0049
00b5
ffea
0082
0029
001b
0014
0052
008b
007b
ffac
000d
ffba
0056
ff9c
fff5
004b
ffe2
fff4
fff7
003a
0023
002a
ff60
006c
004c
ff95
ff87
ff4f
0078
ff79
0092
ffef
007d
fff7
0034
0029
ffcc
0020
0025
0092
0046
ffcd
ffb9
ffc8
000b
ffad
001d
005b
ffe6
ffba
ffb9
0067
0006
fffc
ffe0
006e
0046
ffde
ff31
ffb3
0062
ff9f
006d
0036
005f
ffff
0011
fff9
ffa9
ffe1
ffc1
0066
002d
ffed
ffb7
0001
ffa5
fff8
0012
0046
ffd9
ffc1
fff3
007a
fffe
ffec
ffce
006d
0081
001d
ff4c
0013
0008
ffe4
002b
0024
0034
ffda
ffd4
fff0
fff3
0001
ffc0
00a6
0047
001f
ffc2
fff3
fff0
fff3
0027
000a
ffe8
ffb3
fff5
0061
ffde
ffd2
ff9f
004b
0045
0013
ffcb
0022
ffc9
ffb9
0061
0028
002a
ffa5
0006
fff6
ffe9
0000
ffba
00c1
0059
003c
ffc6
ffe0
ffe5
fff5
0035
0013
ffe3
ffa9
ffe4
004c
fff1
ffc9
ff87
0044
005d
0021
ffa9
0001
ff9b
ffb8
004b
001a
001b
ffe5
ffe3
0011
ffd1
002d
ffc6
0085
ffea
0037
ffaf
ffd3
ffff
0025
000d
ffe1
0008
ffbc
ffd3
0053
0045
ffc8
ffde
0028
0045
0032
ffbc
0024
ffb6
ffe8
002a
0000
0035
ffe5
ffd2
0012
0010
ffff
ffc0
004f
ffb7
004d
ffbf
ffab
fffa
000a
0037
fff8
ffd6
0016
ffce
0051
0029
ffcd
ffcb
000d
0024
0000
ffd1
0009
ffc5
ffd8
0025
0003
003d
fff8
ffbd
000a
000b
0002
ff82
006c
ff66
0065
ff9c
ffcf
fff5
0026
ffcd
ffd2
fffa
003e
ffb6
002f
0011
ffc4
ffab
ffc0
002d
ffda
0024
fffe
001b
fff0
003f
0002
ffea
000a
ff7b
0012
fffd
fff8
ffdf
007f
ff64
0067
ff7f
ffb7
ffcf
0028
ff70
ffbe
003c
0096
ffd5
0021
0025
0000
ffc7
ffc5
0007
ffe3
0017
fffa
0081
002d
0046
0010
ffde
ffe9
ff8f
0056
ffaf
001a
0020
0049
ffa4
0053
ff7c
ffb3
ffa8
0008
ff9d
ffb4
0054
009f
ffd9
0011
003b
ffce
0015
ffaf
0027
ffb9
001a
ffc5
00ac
fff1
0006
ffd8
0015
0015
ffb5
00a0
ffa2
000b
0075
ffd8
ffd2
002f
ffaf
ffc8
ffce
fffb
ffa6
fffc
003c
0052
fff5
0006
0028
ffcf
001e
ff8f
0044
ffba
003d
ffd2
0066
ffe1
fffb
ffce
001b
0000
ffda
0029
ffe3
0011
002a
ffe9
fffc
0013
ffde
fff8
fff4
fff5
fff8
fffe
000c
0006
000f
fffc
ffff
fff0
000f
ffce
001a
ffdd
000e
fff5
0022
0003
0005
fffa
000b
0008
fffe
000d
0000
0006
0002
fffc
0010
0002
000d
fffb
fff9
0005
fffa
fffe
ffe8
fffd
fffb
0014
0002
ffff
0000
fff5
0004
0005
0008
fffc
0005
fffb
0007
0002
fff5
0007
fff1
0000
0007
ffff
fff7
fffc
fffb
0008
0006
fff5
0008
0008
0002
ffed
0008
0004
0008
ffeb
fffa
0001
fff8
0017
fff4
0005
000c
0011
0007
0005
fffb
fffe
ffec
fff6
ffff
ffff
0009
0004
fff6
0008
0003
fff0
ffed
ffee
000d
0001
0007
fff8
fff2
fffa
0000
0009
fff7
fff0
ffec
0002
000a
0002
fffc
0000
fff8
0008
0006
000e
0012
0000
fffd
0004
fffe
fff1
ffef
fffa
fffd
0007
fff5
ffcd
001a
fff6
fffd
ffeb
fffb
0003
ffec
0019
0012
0006
0005
000a
0005
0005
ffea
fffe
ffff
fff1
0005
000f
0011
ffeb
0018
0001
ffec
000b
fffe
ffdd
0026
000d
fff2
ffca
0023
ffef
0016
0013
ffdc
ffff
ffe7
0027
001f
fff9
fff0
000a
0009
000e
ffb7
0009
fff7
000d
0003
0022
000f
ffdf
001f
001b
0001
0035
fffd
ffca
0004
0016
ffcd
ffc0
003c
ffe3
003e
fffa
ffda
001e
ffc6
0009
002f
ffef
fffa
0006
0021
000a
ffd3
000d
ffdc
0026
0033
003e
fff4
ffdf
0010
0010
0033
0022
ffe1
ffe8
ffa8
000f
ffd8
fffb
0015
ffe3
0038
ffb1
ffad
0035
ffea
ffd0
0010
0014
0002
fffc
fffc
002e
001a
000e
fff5
006a
003c
0050
ffab
ffdc
ffe0
001c
0020
0036
ffec
ffe4
ff31
0037
ffad
001d
0032
fffa
000c
ff83
fff7
fffe
ffc2
ffd9
fffb
0024
000e
fff5
ffd6
0035
0036
0023
0009
003b
003b
0070
ffce
ffd0
ffd7
0029
0041
0029
fff4
ffe6
ff17
0043
ffd7
0006
002b
ffe9
0013
ff4c
0011
005f
fffa
0010
0003
0036
0039
ffd5
fff7
0041
0031
001f
0013
008c
0094
0086
ffa2
ffb4
000f
0008
0033
000e
ffef
ffd1
ff25
0032
ffb8
003e
0010
ffd2
002e
ff26
0046
0049
ffef
ffbb
ffd7
0063
003f
ffd7
ffd0
fff1
0040
001b
0000
0031
0069
0069
ff55
ffaa
0019
0025
004b
000b
ffd2
0012
ff8c
0000
ffad
ffd8
002a
ffb7
002f
ff08
fffc
0042
001f
ffd2
002f
002f
0036
ffb1
fff1
000a
0000
0046
fffe
0048
0075
003d
ff93
ffa8
ffed
0033
004c
0026
ffd4
ffe0
0000
ffdd
ff97
ffe4
ffcb
ff6e
fffe
fed5
ffdc
004f
0013
000b
0029
0031
006d
ff8b
ffcd
ffff
000d
002e
ffeb
0056
0066
000a
ff62
ffa4
001e
0031
ffee
0059
ffde
fff2
003d
001b
ff73
ffff
0007
ffbe
0023
ff3a
fff7
0032
ffd8
0014
ffff
0013
003d
ff7d
ffe3
ffe2
001d
ffeb
0016
fffd
004e
0048
ff51
ffa9
0041
0042
ffbf
00a9
ffe5
000c
ffea
ffeb
ffc1
ffad
fffc
ff5a
0034
ff76
001a
0078
ffeb
0029
0011
ff80
003a
ff6e
004c
ffc7
ffff
ffc2
0022
fffd
0025
0021
ff53
ff8a
ffe0
0025
002c
0096
0001
ffe0
ff5b
fff4
ffb5
ff58
0013
ffaf
ff9c
ff2d
00d5
000b
ff3b
0097
fffc
fee9
ff84
ff00
0091
ffbc
0036
ffc5
0055
0056
0029
004d
ffc6
ffcb
0045
0063
0087
0062
0065
ffd7
ffe7
ffb8
fff5
ff6e
009d
ffe6
ffac
ff88
00cb
ffdc
ff70
0071
ff94
ff29
ff1c
ff24
00a8
ffdb
008a
ff89
0081
0001
004b
0047
0011
ff9c
0090
007c
0084
0058
007e
0029
005c
ffa6
0019
ff91
0086
ffe5
0066
003f
ffde
ffe5
ffe4
0046
ff8d
ffc1
ff85
ffc8
00b7
ffbb
0016
ff86
0048
ff65
008c
002a
0009
ffec
0060
006b
002a
0028
005d
fff6
0018
ffdd
000f
ffcf
0008
ffe6
0080
0035
ffbf
ffea
000c
000d
ffbd
ffe3
002a
0031
0053
fff7
ff9e
0005
ffbb
ff8e
004e
0037
ffdf
ffa8
004c
0041
ffc9
000f
000c
0000
003a
fff7
0003
0001
0020
0019
0067
0024
ffd8
ffe5
ffa6
0064
0022
ffd9
001d
000c
0064
0047
ffb0
003f
ff8d
ffb6
004b
0025
ffcb
ffe2
0022
0005
ffd9
000a
0001
fffd
002e
0017
fffc
ffeb
0009
0046
005f
0033
fff3
ffcd
ffbd
0039
000d
ffc1
ffd9
0033
0007
003a
ffa2
002b
ff83
ffd5
0002
0067
fff5
ffce
0017
ffef
000a
001f
ffbe
0058
0010
0014
0025
ffbe
0018
002a
0061
0052
0008
ffce
ffe2
0054
ffe2
ffd4
ff92
0058
0011
006f
ffbc
0044
ff84
0003
001b
0045
ffd7
ffcd
0047
ffb2
0004
0052
ff99
006c
ffd0
000c
001e
fffe
0072
0078
0050
0001
0014
ffb5
ffd2
0026
0004
ffe6
0008
0064
0018
0051
ffb4
001f
ff72
ffff
001e
005a
fff4
0018
000f
ffa0
001d
0013
ff96
0074
ffb3
0037
0023
ffee
0072
0052
0027
ffe0
ffe5
ffda
ffd5
0031
001e
0024
ffe2
0050
fff6
002e
ffa9
001d
ffa7
0019
0001
0054
fff8
ffe8
fff2
ffd1
0040
0010
ff99
00a4
ffae
0056
ffcf
0020
0043
005d
fffc
ffd3
ffd0
ffe7
ffa9
002b
ffef
002e
ffc5
0025
ffc5
0027
ffe9
0024
ffd7
002a
0053
0088
ffaf
0003
ffe6
ffc0
0033
0018
ffbe
00b3
ffe0
0039
fff4
0014
0011
0035
ffcf
ffca
0034
ffef
ffdf
0010
ffdb
001a
ffc8
0019
ffea
000b
ffea
001d
0013
0043
0027
005b
ffa1
ffe1
ffa3
ffe2
0020
fff8
ffc3
0075
ffea
0020
ffcf
000c
ffdb
0018
ff98
ffe6
003a
000f
ffdc
000f
fff1
fff4
ffcc
ffe8
fffd
0000
0011
001b
0031
004b
0032
0025
ffeb
fff8
ffce
003c
fff3
0001
0031
0000
fff4
0010
ffd8
fff0
ffea
0009
ffc9
0007
001b
000e
fff0
fff1
0003
ffee
fff7
ffd7
001e
ffe9
0014
ffec
0037
000f
002e
fff4
0016
ffe6
ffe8
001b
fffc
0004
0007
ffed
fff7
000e
ffd5
ffec
fff0
000e
0000
fffe
000b
000f
fffe
fff9
fffd
fff5
fffb
ffef
0009
fff5
fffe
0006
0001
fffd
000e
0001
0009
fffa
0005
0005
000e
fffd
fffd
fff7
000d
fff5
0001
0015
000f
0001
0002
000b
0006
000c
fffe
000a
fffa
fff2
0001
0003
fffe
000a
000c
0000
0001
fff3
fffb
fff6
ffff
fffa
fffc
000a
fffe
0009
000e
fffb
0006
0005
fffa
ffef
0010
0014
fffc
000d
ffea
000a
0002
fff4
fff6
ffff
0008
0008
0001
000a
fffd
fffa
0002
000a
ffff
ffff
fffd
0002
fff1
0011
0003
0004
000e
0009
000e
0002
ffff
fff2
fff7
fff7
fffe
fff7
fffe
fff5
0001
fffc
0002
000b
fffd
000a
fffd
0003
fff1
ffef
fff7
fffb
0001
0004
0008
fffa
0003
ffff
0008
0000
0005
ffec
0001
0003
0003
ffd3
0018
fffd
fffc
fff5
0005
fffe
ffe7
0007
0011
0002
fffa
fffe
0005
fffb
ffe4
fff7
0002
fffc
000b
0003
0009
fffb
fffa
fffb
fff2
0013
000e
fff2
fffe
0001
fff5
ffc9
0016
ffff
0012
0006
ffe2
000a
ffd8
000f
002d
fff3
ffde
0009
fff3
000d
ffe0
fff5
fff4
001b
0002
000d
fffe
ffbf
0033
000e
0005
0038
ffdd
ffce
ffdf
000e
ffce
ffed
0038
0011
0041
ffe0
ffe4
001b
ffb2
000b
0028
ffd8
0022
fff3
0004
0007
000c
000e
ffec
001a
002a
004e
ffcb
ffb2
fff3
001e
ffff
0032
ffd0
fff0
ff9b
0016
ffa9
0018
0045
ffde
0044
ff55
ffe8
002b
ffaf
ffe1
0027
000c
0049
0003
ffe9
001e
0039
001c
ffee
003c
005e
004f
ffa3
ff9d
0015
000c
fff2
0083
ffbf
0007
ff58
002b
ffb0
0015
0036
ffbc
003e
fedd
fffe
0035
0018
ffbb
000e
0019
006f
ffe0
ffdb
001a
0048
0014
0010
0021
0058
0031
ff75
ff70
003a
0032
0029
006e
ffd0
ffe7
ff8c
0042
fff5
ffd0
0043
ffbc
005c
fec2
0009
0029
0033
fff6
0022
0038
005b
ffd9
0027
0020
0012
0018
0028
003b
007f
0021
ff60
ff93
0038
0032
fff9
0084
fff8
ffc3
ffc8
002e
ffe3
ffd9
fff1
ffa6
0057
feb6
ffef
fff5
0006
ffc9
0044
004c
0087
ffa9
001d
ffe9
0008
0023
fffa
000c
005e
0017
ff9a
ff77
0049
0013
fff9
00b9
fff0
000e
0038
ffd4
ffcf
ffee
0025
fffb
0026
fee4
002e
001d
ffea
ffdb
0030
0017
0058
ff96
ffea
ffe4
0022
003c
ffdb
ffff
003a
0023
ffa0
ff6a
0024
003b
ffb7
00c6
ffe7
0015
002d
fff3
ff80
fff8
ffec
ffdd
002c
ff31
000b
000f
0048
ffff
001d
0009
007f
ff6e
0007
ffe1
0048
001f
0013
ffda
0007
ffaa
ffb4
ff91
0054
004d
0006
00d0
ffeb
0029
0012
0001
ff9b
0000
ffe4
ff97
0027
ff8d
ffda
0033
00a3
ffde
002d
000f
0043
ff8d
0038
ffc7
001f
fff4
002c
ffae
ffea
ff9e
ff66
ffa1
0037
001d
fff6
00f8
ffe1
0030
0010
ffd3
0007
fffd
ff8c
ff3f
ffe1
ffc3
fff6
0079
00ad
0053
0005
ffb4
001d
ff8e
005e
ff91
0047
ffa4
0042
ffc8
000a
ff9e
ff44
ff87
0007
fff5
0020
00c8
ffd7
002a
ffa2
fffb
ffcf
0013
ffb3
ffa4
ffbd
ff88
00ca
0032
005d
004c
ffa6
ff72
ffe4
ff45
007b
ffa3
00b4
ffe4
005c
ffc5
001f
fff1
ff70
ffba
fffe
0047
0071
0037
002f
ffe8
002f
ff9e
000d
0049
0085
0059
ffe3
ffae
0086
ffa8
fff0
002d
ff61
ff85
ff3e
ff38
00ba
ffaa
00d3
ff95
0025
ffd4
0045
0058
ffd1
ff6b
0017
007b
00a5
0046
0081
fffa
002a
ffd3
004c
ffd9
003c
002d
006b
ffe8
ffcc
ffa4
004a
fff7
ff7a
ffd8
ffae
ff95
009e
ffcd
005e
ffec
ffd1
ffab
0046
001a
ffe1
ff8c
0074
004e
0016
0056
006c
ffe9
0039
ffda
0010
fff6
0024
fff3
006a
0010
ffde
ffbd
0007
ffd7
ffa8
ffbb
0009
ffe0
0044
fff1
ffe1
0031
ff53
fffa
004d
002e
ffe6
ffab
0036
0014
ffdf
0031
ffd6
ffe5
fff9
ffce
ffd7
0004
0024
000a
007a
fff6
fffa
000d
ff91
0011
fff9
ffe9
0009
ffdb
fffa
000e
ffd3
0038
ff6d
fff4
0034
0052
ffa7
ffdb
0034
ffea
fff8
001f
ffa8
ffb5
ffff
fff4
000d
fff2
0035
001f
0078
002d
000c
0005
ffe0
fff5
ffc3
ffde
ffe5
ffdc
ffd0
0068
001f
003f
ff6a
000a
fffb
006c
ffbc
ff91
0003
0011
ffb6
002b
ffc2
ffeb
ffde
0006
0002
0035
0007
0003
0048
0006
001d
000c
ffd3
0018
ffb4
002e
ffd2
0002
ffa4
009b
0015
0044
ff85
000e
004f
003e
ff9e
ffef
0002
ffe4
0007
001e
ffb6
fffe
ffb3
fffc
0035
0045
005f
000d
0051
ffd2
ffe0
ffe4
ffc5
0034
ffc2
0028
0005
001b
ffb3
0077
fff7
003d
ff79
000b
0031
0024
ffcc
ffeb
ffe0
ffac
004c
0005
ffd5
002e
ffc8
fff9
003c
0044
003b
ffff
0026
ffc5
ffc8
0001
ffe5
0004
ffb8
0029
000c
0002
ffa0
0051
001e
0028
ffa1
0011
001b
0077
ffa2
ffdb
0005
ff6f
004c
0034
ffcf
007d
ffdc
0016
0001
0048
0053
0014
fff5
ffa8
ffda
fffb
fffd
0017
ffda
004a
fffe
0024
ffb0
003b
ffdf
0049
ffe0
0044
004b
0057
ff6e
ffd6
0025
ff45
003b
002f
ffc6
00a3
fffd
0016
fff7
0039
002a
000b
ffeb
ffaf
0024
ffe2
ffe1
0000
fff0
004b
ffea
0025
ffc7
0039
ffff
0051
ffce
0092
0014
0063
ff86
fff4
ffec
ff6c
0030
000a
ff91
007d
0019
0010
001b
002a
ffe4
000e
ffcc
0004
0029
ffbc
0005
ffe6
ffff
0024
ffc0
001d
ffdc
0034
fffa
003c
ffdc
006a
ffed
001d
ffd5
ffeb
fff1
000e
fffe
ffef
0002
001f
000c
000e
ffee
0012
ffea
0011
fffa
0017
000e
fffa
000a
fff7
0001
0003
ffd8
fff2
ffff
0013
fff5
0001
0000
000b
0014
000b
0000
fff0
ffee
0009
fff5
fffa
fff7
000c
fff5
fffe
fff7
0000
fff3
0018
0011
0013
0003
0001
fff9
0004
fff7
fff5
ffed
fffc
0007
000c
fff0
000a
0003
0005
000a
0007
0001
ffff
ffff
fffe
fffd
0000
fffe
fffc
0015
0009
0000
0001
0003
fff9
fffb
fff2
fff8
0004
fff0
0002
fffe
fff8
0009
0002
fffd
0009
0006
fffc
fff2
fffd
fff5
0004
000b
000f
fffc
0008
fffb
0000
000a
0001
0005
000a
fffd
0007
0017
0001
ffff
0007
fffe
0007
0006
fffd
ffff
0009
fffb
fff1
ffef
0002
fff8
fff4
fff2
fffe
ffff
0005
0002
0010
0009
0000
000a
0003
fff2
0005
000a
fffd
0003
fff8
000a
0004
000e
fff4
000d
0002
fffd
fffb
0006
0008
0006
ffff
fff0
ffff
fff8
ffff
fff6
0000
fff5
ffff
0001
0003
0008
0000
ffe5
fffc
fff6
fff5
fffd
000e
000b
ffe7
0010
0013
fffb
0004
0008
fff7
ffeb
000b
000a
000a
000c
fffb
0005
ffff
ffdc
0001
fffa
000e
0004
0012
0011
fff4
000d
ffdf
fffc
0028
0010
0008
fffb
fffe
fffd
fffa
fff1
fff9
0016
fffc
001f
ffe7
ffe1
0021
0019
ffee
fff5
fff7
fffd
0001
ffdf
000b
0004
002a
0002
0003
0002
ffbb
0027
0002
fff7
003d
ffec
fffe
ffea
000b
ffbb
fffe
0034
0016
003a
fff8
ffec
fff8
ffb8
000a
001a
ffed
0039
fffb
0000
0000
0023
0003
ffe8
fff7
0027
003e
ffcd
ff8f
0006
0017
ffcd
0072
ffd4
ffff
ffea
001e
ffd3
0013
002a
ffe0
0048
ff3e
fffe
0043
0014
ffe3
0033
ffeb
0077
ffe3
ffef
001e
0041
fffc
0001
000c
0024
ffe7
ffb8
ff7e
003b
fff4
ffdd
00db
ffa9
0022
ffbd
000e
fff5
0004
0027
ffb6
0056
fee9
fffa
001f
0031
ffbf
0017
0022
0081
ffd9
ffe0
0023
0045
000c
0004
ffe3
0044
ffd4
ff77
ff6e
0057
0026
ffed
00f3
ffbb
0002
ffe0
0028
000b
0007
0012
ffad
0040
feeb
0005
0008
0035
ffde
0016
002a
0076
ffe6
0022
0022
003b
fffc
0026
ffb6
0048
ffd2
ff8c
ffc5
0052
0029
fff1
013a
fff7
0005
0005
0014
000b
0014
fff4
ffdf
0040
ff3e
ffff
001f
0023
ffde
002b
0068
0050
ffd6
fff5
0007
0024
000c
0003
ffbc
0051
ffce
ffc9
ffbf
fff7
0028
ffb9
0133
0000
0009
0047
ffe8
0016
000e
ffeb
ffc6
000c
ffb2
0000
000c
0038
ffc9
005d
0032
0019
ffa0
ffc4
ffd2
0038
003f
0011
ffb9
000d
ff9f
ffd6
ffb2
ffdd
fffa
ffe3
00de
ffef
0023
fff5
0011
0008
0003
000e
ffef
0022
ffc6
fff2
0025
007b
ff69
003f
0073
0054
ffc0
ffed
ffc6
0005
fff6
0016
ff90
ffeb
ffc2
fff2
ffd4
ffdc
0057
0009
0098
0010
0029
ffc9
0014
fff0
002f
ffaa
ffaf
0011
0006
ffc8
0045
00a8
ff7a
0011
0087
0034
ffea
0011
ffda
0016
ffd2
0036
ff8c
0013
ff6e
ffd9
ffdb
ffc2
0018
002c
006e
ffe6
000b
ffcd
0007
000a
008a
ff61
ffbb
ff97
0004
003c
0046
00d2
ffae
ffa2
000d
fff4
ffc0
fff1
ffd2
0047
ffe3
0053
ffbd
001b
ff67
ffb8
0037
ffd4
0035
0039
001d
0015
0027
001d
fffe
000d
00da
ffb7
002a
ff90
0007
0101
fff3
0044
ffc7
ff9b
ff7d
ff6f
ff9d
0013
000c
00aa
003d
004f
ffef
002e
001a
000e
0032
ffd2
003d
004e
ffdf
0042
ffcd
0027
ffb4
001f
0068
0049
0050
0025
ffe3
0036
ffce
ffbf
ffbf
ff79
ff9e
ff6c
ff9d
0061
ffe4
0068
ffc9
0006
0001
0024
005a
fffb
fff1
001b
0087
00a7
005d
0062
0044
0014
ffbb
0029
0032
000d
0034
0055
ffb3
fff8
ffd0
0034
ffa5
ff5f
ffb4
ffab
ff64
0049
ffd3
002e
ffe1
ff7e
fff1
0039
fffa
ffba
ffc9
0071
0067
003a
0039
0057
002c
0019
ffb6
fffd
003e
0031
000d
003a
fffc
003a
ffa0
0039
ffea
ffa3
ffea
0000
ff83
0009
ffe1
0009
fffc
ff49
001b
0051
0031
fff4
ffe3
0055
0040
ffd4
fff8
fff2
fffc
000e
ffb8
ffe0
0061
0024
fffd
0080
000c
ffff
fff1
0018
fff7
ffd7
0019
001f
ffdb
0016
ffd4
0019
ffd1
ffa1
fff6
0027
0033
000a
ffc0
fff9
0005
ffeb
0038
ffc6
fffc
0019
ffdb
ffe7
007a
004d
0007
0051
000b
ffef
000f
fff5
fff3
ffbe
0025
fffa
ffaf
ffd7
0046
0059
fffc
ffb1
0008
004c
0010
fff3
fff5
ffd3
000e
ffc3
002e
000a
0005
ffe7
fffe
0008
009b
005c
fff0
003f
0008
0017
0025
ffe6
fff6
ffa2
003d
fff5
ffdc
ffc2
0083
002a
0045
ffc8
ffea
0004
0000
ffd5
ffbd
ffea
0023
0018
0025
0024
ffe3
ffd6
fff1
0007
006e
0040
fff1
0048
ffdd
ffc1
0015
ffe4
0008
ff84
0021
ffc4
ffba
ffe3
0067
000e
0041
ff95
ffec
004f
fff8
ffc3
ffc3
0029
ffc2
0010
fff6
0007
ffe6
ffdc
ffe8
0028
005a
003a
ffdc
0023
ffda
ffbd
002a
002b
fffc
ffae
003d
000a
ffdb
ffd3
004e
fffe
0051
ffd6
fffb
fffa
0037
ffac
ffcf
001e
ff93
0015
0024
ffdf
0036
ffeb
000f
0020
0010
001c
ffe8
0029
ffd3
ffe6
004f
002d
0013
fffe
005b
004b
0013
ffc2
0043
fff0
0036
ffef
0044
ffe6
000b
ffc5
000a
003d
ff5f
0038
002c
ffcd
0074
000f
0016
0024
001e
002a
ffca
fff3
ffbf
0002
fff2
003e
ffe9
001e
0042
0038
004d
ffaf
0048
ffcd
003e
fff4
00af
ffbb
0014
ffb4
0014
003a
ff89
0023
0001
ffce
0052
001c
001b
002f
0001
000a
ffe2
ffe4
fff6
0025
ffcc
002c
ffe2
000d
0029
fff9
0036
ffd5
0024
fff0
0022
fff4
005c
ffd4
0004
ffe1
fffb
fff3
000b
000c
ffe1
0016
001f
000e
001c
0007
0011
fff6
0010
fff6
0031
0007
ffe2
0015
fffb
0002
000b
ffde
0009
0006
0021
fff6
0012
fff9
fffb
0001
001d
000a
0000
ffeb
0005
000d
ffec
000e
fff2
ffff
000c
0007
0008
fffb
0006
fff6
0011
000d
fffb
fffa
ffff
0006
0001
ffe4
fff6
fff0
0011
fff3
0003
0001
000c
0002
fffd
ffff
fffe
fff9
000c
000c
fff8
fffc
fff5
000c
0009
ffff
fff4
0000
ffe7
0000
0006
000b
0001
0009
000d
fff1
0008
000e
fff0
000d
fff4
fffa
fff8
fff3
fffb
0006
000e
fff7
0014
0006
0005
fff9
fff9
fff5
fffb
fff5
ffec
0005
ffff
fffd
0000
0001
fff8
000d
0008
0001
fffe
fff5
0001
000a
000e
0000
0008
fff9
fffd
0001
0007
000a
fffb
0000
0013
fffb
fff4
ffff
ffff
0004
0002
0000
0004
0005
fffa
fff6
fff6
000f
0013
0004
000e
fffa
fffc
0007
fff8
fff9
fff6
fffd
fffc
0008
ffef
fff4
ffe4
fffb
fffb
0003
fffd
0007
ffff
fff7
fffd
0004
0004
ffeb
fff8
0004
fffa
0009
fffd
0007
fffd
fff9
0000
0007
0013
0013
0000
ffed
0000
0007
fff4
fff0
000c
fffc
0006
0009
0002
000f
fff5
fffb
fff6
fffb
001b
0012
ffff
000a
0009
0002
0004
0018
fffc
ffff
fffa
0013
fff1
fffc
0002
0011
fff6
0000
0005
fff8
fff5
ffed
0004
fffa
0016
0004
ffe6
ffee
ffdc
0004
fff5
ffe3
004a
ffeb
fffd
0013
0005
0003
0025
0002
ffeb
001e
000f
ffed
ffdc
fff0
fff2
fffa
ffe4
001d
0005
ffef
0007
0017
0001
fff7
ffb9
0003
ffcd
ffe9
ff94
0009
fff8
ffb2
0091
ffbf
0018
0026
001e
0008
fffc
0003
ffb4
002c
ff78
ffe4
002d
0031
0017
0015
fffc
007c
001a
fff6
000f
0007
000f
0012
ffce
0003
ffa8
ffde
ffd5
002b
ffb5
ffcf
00cc
ffb1
0044
fff1
0029
0039
001e
0004
ffeb
0022
ff62
fff9
0008
0037
ffb8
0015
002e
009a
0034
ffe5
0022
004a
000e
0016
ff8a
fff7
ffe7
ffb8
ffe6
0025
ffb7
ffa5
00eb
ff9f
0046
0032
002d
003d
0009
000a
0000
000c
ff8c
ffe9
001f
003b
ffc9
0036
003c
006d
0065
fff4
0034
0028
0017
002e
ff73
ffcb
ffc2
ffdd
003d
002d
ffe6
ffae
00d3
ffcf
001b
0030
0027
005e
0035
0010
ffc6
000b
fffe
0000
0037
0046
ffc2
002b
005b
0030
0022
ffcd
0039
0033
000f
0005
ff7c
ffe9
ffa7
ffee
0017
fff0
ffe2
ffe6
00aa
0004
001e
fff5
ffe6
0061
0022
0018
ff97
ffda
0041
0004
0019
0085
ffa5
0026
0017
fff1
ffc0
ff90
fff0
0062
000d
003e
ff52
fff8
ff72
ffb9
0013
0003
ffcd
0007
0044
ffec
0016
ffc6
fff7
0042
fff2
fffe
fff6
fff5
0020
ffdc
0036
007e
ff82
000d
0053
ffdd
ffc7
ffc4
0019
000c
fffa
004d
ff85
0008
ff7f
ffe9
001e
ffe2
ffec
0063
0007
ffc2
003c
ff9c
001c
0024
005e
ffd4
ffd2
ffea
001d
0024
0012
0099
ff52
ff91
0068
ffcf
fffc
ffd5
003a
000e
0008
003b
ffd8
0027
ff85
fff4
0015
ffe1
0025
002d
fff9
ffb1
0016
ffcf
002d
001f
00b1
ffad
ffc6
ffad
0033
00ba
0013
00a8
ff57
ff56
ffe2
ff9e
ffa7
001a
0009
003b
ffe8
0004
ff81
0013
ff88
ffd7
005e
fff2
005d
0028
ffb0
fff3
ffee
ffe5
ffef
001b
0099
ffcf
0014
ffc1
001d
00a7
0033
000c
ffc2
ff9d
ff72
ff4a
ffa9
002f
0025
0067
002c
ffff
ffe8
0059
0021
ffff
004e
000a
0048
0078
fff9
003b
ffb8
001a
ffc3
000d
0040
fff5
fff2
0026
ffff
ffff
fff0
ffd0
ffdb
ffaf
ff5e
ff77
ffa9
003b
fffa
008d
ffc5
ffdc
0021
0017
0032
ffe3
0032
003a
003e
0079
0057
0069
0025
000a
ffe9
0015
ffd6
0047
001c
006b
ffbb
0014
ffe3
0006
ffec
ffe4
ffe7
ffda
ffc3
001c
fff5
0065
ffd4
ffae
fff2
0010
0034
ffda
ffea
0040
004a
0046
0026
0027
006c
ffe6
ffca
fff9
0025
ffee
fff0
0065
ffff
0006
ffbb
0028
ff9b
ffbc
0035
fff5
ffb4
ffe4
ffe2
0067
ffc9
ff6d
ffad
002a
0011
0008
ff91
0051
0041
ffe9
001c
ffaa
0042
0003
0012
fff0
0031
ffc4
ffa0
0092
ffe9
ff9b
0002
0073
ffc1
ffaa
005c
fffd
ffb5
0036
fff4
0026
000e
ffb1
ffaf
004b
ffec
ffdb
ffea
003e
fffd
ff9e
0024
ffea
0002
0036
002d
ffea
0052
003f
fffd
0043
0029
ffc4
000e
001b
ffcc
ffd6
002f
0001
001a
0018
0038
ffbf
000f
ffca
0006
0035
fff1
0005
0024
0039
fffd
ffd1
fff7
0003
0012
002a
001b
0016
0036
0048
0012
008f
fffb
ff96
0005
fffc
ffdd
ff9c
0017
0000
0005
0018
004e
ffa3
0034
ffae
ffe4
004c
ffe9
0000
ffe3
0037
ffdb
ffed
0023
ffde
fff0
ffe4
fffc
0014
0012
006c
0008
007f
ffeb
ffbf
0007
0011
ffe9
ffb2
002b
0030
0011
003a
0051
ff99
003a
ffdb
ffeb
fff0
ffe5
ffdb
ffb4
004a
ffc0
ffbf
0019
ffde
ffed
0016
0014
000e
0008
0010
ffd7
0031
ffda
fff8
0012
0032
0039
ffd0
0022
0005
0000
0045
003e
ffd9
003f
fff8
003c
ffcf
0006
ffd7
ffdf
0046
ffb8
ffef
000e
fff2
fff6
0003
0023
0025
ff9d
0032
ffba
0036
ffeb
ffeb
002c
004e
000c
003a
001d
0073
0028
0013
0031
ffc0
0027
0025
0063
ffde
fff2
ffee
fff2
0056
ffbb
fffb
0027
ffed
0029
0029
001e
002b
ffae
0026
ffb4
0015
ffc2
0019
fff4
0047
000a
0049
0029
0061
0033
000b
0033
ffa3
001e
002c
0090
ff97
ffd0
fffa
0016
002d
ffbd
fffd
0007
ffed
0041
0010
000a
001f
ffdc
003e
ffc7
ffd4
0005
0037
000a
0031
0009
001b
0026
0031
0035
fffb
0010
ffc4
0003
001b
0043
ffb4
ffef
0007
fffa
0006
ffdb
fff5
ffd0
0012
0011
0008
0002
0003
0009
001c
fffd
fff5
0035
0007
ffe8
000f
0000
0010
0008
fff7
0008
fffb
fffd
fff1
0003
ffef
ffeb
fff9
000e
0015
0011
fff1
fff6
ffea
ffdb
fffa
fff6
0009
000d
ffeb
000f
0004
000f
fff7
002e
000c
fff3
ffe6
0005
000a
fffc
ffec
0018
fffe
fffe
fff7
000d
fff2
fffc
fff7
0002
0017
fffc
fff3
fffd
0008
0000
fffc
fff7
0004
fffe
0005
fffc
0005
000b
fff8
0009
fff7
0006
fff1
fff8
fff1
0004
fffd
ffef
0000
fffa
000a
fffa
fffa
0001
fff8
0008
ffee
0016
fff5
fffe
000d
0003
0012
0008
fff2
0002
000f
000c
0015
0004
ffed
fffc
fffe
fff8
0007
fffb
0000
0006
0003
fff9
0004
0007
fff9
0004
fffd
fff6
0004
0004
0000
ffee
0002
ffea
0009
0014
0017
fffd
0004
fffb
0008
0004
0001
000b
0006
0004
ffef
0009
0002
0003
fff5
fff3
fff9
fff9
fff7
fff0
fffe
000b
000e
fffc
0008
fff8
fffb
fffb
fff9
ffff
fff7
fff2
fff8
fffc
fffd
0001
0011
fff4
fffb
ffed
0005
0009
fff3
0010
0002
fff3
fff0
fff1
fffc
fff0
0002
0011
0002
0002
ffff
fff5
fff3
ffed
fff7
000e
0005
0010
0003
fffe
001a
fff5
000f
000e
0017
0017
ffef
ffef
fffb
0015
fff4
fffb
002c
0009
0008
0002
fffa
fffb
0003
ffff
0001
001c
fffd
000b
0002
ffd3
0003
fffc
ffec
ffed
ffdc
004a
fff7
000a
003b
000e
001e
0027
0007
fffc
0008
0041
fffe
ffe3
0001
0015
ffe2
000c
0013
0029
fff0
fffb
ffdf
000e
ffea
ffc1
0007
ffe4
0015
fff2
fff1
ffb2
ffb1
0063
ffbd
003f
002c
001b
002b
002c
ffbd
fff0
fff6
fff3
0024
fff7
0019
0008
ffe4
0023
0056
0064
ffd3
000f
ffee
0010
000d
ff9d
fffa
ffdc
0017
001e
002e
ff76
ffc4
0077
000a
0041
0051
002a
005e
0031
fff2
ffea
ffff
fff3
fffd
0003
003b
ff92
fff7
0023
005d
00a9
fff5
0020
001e
0014
0004
ff73
0000
ffcf
ffd0
0026
0014
ff8a
ffcb
005a
ffca
0040
003f
0056
0060
fffa
0024
0003
0004
ffcb
ffbd
003e
004f
ffad
0019
0045
0020
00b7
ffcc
004c
001b
003b
0026
ff63
ffd8
ffcb
0003
000c
000a
ff9a
ffdd
0012
ffb6
0024
0017
0036
0070
0044
ffd3
001f
0002
fff4
ffdb
000e
005b
ffc2
ffe4
0040
0033
0075
ffb1
0023
004f
002e
001d
ff6c
ffe6
ffa9
fffa
ffef
ffea
ffe2
0007
ffe2
ffd4
ffe5
ffd7
ffdf
006e
ffec
ffcb
ffd7
fff6
000e
fffa
fff4
0076
ffb7
ffdc
0020
0032
ffd6
ff8f
0017
004f
001f
0021
ff66
ffd5
ff95
fff0
fff1
ffed
ffb2
002c
ffe6
ffa0
ffef
ffa8
ffd6
0069
ffe7
fff3
0025
0012
ffdf
fff9
0025
002b
ffcf
ffdc
0055
004f
ffee
ffb6
ffed
001a
000e
006c
fff1
ffe2
ffab
ffdf
fff9
0014
ffd6
000f
fffb
ffda
fffb
ffb7
ffef
0069
0048
000e
fffa
0012
ffe6
0039
ffe2
0060
ff9c
ff7d
fffb
fffd
ff7c
ffc4
ffdf
0008
fff2
0033
0009
ffe0
ffb9
ffcd
fff2
ffd3
0005
0009
ffbc
fff6
fffc
ffda
fff9
005e
0044
ffa9
ffb8
ffb0
ffd3
006c
0001
0072
ffbc
ff6d
ffa6
fff9
ff73
ffc6
ffdb
001d
0001
0008
000b
0017
ffee
ffe3
0062
ffd9
002e
002d
ff8b
0067
ffee
002a
ffcf
004b
0069
ffd6
ffe5
ffcd
0030
0020
0015
0008
0003
ff8b
ff85
ff71
ffa8
ffe9
ffdf
0059
001b
ffcc
0039
0065
0044
ffe7
0056
001c
0008
00df
ffd4
008a
0014
004d
ffcb
0063
0029
ffee
ffe4
ffd6
0016
000f
ffd8
0020
fffd
ff90
ff95
ff39
ff97
001a
ffb3
0085
ffe1
ff8a
0043
0058
0024
ffd1
0039
0060
006c
0085
0020
0094
0054
0024
0013
000b
fff2
001c
003d
0047
0041
fff8
ffee
000d
ffd6
0008
0058
ffa1
ffdd
0006
0019
0066
0004
ff7e
ffd7
0040
fffb
fff9
0022
003b
003d
0045
001b
000c
004e
0061
ffed
0002
0020
0032
fff2
002e
ffd9
ffda
fff7
0039
ff93
ffb5
0080
fff1
ffe2
ffd2
ffc6
0053
ffb9
ff9d
ffb8
0056
ffe4
ffe6
ffe2
0049
ffe9
ffb5
003f
fff4
0026
001c
0058
fff2
ffec
0028
0005
0068
000a
ffa9
ffe1
002b
ffb5
ffc0
0036
002a
ffe9
0008
002a
ffcd
fff9
ffa6
ff83
0072
0026
ffe5
ffda
006b
ffcb
ffc6
003e
001d
0000
ffc2
005f
ffb8
ffd2
0043
0030
006a
ffca
ffc0
002f
000b
ffd0
ffa6
000b
000c
000d
0004
0053
ffb9
0015
fffa
ffe1
005b
fffa
ffe6
fffe
0070
0002
ffce
003f
0012
ffdd
ffe6
002b
0003
ffd9
001d
ffd6
0076
ffdf
ffa3
001a
002d
ffef
ffa3
002b
fffe
ffe9
0054
0068
ffa2
0035
ffcb
fff1
fffc
ffbc
ffe9
ffde
0041
ffe9
ffa5
0027
ffe8
ffd7
001a
0027
ffdd
ffee
004c
fffc
002b
fffe
ffec
ffcb
0026
ffea
002d
fffd
003d
fffe
0048
004c
ff90
0044
ffe3
002b
ff83
ffa2
fffb
ffcd
0064
ffdb
ff9a
000e
000e
ffc3
0028
001c
0022
ffc5
003e
ffd4
003b
0034
fff1
ffe3
0039
001d
0024
ffe6
0058
0049
006b
0037
ffb3
0042
fff7
0028
ffad
ffe3
0004
ffd9
0081
ffd9
ffbf
0034
ffeb
fff6
000a
0012
003a
ffa1
0028
ffaf
002e
ffe4
fffd
0001
0038
001f
0032
ffdd
006e
fffb
0016
002e
ffb4
002e
fffa
001a
ffcb
ffd2
000a
ffec
0031
fff8
ffd0
0023
ffe1
ffe9
0021
001c
0006
ff8b
0017
ffc8
000a
fffc
0027
001b
0020
0022
0026
ffdc
0048
0010
0009
001f
ffab
001e
003e
004a
ffc0
ffb8
002c
003d
0020
ffec
ffc6
ffd0
0016
0006
0023
0006
0014
ffdc
0024
ffe7
fff0
0043
0025
ffeb
001a
ffff
002c
0000
0012
0037
fff0
0012
ffa2
0020
002b
0018
ffd4
ffec
0015
0034
fff6
ffe0
0005
ffc4
0004
0010
001d
0014
000d
0009
0024
0013
ffe7
0074
000c
ffd2
0001
ffed
000d
000c
fff9
003e
ffda
0013
ffe9
0019
fff8
0002
fffa
fffb
001e
0013
ffeb
fff7
fffc
ffd9
000b
fffb
0002
0006
fffd
fffd
ffea
0017
fff8
0032
0008
000e
fff5
0001
fffb
fffd
ffe6
0016
fff4
0004
fffd
0019
fffd
fffe
fffd
fff9
001d
000a
fff6
fffd
0011
ffff
0007
0001
0006
0004
0006
0007
0003
fff6
fffd
0011
fffa
0000
fff0
0008
0007
fff7
0003
000b
ffec
0012
ffed
000c
fff2
0006
fffd
fffa
000e
0006
fff8
000a
fff7
ffff
0009
fffa
0014
fffc
0004
0006
0003
fffd
fffe
0007
fffc
0007
ffff
000a
fffd
fff6
0001
fff7
fff4
fffe
0008
0002
0000
0000
000a
0011
0004
000d
0008
0003
0003
0001
0000
0003
fffa
0008
fffa
000c
0002
ffff
fff3
fffc
0004
fffb
fff7
fffd
0008
fffc
000d
0001
fff2
0008
0003
000d
fffd
0015
000a
ffef
0006
fffb
fffe
fff5
fff8
0006
ffff
fffa
0009
ffef
0011
fff3
0000
000a
fffd
0008
fffe
0005
fff8
0004
0005
0000
0009
ffe5
0004
000c
000c
fffa
0001
fff4
fff0
ffeb
fffc
fff0
ffed
001c
0000
001d
000c
fffb
002b
0002
0010
001a
ffeb
fff3
fff0
0025
ffe8
fff4
0016
000a
0001
0005
fff0
fff8
fffc
fffe
001a
000a
ffe5
fff0
fff1
ffe1
001a
0019
ffcf
fffd
fff2
0028
fff0
000c
002d
0007
fff4
0021
002b
0032
ffe2
0056
0017
ffcc
000d
0013
ffed
fffc
fff7
0043
fff8
0003
fff1
ffff
ffe0
ffb6
fff5
ffff
0051
0037
ffc0
ffb0
ffbe
0054
ffc9
003c
0025
002b
0034
0029
ffe3
001c
ffd5
002f
002a
ffdf
ffff
fff8
ffd0
0031
0032
0083
ffe5
ffff
ffee
0004
001b
ff9e
fff9
0002
0037
003a
0013
ff92
ffb0
0014
fffa
0073
0043
0040
005b
0025
0005
fff9
fff7
0012
ffe6
fff5
004d
ff9c
ffe9
0048
ffff
00c2
ffd5
0022
ffe2
001d
0001
ff6d
0003
ffae
fff0
0018
0034
ff84
ffe6
ffef
ffaf
0043
0034
004f
0055
fff2
0062
ffec
002a
ffe2
ffa7
ffea
003e
ffa8
ffc8
0063
0004
00a9
ffc4
0058
ffe0
003c
ffc8
ff93
0049
ffea
ffb6
ffeb
002d
ff76
0038
ffd3
ffae
0011
ffef
003e
0034
0000
ffef
0044
0020
ffbe
ffc4
0048
0023
ffcd
ffab
006a
001a
00a6
ffa8
0051
fff6
0061
000c
ff8d
0050
ffd5
ffc9
ffee
0003
ff92
0070
ffb9
ffc8
0003
0028
ffae
0046
ffd7
ffb5
0005
ffda
ffb7
0013
0025
001a
ffe9
ffd7
0033
000e
0076
ffb2
003c
000f
003e
0035
fffd
fffd
ff9f
ffeb
fffc
001c
ffa1
003d
fff0
ffb7
ffc2
ffc0
ffc9
0031
fff1
ffe6
0019
ffd9
ffec
003a
0025
0012
ffce
ffc2
0043
0020
0028
ffb3
0003
0023
0019
003c
002d
ffdc
ffda
fff9
003a
fff9
ff80
0022
000d
fff4
fff9
ffc7
ffc7
0041
006e
001e
000e
ffbb
ffe2
008c
ffdf
0032
ff9d
ff9d
ffea
fff5
ffd0
ff6b
000a
0025
001b
002f
0025
ffeb
000e
ffc7
0006
ffd1
0012
000a
ffb0
0054
ffe6
fff6
ffdd
0049
001c
ffcc
ffe4
ffe1
002e
0045
0014
0032
ffe1
ff62
ff98
fff7
ffb5
ff84
0044
0018
0047
fffb
0003
001c
fff8
ffe5
004a
fff6
0067
0036
ffc3
00a0
ffdd
0060
ffcc
007b
004d
ffe8
ffc1
ffe9
004e
ffeb
002e
001e
ffcd
ff7c
ff99
ffa9
ffc6
ffde
0017
0064
0027
ffb7
0031
0000
fff3
ffd8
0078
003c
004f
00e9
ffcb
0093
0009
0070
ffd5
00aa
0055
ffdb
ffbe
0002
ffe7
ffea
0032
004e
ffd0
ffb5
ffe9
ff50
ff95
0018
ffc6
0070
ffdb
ffb8
0039
0042
0015
ffab
001b
004e
005a
0058
ffe8
005a
005f
ffdb
000b
0032
ffe2
ffe1
ffcf
0044
ffe2
ff95
0009
006f
ffbe
000b
009d
ffce
ffc0
ffc8
0006
001c
001f
ff92
ffb8
0056
ffc6
ffc7
fff4
0061
0027
ffeb
0010
0029
0061
0009
0012
001e
0032
0033
ffd9
005c
ffe9
ffde
ffc9
0028
ffd0
ffc4
006b
ffb1
fff0
fff6
0003
0008
fff0
ff7c
ff97
0053
ffde
ffdd
ffe2
002d
ffd8
ff7f
0023
0014
000e
000b
007b
0023
ffe8
ffd2
fff5
0058
0029
ffc7
ffd3
002d
ffe2
fffc
0045
0014
0000
ffe5
0052
fff6
0014
ffd7
ff6d
006a
fffb
ffec
ffee
0036
ffa8
ff9e
0042
0020
fffc
0029
0028
ffeb
ffe2
ffed
ffe7
0049
0029
ffbe
fffa
0035
ffd6
ffc3
fff4
003c
0023
ffed
0051
fff5
0013
ffdd
ffb1
fff2
fff8
0006
0011
006e
ffae
ffa1
0029
0017
fff3
002c
0035
fff3
ffbe
ffff
ffa5
002b
0009
ffc9
0022
0029
0021
000e
000a
0018
fffd
0025
006f
ffa7
002f
ffda
002a
ff92
ffbe
0008
ffed
004a
ffaf
ffa6
0009
fff2
000c
fffd
0033
0000
ffd4
fff4
ffb2
0018
fff7
ffc2
fffe
0049
0021
0034
fffa
0039
fff6
0038
0051
ffa9
0034
fff9
0025
ff82
ffa7
0024
fffa
004c
ffca
ff9f
ffd8
fff6
ffea
0017
0019
002c
fff4
fff7
ffa4
0017
004b
ffc8
0018
002a
001a
0041
fffc
0040
0018
002a
002a
ffb6
003c
ffcc
ffe9
ffba
ffb2
0047
fffa
002d
ffde
ffa5
0009
0001
fffe
000f
001b
0025
fff3
ffeb
ffdd
ffdc
0036
0006
ffcd
0025
0029
0029
ffd4
004b
fff5
ffcd
002f
ffd8
0031
ffed
fff5
ffd3
ffc2
0047
0005
fffd
0002
ffe9
ffd8
fffb
ffde
000a
0010
000c
ffbe
ffe7
ffcb
ffd4
002d
001c
fffa
0037
0021
0008
ffbd
001d
001b
ffb7
0030
ffed
001b
0021
0008
ffea
ffce
0031
0049
ffec
ffef
ffdb
ffd3
0022
fff3
002f
fffe
0004
ffde
0004
ffd7
ffe2
007c
001c
ffd0
002b
fffb
000e
fff3
fff0
003a
ffd6
001b
ffcd
0014
0019
000b
ffcc
ffdb
001c
0043
ffeb
ffda
000b
ffc2
000f
0016
0019
0013
000c
fff8
000c
0002
ffe3
0079
0010
ffc2
0003
fff7
000f
0034
ffe8
0056
ffe6
000e
0000
0018
000d
fff4
fff6
fff1
003d
001d
fff2
ffea
0013
ffb8
0003
fff5
000f
fffe
0001
0006
fff8
000e
fffd
003d
0015
fffe
fff6
fff2
0007
0011
ffed
0020
ffd7
0013
fff8
000f
0000
0003
fff6
0007
001b
fff9
fff8
000a
0009
ffef
ffff
000b
000c
ffed
fff7
ffef
fffc
000f
fffe
0007
0003
0000
fffa
fff9
fffa
000e
ffed
0008
000e
ffff
fff7
0007
fff8
000a
fff5
0006
0008
fffe
ffff
fff9
fffd
ffed
fff9
0006
0001
0008
0012
0003
0001
0008
000a
0005
fff4
fffb
0003
fffc
0004
fff9
0002
ffff
0004
0004
000c
0000
fffd
0009
fffb
0008
0008
0007
0006
0013
fffc
0003
000f
fff9
fffa
fffb
0003
fffb
fff9
0008
fff1
0005
0007
0000
fffe
0001
000e
0011
fff3
fffa
fff4
fffe
ffff
0006
0003
0003
0008
000d
fffe
fffb
fff7
0010
fff7
000c
0005
fff5
0017
0005
0000
fff2
fff6
fffd
000a
fffe
fff4
0001
000b
0016
000b
fff4
fff6
fff6
0005
0003
0001
0008
fff2
0002
fff8
ffec
000e
0006
000c
0004
fff8
0020
000c
fff1
002f
fffb
fffd
fffe
0003
001c
ffe8
0037
0016
ffd5
000d
0005
0003
ffdb
fff8
0004
ffff
fffb
0010
0010
ffe1
ffed
ffde
ffe4
0027
0026
ffc4
fffd
ffe0
fff0
fff8
0008
000b
000b
fff4
000f
0003
0030
ffc7
006c
ffe5
ffe5
0008
0011
ffe1
fffd
ffd6
003c
fff0
0001
ffdd
000b
ffe4
ffbd
ffe3
ffd4
0061
0039
ff8c
ffe4
ffa7
000e
fffa
0029
fffe
0023
0004
ffe9
ffda
002a
ffa6
0046
0018
002f
0032
ffec
ffef
0017
ffe8
0047
ffec
000b
ffe8
ffec
0036
ff9e
ffed
ffe5
0048
0075
ffdd
ffd1
ffa7
000c
fff0
0068
0017
0066
001e
ffe7
ffca
ffcb
ffa1
0023
0025
0007
003a
ff96
ffe9
0032
0016
003f
ffc4
0028
0021
0014
003f
ffa5
0003
ffb7
fffb
002a
0016
ff90
0005
ffeb
ffbb
0089
ffe7
006e
001c
ffed
002b
ffe3
0029
000e
fff8
ffd1
0047
ff98
ffb9
004b
0006
006c
ffb7
004a
0004
004c
fffa
ffc8
003d
ffd6
ffc7
0033
0012
ffa1
006d
ffcb
ffde
006a
0012
0020
0024
000b
0011
ffc7
0039
fffb
ffff
ffec
002c
ffa5
ff8d
0053
ffd3
0064
ffb3
003f
000a
004f
ffce
ffe8
006c
fffe
ffb2
001b
ffef
ff8a
0095
ffa6
ffcf
0071
fff7
ffd5
0006
ffe8
ffc6
fff2
0033
ffca
0004
ffec
0003
ffce
ffa3
0085
fff6
0078
ffbf
0036
fff0
003d
0027
0022
0047
ffff
ffd9
0048
0008
ff48
005a
0006
ff9b
002c
ffe0
ffb0
0005
001c
ffff
ffea
0020
ffc6
007c
ffff
0004
ffa8
ffae
006e
0014
0074
ffab
0006
0015
0006
001d
0025
0012
fff6
ffd1
0059
fff6
ff6b
0054
ffdd
fffa
003a
ffae
ffcb
001f
002a
0038
ffd9
0027
ffd3
004b
ffd4
003d
ffba
ff88
0035
0018
0087
ff7d
003c
0022
0014
ffd8
0008
003a
0005
ffb6
002f
fffa
fff5
006d
ffa4
0079
001d
fff9
ffdf
0041
003d
0011
0013
0021
0011
ffee
ffd2
ffe4
ffe0
ff68
000d
ffe9
0013
ff69
0045
0054
001a
ffc1
000c
006a
fff7
ffcc
0025
0014
0039
00a6
ff85
0084
002d
0056
ffdd
0041
0035
0044
ffc8
004c
0029
ff7f
ffea
0011
ffcd
ff96
002a
ff6f
0019
ffc2
ffee
003b
ffd7
ff65
fff8
0075
ffe5
ffc7
0053
0049
0016
00c6
ff97
0073
0013
0030
000e
0085
0015
000c
ffa8
0040
ffee
ff6f
0010
004c
ffdf
ffe1
007a
ff4d
ffdf
0026
ffc2
0017
ffcc
ffac
fff9
007a
003e
ffcc
002d
005a
0019
ffde
ffa9
0050
0016
ffc7
0005
0043
0011
ffee
0006
006c
0026
ffd9
ffe3
0056
ffa8
ffff
0080
ffe7
fff2
fff8
0005
000e
0038
ffc9
ffa6
007a
fff8
ffe7
ffd3
001f
ffdf
ff59
001c
fffd
003a
fff0
003b
0020
ffee
ffd9
ffce
004d
000c
fff9
0002
0040
ffef
ffb8
001e
fff6
001e
0014
004c
0017
0048
ffff
ffc6
0053
ffb8
0009
fff5
0002
ffc8
ff80
002f
0034
0020
ffff
003a
000d
ffd2
ffd9
ffe9
0021
0028
ffd8
ffd4
0038
0008
000c
0004
0045
0032
ffe9
0049
000b
000d
001a
0007
fff7
ffc8
002d
0007
0017
ffee
ff9f
0035
0039
ffd0
fffb
0031
0006
ffc9
fff7
ffc6
0013
003d
ffae
0006
003f
ffc9
0012
fff9
0065
002b
ffe6
0057
0011
0025
0007
ffea
ffbc
ffcf
fff9
0020
000c
ffc1
ffcc
003c
0043
fffb
0036
0023
fffa
ffe5
ffdd
ffd9
ffca
0034
fff3
ffcb
fff0
000c
0047
ffdc
0044
0018
0025
0063
ffe1
0032
000b
0047
ff92
ffdd
001d
0017
0004
ffcd
ffde
0010
0015
0030
ffd5
0006
0036
fffa
ffde
ffd7
ffe7
fff1
ffd6
0013
fff5
0012
0036
0005
0033
0021
0013
0053
ffc3
0034
0011
0025
ffd3
ffde
0031
fffa
0021
ffe6
ffc6
002d
0008
0007
000b
0011
001d
002c
ffec
ffce
ffe1
0030
fff5
fff6
000e
0023
0026
ffde
003a
ffe7
000d
0039
fffa
0038
ffe8
0000
ffe6
ffa7
0030
fffe
001c
ffc4
ffc3
0031
ffef
000e
001b
001c
fffe
fffa
ffec
ffeb
ffb4
001f
001e
ffbe
ffee
0025
0014
ffd8
0014
ffde
ffc4
0027
ffed
0036
0005
0014
fff2
ffb8
001f
0007
ffcc
ffeb
0007
fffb
fff5
ffd3
0010
0019
0037
ffdb
0002
ffcd
ffba
0026
0017
ffdd
001e
fffd
fff9
ffe0
0014
000d
ff9d
002d
fffb
0023
0017
000b
fff5
ffc2
0021
0055
ffae
0014
fffe
ffdb
002b
ffdd
0013
0009
0027
ffcb
ffe1
fff9
ffc3
006b
fffd
0000
0019
fff1
001f
0016
fffa
0053
ffc8
001f
ffc6
000a
0017
0001
ffe3
ffca
002e
005d
ffe5
ffd0
0017
ffc7
000c
fffd
001b
0008
0027
ffe2
ffec
0028
fff1
0071
0001
ffdc
fffa
ffde
0015
003c
ffec
0055
ffde
001b
ffe6
0010
000b
ffea
ffff
fff9
003a
000b
fffa
ffed
0004
ffed
fff9
0012
0000
0008
0012
0008
fff9
0017
0002
0024
0008
fffe
000e
ffff
0000
000d
fff2
0021
fffc
0008
fff2
0008
fff0
0007
0003
0001
001a
fff3
fff4
fff5
fff8
0004
0005
fffa
000b
000e
fffb
0001
fffe
0007
fffe
0011
000f
fff7
0001
fff9
0002
000a
000f
fffe
0001
fff3
0003
0007
0009
0005
0004
fffa
fff9
0001
fffa
0014
0001
000b
0001
0006
fff9
0010
0008
0007
0012
000b
0005
fffd
ffff
fffe
fffe
0000
0010
fff7
0004
0007
0000
0008
fff9
0008
0005
fffe
fff9
fff3
0003
000f
0007
fffd
0007
fffc
0002
000d
0000
ffff
fffe
fffb
fff2
0003
0005
fffb
fff7
0009
fffe
0006
000a
000e
0004
fff9
0005
0003
fff8
0007
0009
fffe
0007
0005
0000
0001
ffec
fffc
fff9
000d
fff4
fffc
0009
0005
0003
fff4
fff8
ffff
000a
0001
0000
fffb
fff4
0007
ffff
fffd
0000
fff6
ffff
fffb
ffe8
0001
001a
fff9
0000
fff4
fffb
fffa
0025
ffff
fff3
0025
0021
ffe0
0059
0008
ffe4
000d
fffc
0001
fff1
004d
fffa
ffdf
000b
0001
ffe5
ffd2
ffdd
fff3
000b
000a
0014
0011
ffea
ffdc
ffeb
ffe7
0028
0011
ffc9
0001
ffc2
0014
0019
fffb
0007
0007
fff5
fffd
ffd9
0025
ffc7
006b
fff7
0009
0027
0003
ffff
ffe8
ffe9
0026
0015
fff8
fff8
0013
000e
ffbd
ffcb
ffb6
0061
002b
ff83
0019
ffb9
ffda
001f
001e
0008
0044
ffd6
ffff
ffc2
0039
ffb8
0064
fffa
0039
0042
ffd4
0006
002f
ffc5
0000
ffdf
000d
0013
fff2
001b
ff9d
ffd8
ffdb
0052
0027
ffbb
0016
ffbd
0001
0029
004d
ffea
0074
ffac
ffe2
ffa1
002d
ff7a
0012
0027
0010
001a
ffbe
fff9
0009
000e
ffee
ffe2
fff2
0050
001f
0042
ffe7
000c
ffc8
0016
004d
ffce
fff6
0006
ffdb
ffee
005c
ffcf
0073
fff1
ffdc
ffaa
ffd5
ffd2
004c
002f
fffa
0049
ffb8
0005
000d
0035
0039
ffc0
001b
003a
001f
0020
000f
0009
ffc7
0008
0066
ffec
ffd6
005b
ffeb
ffc7
0094
fff2
0030
fff5
003a
ffc9
ffd3
0007
0025
0038
ffd4
0040
ffcb
ffc4
000c
fff0
0003
ff99
001e
0014
0037
0015
002f
002d
ffe8
0003
0025
ffbc
ffac
0091
ffd6
ffae
00cb
fffe
ffdb
0044
0021
ffdc
ffff
001e
000d
0041
ffea
0026
ffe4
ff9f
0040
0033
0049
ff89
0017
fffa
0011
002f
0027
0056
0033
fff3
0056
ffc3
ff7e
0064
ffc2
ffb7
00f2
ffc3
ffc3
000b
0056
0039
001a
0038
0007
007c
ffe2
0010
ffe8
ff98
0034
001c
00db
ff74
0023
000f
0007
0027
000b
0065
0044
ffbd
001d
ffe8
ff95
0072
ffdf
0005
0108
ff8c
ffee
000f
0026
0025
fffa
0054
ffe7
0002
fff8
0013
fff3
ff92
0003
001f
00b4
ffab
003d
0012
fff6
0007
0023
0088
0012
ffda
009c
ffee
ffba
0101
ffaa
0071
00c0
ffaf
fff9
0087
000e
0003
ffa4
005e
ffe4
ff8d
0000
0051
ffd5
ff7d
004d
ffb9
00a5
ff54
0003
0016
ffac
ffcd
003b
006f
fff6
ffbb
005f
ffbf
0020
00de
ffa0
009a
006c
000e
fff9
0053
0006
0060
ffca
0028
0010
ff66
ffed
005c
ffc1
ffa5
0067
ff44
002d
ffb3
ffc1
ffe7
ffa9
ffa2
0026
0080
0026
ffe6
0070
0021
fffa
ffd6
ff8d
0076
0042
001a
0029
006a
0012
001d
fffa
0035
0015
ffb8
ffda
0070
ffcd
ffe0
0077
ff7e
ffec
0024
ffd0
0009
ffb7
ffd1
ffc4
0030
0010
0017
0030
0007
ffaf
ff3f
ff9e
001b
0020
ffed
0014
0023
0005
ffd0
0000
0039
000a
0016
ffb3
002f
ffd0
0007
0054
002d
fffd
001b
001d
003d
0030
fff0
ffda
ffcb
fff9
ffe9
0003
002d
ffa6
ff85
ffd5
ffe1
0026
0018
0027
001f
ffd0
ff91
ffb9
0022
0002
0000
ffbc
0066
ffb4
fff0
0016
005a
0001
fff3
002e
002d
002f
ffff
0014
ff8e
ff8e
ffec
fffa
ffda
ffe9
ffca
0029
0000
ffe4
0012
0006
0017
ffe0
fff6
ffe6
fffd
0025
0000
ffbb
0018
fff5
0056
ffff
0058
fff6
0028
0007
fffa
001c
0024
0030
ff9b
ffd4
0037
000e
ffef
ffae
ffcd
0043
fff9
ffff
0022
0000
001a
0015
ffcc
fff3
ffe3
0000
ffcf
ffcc
fffb
ffe4
0059
000f
0028
fffc
001e
0044
0014
0027
0007
0025
ff8c
ffca
0021
0004
ffec
ffae
ffec
0056
0018
fff7
0030
0018
0011
0032
ffe1
0002
ffc2
0039
fff9
ffd7
ffe0
ffd8
0067
fffc
0047
0029
0038
001e
001d
0034
001e
ffff
ffc2
0001
001d
001e
ffec
0009
fff7
003b
004a
001b
ffff
000d
0018
0046
fff5
0008
ffd4
ffe6
fff0
fff8
ffe8
ffe4
0034
0007
003e
fffb
0006
001f
0013
0031
000b
0024
fff4
fff6
0003
0020
000f
ffd6
ffe8
0038
fff3
ffed
0034
0018
0020
0050
ffbe
fffd
ffb8
0053
0030
ffd8
ffdc
ffff
0019
ffd5
0029
fff2
ffda
0029
0013
0042
ffef
000a
ff9a
ffa6
003a
002a
ffcb
ffca
fff0
0013
ffee
fff6
fff9
0028
0013
0029
ffb7
001d
ff67
003d
0049
ff8d
ffb1
000c
0016
ffe0
fffb
ffff
ff7f
0026
0022
0037
0017
0022
ffcc
ffb6
002e
004f
ff7a
ffee
0019
ffdd
000c
ffd6
0010
0013
003d
0010
ffa7
0012
ff6e
004b
0031
ffcf
0000
ffef
0009
fff9
fff8
0025
ff86
001d
fffd
0017
0018
0017
fffe
ffc1
0060
0071
ff82
ffef
002e
ffbe
0028
ffe1
000c
000a
0053
fff6
ffb0
002a
ffbb
0093
000a
0024
000c
ffe9
0026
0030
fffd
0050
ff8e
002c
ffed
0025
002d
001b
ffd0
ffd0
0066
0040
ffdf
ffdf
0019
ffd5
0010
fff6
000a
0002
0022
0016
ffd3
0012
ffe4
006a
0000
ffdd
ffff
fff6
001a
0030
ffd1
0033
ffdc
0012
ffeb
0005
0005
0004
ffeb
fff6
002a
fff2
fff4
fffb
0008
ffea
0003
000d
0010
0004
0007
fffe
fffa
0008
fff8
000d
0002
fff3
ffff
fffc
0001
fffd
fffb
0012
fffc
fff2
fffe
0004
fff7
000b
fff9
0006
0002
fff7
fffc
0001
0002
fff5
fff9
0005
000a
fff8
0002
ffff
fff7
0002
fffd
0017
0009
0003
fffa
0009
000e
fffd
fffc
0007
0002
0003
fffa
fffe
0007
0007
fffd
0013
fff2
000b
ffff
0002
0001
fff2
000b
0012
0011
fffb
0008
000a
ffeb
fffd
0003
0008
0005
0000
fffe
ffef
0001
fffc
0020
0000
0004
000c
fffc
fff8
000b
fffa
0009
0007
000d
fff6
0010
fffa
0007
ffee
000e
0008
0001
ffea
0008
0002
0004
0004
fff9
fff6
0010
000a
fffd
0004
000b
fff6
0023
0003
0001
fff8
0005
0000
fffa
0004
fffe
fff4
000a
000e
fffa
0002
fff8
fff5
ffff
0002
0001
0002
000c
fff0
fff5
000e
000a
fff2
ffee
0012
000e
0007
fffb
0013
0001
fffa
fffe
0004
0001
0000
0005
ffed
fff6
0009
fffc
ffde
0010
0010
ffe1
001b
001e
ffe2
0056
fffe
fff2
001d
fffd
0016
0003
0040
fff2
ffdc
0015
0013
ffff
ffec
ffff
fff1
0011
001e
0014
fffe
ffe9
ffe9
fff6
ffed
0016
ffea
ffcb
0005
ff94
0013
0019
ffe6
fffb
0008
ffe1
000f
ffd8
0009
ffd5
006b
fffd
fffd
001e
000e
001d
ffdd
ffeb
fff3
0026
0011
ffea
0003
000d
ffba
ffba
ffd3
0061
ffeb
ff90
0005
ffae
0023
001b
0008
fffb
0049
ffcd
0009
ffb6
0020
ffb0
0026
fff6
000d
001e
ffe9
001e
ffeb
ffe7
ffe6
ffff
0026
0001
0010
0015
fffb
ffd5
ffd0
0037
001b
ffc9
0018
ffca
0019
0013
0036
fffb
0058
ffc1
fff4
ff87
0041
ff9b
0024
002c
001e
000a
fffb
0036
ffe8
0006
0012
fff2
0019
001f
0020
0044
002e
0007
ffdd
0011
0050
ffa7
ffe9
001a
ffda
0000
003e
ffc5
005c
ffdb
ffe6
ff6c
003e
ffa3
0029
0055
000f
0013
ffeb
0062
0002
0017
0009
ffd9
fff6
0014
001b
0050
0053
000b
fff3
0048
0055
ffb0
001c
005a
ffe9
ffde
0044
ffce
002a
ffec
ffdf
ffa2
000e
ff67
ffbf
007f
0009
001c
0022
0047
ffee
ffe1
ffd2
ffd6
fffd
ffee
ffff
0044
0054
001c
ffdf
0073
006b
ff8b
ffe4
0085
ffc2
fff0
0071
ffc0
0010
0017
ffef
0012
0015
ff36
fff2
008d
0019
0047
0016
0033
000a
ffde
ffe1
ffd3
ffea
0021
ffc6
007d
0048
0019
ffe3
0057
006d
ffc1
ffdf
0064
ffc5
ffb8
0098
ffc7
ffd9
fffb
fff4
0050
fffa
ff69
0014
005a
ffe5
003b
001d
0024
ffc7
ffe6
002a
ffa1
0009
0007
ffdd
008d
004c
ffd9
fff5
0017
0087
ffe1
ff74
005a
fff1
fff1
00ba
ffa1
ffe1
0024
fff2
0037
ffd6
ffad
ffec
000a
fff6
006a
0008
0031
ffc7
ffe4
0066
ffa5
0014
ffe0
ffd6
007b
0051
ff8f
ffda
0006
0060
ffa6
ff89
0069
fffc
004d
0088
ffae
fffb
0006
fff0
0056
ffd4
ff94
fff4
ffbd
ffe2
0018
001e
000f
fff0
ff91
0050
ff65
ffdc
ffe8
ffb3
001e
0090
ff93
fffd
ffe1
008c
ffd2
fff0
0060
ffe8
00bf
0067
0010
fffb
0041
0002
003a
ffd6
ffaf
0015
ffc1
ffe5
0052
0000
003a
000d
ff92
003c
fff5
ff95
ffe1
ff96
fffd
0038
ffb6
ffbd
0025
004a
0008
fffb
ff9b
ffd4
0080
0031
002d
0023
001d
fffb
fff3
ffe1
ffef
ffc0
fffa
0017
0020
0011
002f
0085
fffb
0053
0003
0008
0013
ffe8
0008
0022
ffaf
ffe0
002e
fffd
ffbe
ffdf
ff7b
ffc7
0028
0004
0063
0004
0041
fff0
ff9a
ffd8
ffcc
ffe2
ffe8
ffea
0011
ffd3
0042
003e
003a
0006
ffdc
0045
005f
000a
ffef
005d
ff6e
ffc5
ffeb
000b
fff3
fffe
ffdc
ffc4
0050
ffd3
003c
ffeb
000b
0036
ffcf
fffc
ffbd
0004
0012
ffa5
fff5
ffad
0057
0026
0072
000a
ffde
fff3
003e
001f
ffc2
0026
ff7d
fffb
0001
0001
ffde
ffce
ffd4
fffe
001e
000d
0040
fff2
0016
002d
0029
0036
ffb8
0037
0029
ffa6
ffd9
fff4
0059
fffc
002f
fff8
ffec
0030
0046
0050
ffe2
0007
ffa9
ffe9
fff4
fff8
ffe6
ffda
ffc6
0045
fffc
001e
001b
000f
fff0
0028
fff5
0021
ff97
0043
0033
ffd9
ffd2
ffd3
004b
fff7
000a
ffcf
0004
003c
0044
002c
fffd
0021
ffa7
fff9
0010
ffe4
fffe
fff9
ffa6
0040
003e
ffdf
004f
000b
0002
002e
000f
0003
ffca
005f
002e
fffe
ffcd
ffac
0049
0006
fff4
fffa
002b
0019
0019
000d
0018
0022
ffad
0022
fffd
0000
fffa
ffe1
0005
003b
0000
001d
002a
0035
0002
0047
ffed
0029
ffaa
0023
0044
ffd3
ffce
ffb4
0025
fffc
002a
fffc
ffe2
0051
0037
0046
0016
0033
ffe9
fff0
fffb
0024
001b
fff9
ffc1
001c
ffed
000a
003e
0045
0007
003b
ffb4
0013
ffa0
002d
0078
ffb3
ffca
fffe
0014
ffc6
001c
ffe6
ffb0
0040
0048
0041
0023
0010
ff9c
ffaa
0024
0042
ffbe
fffb
000a
000b
fffb
ffed
ffcb
0032
fffb
003f
ffaf
002b
ff69
0063
0066
ffca
ff95
0001
000a
ffff
ffe8
0003
ff82
002d
0041
0041
0034
0011
ffe9
ffc5
0032
0043
ff76
fffa
0024
ffde
0018
ffc8
fff8
0019
0021
001a
ffbf
001c
ff83
0048
003a
ffdd
ffd0
ffe0
0017
fffb
fffb
0017
ff9f
002b
0025
0014
0039
0000
fff9
ffe9
0059
0050
ffac
ffe8
0016
ffc0
001a
ffd3
fff7
0006
0025
001f
ffc8
0015
ffe1
0050
0027
000a
fff0
ffd9
0027
0026
0004
003c
ffca
fff7
fff4
001a
0024
fff1
ffea
fffc
003d
0026
ffe0
fff5
0000
ffc7
000c
0003
0010
0009
0025
000b
fff4
0029
fff6
005f
ffff
ffed
ffee
ffeb
000f
001f
ffee
001c
0006
fffc
fffc
000b
0013
ffe1
ffe8
0006
0025
0010
fff1
fffd
ffff
ffe4
ffe4
0004
000a
000f
0000
fffe
ffff
0004
fff1
002c
ffeb
fff1
fff9
fff6
0007
0005
fffe
0009
fff6
0009
0003
fff1
0007
fff7
0007
0015
0020
0003
0006
fff5
0009
fff5
fffd
fff1
ffec
0006
0000
000d
0002
ffff
ffff
001f
fffe
0009
0004
fffa
ffff
fff8
0013
0002
fff5
0004
0003
0002
0006
000b
0005
000a
0001
ffed
fffd
fff4
fff6
ffff
0001
0001
fffc
0004
000a
0001
fffd
0007
0006
000b
fff5
0001
ffff
fff7
0002
0000
0005
fff5
0008
000a
0016
0006
0004
0007
fff6
0001
fffb
fff6
ffff
fff7
fff3
fffa
0003
fffc
ffff
0008
fffc
000b
0007
fff8
000a
fff9
fff5
0005
000c
0002
0017
fffd
0009
fff5
fff8
0003
fff8
fff4
0008
0005
0001
fffd
0018
fffb
fffa
0006
000c
0008
ffff
0000
000f
0001
000b
fffd
000a
0001
000a
0002
fffa
ffff
0003
ffea
0006
fff7
0013
fffc
fff6
0015
0008
000a
0007
0003
fff7
fff4
0006
ffe6
0023
0005
ffe2
ffe1
0024
ffe8
0051
ffff
fff7
000d
0004
0002
0001
0041
0011
ffc7
fffc
0011
0002
ffe0
fffa
fff3
0007
0014
0010
0018
0009
ffd3
ffd7
fff8
0026
0003
ffde
000e
ffbb
ffec
003e
ffea
0029
0001
fff9
001c
ffda
0019
ffc5
0057
0008
ffe6
ffeb
0015
0035
ffe9
fffd
fff8
0005
0022
ffe8
0012
0029
ffc4
ffc3
ffbf
004f
fff3
ff9e
ffdf
ffc7
0013
fffc
0017
fff0
0020
ffe3
0023
ff9d
0048
ffc4
001a
0016
fff1
ffeb
0032
003b
0009
ffe3
0038
fff0
0033
ffdd
0027
0028
fff7
ffcb
ffe3
002a
0011
ffda
ffca
fff5
0005
ffc8
003c
001b
001a
ffc4
003b
ff81
005f
ff97
002f
0042
ffd8
ffcc
0054
004d
ffcc
ffd2
0005
fff5
0006
fff5
000c
fffa
0053
ff97
fffe
0029
003c
ffd0
ffcc
0005
ffe0
fffd
0023
001d
0030
ffd1
0024
ff34
003b
ff65
003e
004b
0003
ffec
0038
0061
fff0
ffaa
fffa
ffe6
fff6
ffe5
0019
ffe3
0092
ffe3
fffd
004b
005d
ff98
ffd4
0018
ffde
ffd0
0021
002e
002b
fff8
0014
ff4b
0020
ff38
0001
0055
0025
001b
0047
008e
ffd7
ffb8
ffc1
000b
ffee
ffef
fff8
fffc
0085
ffa8
ffeb
006c
005a
ffa1
ffa3
0047
ffe5
0011
0026
003a
0044
0021
ffe2
ffac
fffe
ff0c
0038
004a
fffa
0031
003c
00b0
ffc0
ffd4
ffcc
fff2
0003
fff3
ffe1
002d
006e
ffb2
ffb0
005e
0022
ffde
ffc7
0045
ffeb
ffc2
0031
fffb
ffef
fffe
ffbb
ffed
ffdd
ff3a
0026
0011
001e
0031
0021
0091
ffce
ffe6
ffea
ffd9
fff9
ffce
ffcc
0046
008a
ffa1
ffbb
0038
006c
ffb4
ffbf
0029
fff0
ffd6
0027
ffee
ffe0
0029
ffd6
001d
ffe7
ff31
004c
fff3
0055
0033
0025
009e
ffd1
ffdd
fff8
ffa8
000b
ffdd
0003
0076
0074
ff54
ffa4
0048
0064
ffc5
ffcf
fffb
ffe8
001e
002b
ffc0
ffde
0025
ffaf
0067
fff5
ff50
000f
ffc9
002a
0017
0025
007b
000b
ffbd
0006
ff9f
ffef
ffbe
ffe1
0050
008f
ff49
ffa3
000f
002b
000b
0012
ff9d
003a
003f
0017
ffb2
fffb
001c
000f
00a0
000e
ff91
ffe7
fffd
0007
ffea
0040
0065
fff1
ffdc
0032
ffca
000f
ffe8
fffe
0007
0084
ff81
ffee
ffea
0018
0036
fff4
ffa4
0018
0049
0009
0027
ffd8
0056
0015
00b6
0003
ffac
ffc5
fff3
0027
fff9
003f
0067
0025
fffd
0008
fffa
0019
fff6
ffbd
fff5
007e
ffa3
ffe4
0017
fff4
0017
ffee
ffc8
ffbb
0038
ffca
0062
ffef
003e
002d
0068
ffe0
ff9f
fff5
ffde
002a
ffe8
fff5
0072
000a
005a
ffe8
ffb2
0027
0034
ffd0
ffea
0059
ff88
ffc8
ffbf
002f
000b
000b
ffd1
ffe7
0058
ffb4
0060
ffd5
0051
0067
0016
001b
ffb6
001b
000f
0023
fff7
fffc
006e
0003
007d
0017
fff5
000d
0023
ffd5
ffd1
000f
ff7e
fff5
ffd8
fffb
ffe9
fff8
fff9
001f
ffef
000f
001c
ffe3
002d
0057
0009
fffd
ffa1
0010
003e
fff9
ffd9
ffeb
0056
fff1
005e
0003
fffa
fff3
005f
fff0
fffd
0011
ffb6
0005
ffba
002c
fff7
ffd5
ffc7
0033
0011
0001
000c
0000
0022
003a
ffc2
ffd6
ff7c
0040
004c
001c
fffb
0001
0044
ffe6
fffe
ffe1
fffe
0022
0049
ffe7
0012
0065
ffb2
ffae
ffeb
0035
fffa
ffe5
ffeb
001f
0041
ffd4
0024
0019
000b
0031
fff9
0029
ffa6
004e
003a
0001
ffc3
ffba
0042
0004
ffe2
002d
fff4
0031
0043
fff5
0020
003e
ff92
002c
ffe0
002d
ffff
ffc8
ffe2
0051
0021
fff6
0038
0033
0007
004d
ffa2
001e
ff80
001f
0053
ffc5
ffd8
ffa1
0029
ffcf
0012
fff8
ffa5
004f
0065
004d
0016
0025
ffae
fffb
ffd6
002b
ffe7
fffb
ffef
001f
0015
000d
0010
0050
ffe5
0047
ff7e
0012
ff9a
0015
0053
ffe8
ffca
fff4
0019
ffe4
ffe3
fff9
ff91
0052
0046
004a
0042
0006
fff4
ffb2
001c
005c
ff7a
0002
000b
ffea
002d
ffea
ffbb
003e
ffde
003d
ff99
0036
ff99
0048
004b
003a
ff9a
ffee
000c
000e
ffed
0028
ff8f
0033
002a
0032
0041
ffe5
0011
ffe5
002c
0067
ff85
ffee
0030
ffc7
0056
ffe9
fff2
001f
000b
0027
ffc5
002d
ffb8
0028
002c
fffe
ffb9
fffe
001e
0031
ffe7
0048
ffc3
0021
0002
0018
0038
fffc
0000
fff0
001c
003a
ffd1
ffe7
0017
ffc8
0032
ffdd
000c
0002
0016
001f
ffec
0017
ffec
0036
0014
ffe9
ffd2
fff3
0012
001a
fffc
0024
fff5
0006
0008
000d
000f
ffe8
ffee
0018
0019
0020
ffe1
ffe0
0004
ffe4
0016
ffed
0009
0004
fff1
0004
fffc
0016
fff3
0033
0006
ffe8
ffe5
fffd
fff9
0017
fff8
001b
ffef
0004
000f
0014
000d
fff5
ffff
000a
0005
0003
ffe0
0002
0009
0008
0007
0007
fff8
000a
000b
0008
0009
fffc
ffff
000a
fffc
0006
0006
fff9
000b
0001
ffff
0002
fffe
fff4
fffa
ffff
0012
0008
fffc
0002
000f
0010
0011
0006
fff7
0009
fff8
000f
0001
fffa
fff9
0004
0002
000a
fff3
0003
000b
fff5
fffd
ffff
0006
fffe
fffa
000c
ffff
0012
0006
0006
0001
0009
000d
0006
0006
fffd
0004
0016
000c
0003
0003
ffff
fffd
0000
0000
0002
0004
0009
fffd
0003
fffd
fff8
fffe
0000
0006
fff8
000c
0000
0004
fffd
0001
fff5
0001
fffd
0002
0003
0011
0006
fff9
fffd
fffc
0013
fff4
0002
fff1
ffea
0004
fff7
fff6
fffe
fffe
fffd
ffff
fff2
fffc
0001
0003
fff2
0006
fffd
ffef
fff9
0002
fffb
fff8
fff9
0006
fffe
fff7
0002
0006
0007
fffb
000d
000d
0005
0019
0014
fffd
000b
fffa
000f
fff9
0008
fff6
000c
0007
fffe
000a
fff8
fff5
fff5
000d
0000
000d
000e
fffc
fff2
ffff
0002
000d
0005
001b
0008
fff1
fff7
0029
fff4
0024
0004
0002
0010
ffe9
0006
fff3
001c
0008
fffb
ffe8
000b
0000
ffe2
fffe
ffe3
0007
0007
0017
fffb
0009
ffdd
ffdf
fff4
000e
001c
fff8
0004
ffe1
ffea
0041
fff4
003e
fff7
ffff
0021
ffe1
0011
ffcf
0050
0028
ffd3
fff9
001b
0023
ffd5
0002
fff6
0030
0014
0017
0006
0045
ffcf
ffc3
ffd0
002f
0013
ffc8
ffd1
ffea
0018
0010
0016
001b
0004
0011
002e
ffce
0041
ffb1
000f
0037
fff3
ffa9
0045
002d
fffc
fff4
0004
0005
0000
0004
fff7
0024
fff8
ffc0
ffda
000c
fffd
ffa6
ffdd
fff8
0013
ffe7
0043
ffff
fff8
ffea
000c
ff83
0052
ffa6
0025
0051
0000
ff83
006c
0032
ffdd
ffb7
0001
0016
000b
ffe0
0001
0001
003f
ffc4
fff3
0049
fff8
ff97
001c
001d
0032
0015
0043
ffe8
0021
ffbc
001e
ff56
0043
ffa6
0038
005c
0000
ffa3
0044
0048
ffd2
ffcf
fff5
000d
0017
ffca
0011
0003
005b
ffdb
ffee
0032
0039
ffea
0004
fff7
003e
004c
fffa
ffe9
0041
ffe5
0012
ff94
0005
ffa6
001a
0022
002a
ffd6
0004
0069
0019
ffee
fffa
003d
0013
ffda
fff1
ffe3
006e
ff71
ffe1
000e
0068
ffde
ffbe
0062
fff9
fff1
0020
ffdb
0042
0025
ffed
ff86
0008
ffb0
0004
0000
fff7
fff9
fffb
0080
0012
ffd4
000f
ffd0
0006
ffa7
0006
0001
0071
ffa8
ffc6
fff5
0047
fff5
ffdb
0040
0010
fff2
ffda
000f
ffe3
0031
001a
ffc4
fff0
ffaf
ffde
fff4
0027
001a
0018
0053
ffd9
0009
ffe1
ffed
fffd
ffe2
ffe4
0021
0079
ffab
ffe3
fff1
004d
ffdf
ffd5
0019
fffb
ffc2
ffaa
ffd3
fff9
000a
0020
ffef
ffea
ff7f
fff3
ffed
003b
0054
0002
0065
fff8
fffa
ffd3
ffad
0026
ffe3
002a
005f
0054
ffa2
ffee
fffe
0054
0051
fffc
ffda
fffe
ffdc
ffd3
ffcb
0008
0029
0007
0014
ffa0
ffa1
000e
ffd8
0011
0034
ffe4
0042
fff4
fffa
0011
ffbc
0041
ffd2
0024
003d
0060
ff9b
ffc8
ffc0
0025
0010
ffe7
ffed
001e
fff1
ffe2
ffb4
fff0
0009
0016
0031
ff97
ff72
0005
fffd
ffe3
002a
ffde
003c
ffea
0005
0009
ffeb
0041
ffde
000f
000b
005a
ffc5
ffcb
ffc2
0039
ffe8
fff3
001c
ffe2
0002
ffd1
fff4
ffca
0047
0053
004a
0000
ff60
ffda
fff3
fffb
003e
001c
0050
0001
0041
ffee
ffd6
0020
0008
ffcf
0016
0093
ffd4
fff9
0003
0017
ffef
002b
ffe8
ffe1
0025
ffe3
0043
ffc7
0019
0052
0029
ffb7
ff82
ffa8
ffec
001e
0014
0009
0063
0011
0041
ffcb
ffd1
0013
0007
ffd4
fffa
0079
ffd9
000a
ffe1
0011
0014
001e
ffda
fff7
0024
ffef
0047
ffd2
0021
004b
0009
ffd7
ffcd
ffff
0015
0028
ffef
0028
0041
0004
000e
0001
fff7
001c
0014
fff0
fff3
0022
ffd1
0015
ffe3
003c
003c
000b
0016
000a
0022
ffef
002d
ffe4
0035
0021
ffc8
ff87
ff8f
fff5
0015
ffec
001f
0029
0047
ffc2
001a
fff9
ffdd
ffff
004b
000a
fff0
0043
ffb6
fff7
ffdd
005d
0016
fff9
ffe3
0004
0020
ffdd
003f
ffc5
0025
0039
ffc6
ffc2
ff91
ffe1
fff7
0005
0000
0025
002a
ffde
0010
0003
ffc1
0009
0045
ffdf
fff7
0045
ffc6
fff7
fff8
0064
ffd0
ffe7
0006
000d
003a
000d
0052
fff5
000c
003c
ff8f
000d
ffbe
0045
0018
ffea
fff9
0000
0026
ffd4
fffb
002d
ffb1
001c
0011
fff5
fff1
0028
ffcc
000b
ffef
0041
ffe2
ffe3
ffe6
002b
0008
ffe1
fff8
0023
fff4
003e
ff95
0047
ffbf
0007
0025
0011
ffe6
ffdf
fffe
ffde
0031
001f
ffc1
0048
003a
002c
0018
000c
ffd5
0009
fff0
001d
ffb3
0005
0021
0028
0011
000a
ffd3
004d
ffcd
0042
ffa2
0033
ffba
000f
0027
004d
ffe2
000a
fffd
0022
0024
001a
ffac
003f
0042
0031
006a
fff6
fff2
ffd5
0004
0031
ff6f
fffb
0017
fff6
0033
fffa
ffdf
002c
ffde
0044
ff9b
0028
ffb9
0019
0025
0029
ffd9
0008
001d
000c
ffd8
002a
ffb5
0023
0027
003a
0035
fff1
0016
ffcd
fffd
004c
ffae
fff2
001e
ffc8
003c
ffef
fffa
0012
0001
003e
ffd4
0034
ffc0
fff9
fffd
001c
ffdd
ffee
002d
002e
ffe9
004a
ffbf
0005
0004
0015
001e
ffeb
fff4
fff3
0021
001f
ffd5
fff6
000e
ffe1
001a
ffe2
0008
0001
0016
fffc
0015
0023
0002
fff6
000a
fffc
ffe0
ffd4
001a
0022
fff2
0026
ffef
fff9
fff2
0001
fffa
ffd1
fff6
fff9
0021
000c
ffef
fff5
0017
fff6
fff6
fff6
fffe
000a
0000
0000
000d
0009
0005
001d
0010
fff6
fff4
fffe
fffe
001f
ffee
0015
fff8
fffe
fffa
fffb
0009
0002
fffc
0009
0007
fffa
fffb
fffc
ffff
0001
fffc
ffff
0008
000b
0009
0003
000b
ffeb
0002
0004
fffd
fffb
000a
fff5
ffe9
fffd
fffd
ffe9
fffb
fff9
fffe
000e
0007
fff2
ffe4
fff0
fff8
0000
0002
fffe
fff3
0000
000d
fffb
000b
fffc
fff6
ffff
000e
0009
fffc
0004
ffff
fffc
000a
ffef
fffe
0001
0004
fffb
0007
0001
ffee
fff7
fff1
0007
fffb
fff9
fffb
fff8
fff8
0001
fff3
0001
0001
000f
fff9
0011
001a
0006
fffb
fffd
ffff
0003
fff7
0000
fffb
fff5
fffa
0008
0007
0003
fff4
fff0
0004
000f
fffd
0007
0003
fff7
fffe
fff5
fffe
0007
fffc
0004
0007
fff8
0006
fff6
001d
0006
0001
0003
fff2
0015
fff4
fffd
0007
ffee
0005
ffff
0006
0002
000f
000e
0002
ffff
0006
0005
fffe
ffff
ffee
0005
0004
fff0
fff6
fff0
fff3
0004
0004
0003
fff9
0008
ffff
fff9
fffe
0002
0013
fffc
fff5
fff9
000a
0004
ffe4
ffe5
fffb
000a
fff2
fff1
fffa
fff4
fff6
fffd
0001
0011
0010
ffee
0009
fff3
ffff
fff9
001b
0009
fff8
000d
ffea
0000
fff0
002b
0010
ffde
000b
0006
000d
fff3
ffed
fff4
0007
0000
0016
fff5
fff8
fff9
ffdb
ffe1
0000
0048
000a
fffc
0014
fff7
0038
ffeb
0016
0000
0022
0010
ffe1
0013
ffdc
0056
000c
ffe2
ffeb
001e
0011
ffed
fff1
fff0
0012
000d
000c
fff0
0011
ffee
ffca
ffce
0011
0052
ffdb
ffc7
002c
fff7
fffc
0022
004a
ffae
0037
fff9
ffd5
0021
ffe6
0061
0019
ffd7
ffb9
002d
0027
ffd0
ffdd
0022
000f
ffd6
0001
ffc7
001a
000b
ffcc
0000
0010
0005
fff0
ffd6
fffe
ffdd
fffc
0049
0018
ffdd
0002
fff8
ffa8
002c
ffef
0039
0031
0021
ff86
005c
001b
ffd9
ffd5
0023
0018
ffdb
ffdd
ffd3
0025
001e
ffbd
fff1
0019
0016
ffdf
ffff
0019
ffe0
0018
0042
000a
0012
fff2
ffdd
ffb1
0018
ffe7
0037
fff9
ffef
ff95
006f
001b
0008
ffb9
0022
0017
fff0
ffb3
0001
0031
003b
ffd0
0000
002f
000c
ffe4
fff5
ffee
fffe
0016
0003
fffd
0019
ffcb
ffec
fffb
002e
0006
0036
0011
ffe7
ff75
0027
000f
0043
ffb6
0021
ffe7
0010
ffc4
000b
0004
0010
ff88
0015
0000
004e
fffa
ffdd
001b
fff7
001c
ffd0
ffff
0036
0003
fffa
ffba
0005
fffa
0014
0020
000d
ff91
0009
0052
003b
ffeb
0006
0003
ffd8
ffcc
fffd
0012
003b
ff90
fff4
ffd9
003b
0014
ffee
0027
fff4
0022
ffc9
0024
0043
0019
0005
ffb0
fffb
ffdf
001d
0009
0005
ffe9
000b
0021
fff3
ffdd
fff4
0005
0007
ffe2
0002
001e
0033
ff88
ffe8
ffd8
0027
ffde
0002
fff1
ffdf
ffdf
ff98
fff2
0065
000e
0051
ff5f
fff8
ffad
ffda
002c
0012
fff7
fff3
000d
0008
000f
ffe2
ff90
0030
fffa
0052
0016
0009
ffd2
ffe5
001a
0009
ffe6
ffd7
ffe2
ffd4
fff2
ffc3
ff87
0034
ffd3
000a
ff5c
ffb5
ffc8
ffe0
ffc5
0029
0001
ffd9
0001
001d
001d
0016
ffaa
0031
ffe3
0029
0033
0022
ffed
ffce
0002
ffc0
ffed
0001
ffd8
000a
ffd9
fff8
ff9f
ffef
0001
ffe8
ff52
ffb3
ffb7
ffc7
ffed
0011
0026
0002
fffe
ffdd
0045
fff8
ffd2
0042
ffa2
003a
0030
005f
ffd3
fffc
fff4
0004
ffb9
ffe9
ffec
0005
fff8
ffd6
ffed
ffd6
0005
0016
ff99
0005
ffc1
fff0
0001
fffe
ffd8
0040
fffc
ffce
002a
ffeb
ffe2
0000
ffb3
0022
0019
0060
ffdc
0029
0039
ffde
fff1
ffec
ffec
0021
fff7
0030
0031
ffe8
0011
0016
ffc3
ff75
ffc2
ffd2
ffdc
002b
001b
004e
002a
ffc2
002e
ffbe
ffe4
0024
ffc7
0023
ffff
0064
000f
fffc
000f
ffd8
fff1
0018
ffe9
003c
0008
fff9
0030
ffd3
0025
fff4
ffbe
ffb0
fffb
ffca
fff6
000b
ffe4
004c
000e
ffe7
004b
ffcd
0001
ffe9
0008
0002
fff1
0049
fffc
001d
0002
001b
ffeb
003c
fff2
0006
001e
ffec
005f
ffb3
0013
fffd
ff9a
ffc1
ffc9
ffed
ffe9
000d
fffe
0059
0028
ffd1
001f
ffe3
fff6
ffea
000f
ffc5
ffef
003d
0005
fffa
ffdb
004c
ffab
0012
0026
ffdd
0048
0005
0054
ffb3
0004
0035
ff5f
ffc5
ffca
001b
ffe1
000d
fff4
004a
0006
ffe6
0009
0019
ff91
ffee
0019
ffb9
0003
0021
fff4
0021
ffbf
0045
ffd4
ffd0
ffde
ffe3
001d
ffef
0045
ffd1
fff8
001a
ff5b
fff9
ffde
0049
ffef
0024
0008
0032
002a
fff6
ffea
0029
ffc9
0016
ffef
fff2
0005
0029
ffdd
ffd8
ffe2
003d
ffde
fffd
0000
000d
0023
ffdf
0039
000d
fff4
0041
ff7e
0031
ffbc
003f
000b
001e
000e
fffa
0004
fffa
0014
002c
ffa8
001d
0039
002a
fffc
fffe
ffcf
0009
ffe8
0015
ff9b
001a
0015
0007
003b
0003
ffe8
0015
ffe3
004a
ff9b
0000
ffc5
0040
000e
0037
ffe5
fff6
fff2
0024
fff4
0033
ffa3
001f
003b
0036
001c
fff6
ffec
fff2
fff7
0031
ffa8
fff2
0009
ffc7
0013
fffe
fff2
0009
ffd9
0041
ffc3
0011
ffb7
0025
0010
0015
ffdf
0011
0008
000c
ffd9
003d
ffb9
0005
001c
0022
0014
ffe6
ffe5
fff3
0008
0032
ffb2
ffee
ffeb
ffda
001b
0001
fff8
0011
ffd8
0042
fffb
0025
ffd0
0018
0001
0000
ffe3
ffe6
0000
001d
000e
0020
ffcd
fff7
0010
0012
0007
ffdd
fff3
0007
001e
001f
ffe3
ffed
fffc
ffe1
0008
fff1
0022
0003
0001
0002
0008
0024
fffc
000e
fff8
0007
fff6
fff2
fffd
0020
ffef
0018
ffef
0014
fff4
fff0
0003
ffe3
fff6
fff1
000f
001b
0004
000e
ffff
fff1
000b
fffe
fffb
0015
fffd
fff6
0010
0000
0001
0001
0002
fffb
0007
ffff
0001
0014
000b
0003
ffec
0003
fffa
fffc
fff9
000b
000c
0005
0003
0003
0000
0001
fff2
fff7
fffc
ffff
000b
ffff
0000
000a
0002
0000
fff7
000b
fff5
ffff
fffe
fff0
0000
fffa
0005
fffe
0006
0006
fffb
0003
fff8
0003
0005
0007
0009
000c
fffd
000a
fffa
fff9
0005
ffff
0006
000a
0003
fff2
fff3
fff3
0001
0006
000e
fffc
fffa
0008
0008
fff4
0002
0001
fff5
0004
0000
fff8
0000
fffa
0011
ffff
ffe8
000d
fff8
0000
0002
0002
0012
ffff
fff7
0001
fffe
0009
fffe
fff9
0001
ffe9
0018
0000
fffa
fffd
0005
fffa
000a
0002
000b
fffe
0015
fffe
fff6
ffff
fffa
fffc
0004
0004
fff5
fffc
0008
fff8
ffff
0005
0007
000b
0007
fffd
fff7
fffc
000c
fffc
0001
0008
0002
0004
0001
fffd
fff8
fff5
ffff
fffa
fff0
0009
fffb
0002
fff3
0000
0007
fff4
fff5
fffc
000c
000a
fff9
fff9
0003
fffb
fffc
0006
fffa
fffb
fff8
0000
0009
0009
0001
0005
fffb
fff2
ffe8
fff3
ffff
0005
0004
fffa
fffc
0008
0003
ffed
ffe8
fffa
0017
000b
fff5
000c
fff2
001b
000a
0007
ffff
001f
fff5
fffc
fffd
fffd
0024
ffed
000e
0012
000a
ffee
fff9
ffe7
0000
0011
0004
000e
0000
fff8
ffd0
fffb
0002
fffe
002e
0012
fff2
0021
0029
fff0
0012
fffa
ffee
fff8
0004
fff8
fff3
0038
001b
fff8
fffd
000b
0012
ffc6
fff1
ffe9
001c
0002
000c
fffa
0003
fff0
ffca
ffee
000b
001b
003b
0007
0002
0008
0000
ffe8
0047
ffc8
0016
ffde
000c
0017
fff8
0044
000a
ffcf
ffd4
001c
0008
ffbb
ffe4
ffd8
0034
ffde
000a
ffcc
000a
ffec
ffa1
ffe9
0009
fff8
006f
ffed
fff9
ffe6
fff3
000e
003c
ffca
0015
ffca
fff7
0007
fffa
0043
fff0
fff7
ffd5
002d
001b
ffc5
ffd6
fffe
0055
ffdb
ffe4
ffdb
0010
000e
ff9d
fff1
001b
ffe6
0069
ffec
ffde
ffe0
000d
0024
0025
fffc
ffca
ffd2
0011
0005
0009
002b
ffe8
ffd3
ffb7
0048
0013
ffc9
ff9e
fff6
003d
ffe3
ffda
ffff
0019
ffd6
ffc4
0028
0029
ffc7
0004
ffee
0003
000f
ffef
0008
fffa
001b
ffc5
0000
0021
0027
000a
ffd8
0023
0000
ff8c
004c
fff8
0008
ffe3
ffd5
fff8
ffe0
0034
0009
001f
ffd4
fff4
001e
ffe7
ffdd
ffca
ffde
fff8
ffd3
001f
ffe9
002b
0016
ffcf
0021
ffa8
0006
fff3
fff8
0028
fff5
ff99
0062
002f
001b
ffe5
ffce
0002
fffc
0024
0022
0039
ffed
fff2
0004
fff1
ffec
0013
0002
ffed
fff0
0029
ffc8
0009
004c
ffac
0008
ffb2
0039
000f
ffff
004e
003e
ff94
0088
002d
0025
ffce
ffe4
001a
fff2
ffe5
0020
0038
ffec
ffd8
000b
002a
ffc9
ffe7
000e
ffe5
0002
ffe6
fff9
ffef
0085
ffc3
0005
ff7b
0025
ffd2
fff2
0029
0038
ff90
009a
0013
0026
fff5
fffd
ffff
0004
fffd
003a
0019
0020
ffe0
ffe4
0036
ffcf
ffbb
0041
0011
fff3
ffca
fff4
ffd8
0032
ffcb
ffeb
ff87
002e
ffb7
ffce
0007
000f
ff64
007e
0009
0024
0006
fffd
fff4
ffe0
ffd6
fff3
fffc
005e
0025
0005
0004
ffd6
ffc7
0019
0035
0018
ffe2
0031
ffe0
0007
fffa
0013
ff45
0037
ffe7
fff2
0019
ffe9
ffc5
0053
ffbd
fff0
0035
ffe3
0019
0026
ffd7
0039
001d
004b
0011
0027
fff2
ffd2
ffbf
0004
ffe7
0033
ffe3
0009
ffd3
002d
ffd0
ffe2
ff9b
fff9
ffe5
ffd3
ffe5
002d
ffb5
0024
ffd9
fff2
003b
ffff
0004
003f
ffc1
0066
0037
002b
ffe3
0028
0002
ffd5
ffa3
0019
ffe8
0004
0026
ffe7
0000
ffe5
fff8
ffc4
ffb7
ffff
ffb2
ffde
ffed
fff1
ffaf
0078
001c
ffe8
000a
ffb4
0006
001f
ffc5
0028
0021
0045
ffdf
001a
0020
ffd6
ffb7
0007
fff5
0011
001b
fffa
0010
ffe0
0012
ffc1
ffa0
ffed
ffa7
ffbe
0000
001b
ffdc
005b
000b
0002
000a
ffbd
0000
ffd4
fffc
fff0
0004
0034
0017
001a
ffe3
ffe1
ffba
0029
0009
001a
000d
fff2
0055
ffc3
0003
000b
ffb3
ffdd
ffb8
ffca
ffed
000e
fffa
0066
0017
fff8
fff8
ffba
ffd6
ffd1
fff0
ffbe
ffd1
003b
0000
0020
ffe4
ffee
ffa7
fff3
ffd1
0032
001b
0008
007f
ffe2
ffe4
0019
ff9b
ffdd
ffdf
002d
ffe2
ffde
ffe7
0051
0014
0012
ffdd
fffa
ff9f
fffa
0012
fffd
ffdb
0026
fff1
fff4
ffde
ffee
ffc4
ffe9
fffb
0016
004d
0007
0041
fffa
0003
0046
ff7e
fff6
ffe1
fff9
fffb
ffea
ffe9
0012
000d
fffc
fff6
0015
ff96
0031
0026
002a
fffc
fff6
ffd3
ffee
ffb6
ffdb
ffcd
0030
ffff
0027
006c
0008
0025
fffc
ffe5
003e
ff8d
fffd
ffee
0031
0003
fffc
0015
ffcb
ffea
0014
ffff
002c
ffbc
0019
0045
0025
fffa
fff9
ffde
fffc
ffb3
0007
ffd7
000c
0000
fff4
0023
000b
fffe
0010
ffd3
0060
ffc3
0018
0003
002f
000a
0015
ffee
ffd9
ffed
0028
fff7
0038
ffab
0013
002c
0024
fffb
fff2
ffe6
001a
ffc8
002c
ffe1
fff8
ffef
fff1
0014
0006
0009
fff6
ffdc
003e
000d
0015
fff9
002e
0017
0004
ffdf
ffec
ffef
0012
fffc
0044
ffbc
000b
0015
0014
fffe
ffeb
ffd5
0013
ffe0
000c
0001
ffed
fff8
fffe
000c
0011
0001
0006
ffe5
0032
000a
0032
ffdd
0010
0008
fff8
ffda
fff5
ffe5
0017
fff6
0009
ffdd
0010
0009
000a
fff1
fff4
fff4
0021
fff4
0012
ffe8
fffb
fffb
ffea
0023
0005
fff1
0003
fffb
0005
0021
0016
ffff
000c
0008
ffed
ffe2
ffee
fffb
000e
0001
0015
fff7
0005
fffc
ffff
fffe
ffef
fffb
0015
fff6
000d
fff1
ffee
fffa
ffee
fff8
0010
0007
0001
fffb
0009
fff7
fffe
ffff
fff5
0003
000a
0009
fffe
0009
fff9
0003
fffd
fff7
0002
0008
0002
fffb
fffe
0000
fff2
fffb
000b
fffc
fffd
fff8
0018
fff8
fff3
0004
0000
fff9
ffff
0006
000a
0007
fffc
fffb
0011
fff7
ffee
0002
fffe
0000
fff7
fff8
fff7
0000
0005
0007
fffe
fff5
fffe
000a
0007
ffe8
fffb
fffe
0010
fff2
ffff
000e
fff6
0000
fffd
fffa
0004
fffb
0010
0012
0007
0005
ffff
fff3
0007
0003
0009
0001
fffe
0006
0000
ffff
0006
0008
0001
000b
0009
0002
0007
fff2
0005
0014
fffa
fffc
000f
fffd
fff9
0000
0005
fff7
0000
fffd
0005
0009
ffff
0003
0009
0001
0013
fff2
fff6
ffff
fffa
000b
fffe
0008
000d
fff7
fff8
000b
fffa
ffff
fff6
0008
fff4
ffe9
0007
fff7
0011
0003
fffd
fff1
0002
fff6
ffff
fff3
000a
fff2
fffa
ffff
fff1
fffe
0009
fffd
0008
fff8
fff6
fffa
0000
0006
fff6
0003
0001
fffa
fffe
0005
fff8
0006
000c
0001
0007
0010
0007
fffb
0003
000c
0004
fffe
0007
fffc
0017
fff9
fff1
0001
fff0
fff8
0003
fff7
0016
fffb
fff4
ffff
fff1
0008
000f
fff5
000d
ffff
0007
0018
0003
fffb
0004
fffd
ffef
fff5
fff1
0015
0001
fffc
000e
0000
fffa
fff5
ffe7
0005
0009
fffc
0007
000b
0000
0005
fff8
0013
ffed
001c
0008
ffd5
0011
fffd
fff8
0020
0013
fff8
ffef
001a
0005
0009
001c
000e
fff8
ffea
0005
0013
ffe5
0003
ffed
fff6
000a
fffe
0006
fffe
fff2
ffe0
fff3
0003
ffd7
005e
0013
ffdd
0022
fff9
ffe1
003e
fffa
ffe3
ffda
004d
0010
003a
0021
ffe8
ffeb
ffef
fff9
0004
ffd6
ffef
ffe3
0052
fff9
ffe8
ffea
ffe0
ffd0
ffc1
ffec
000a
ffc1
00a1
0023
ffd8
001f
fff8
ffe0
0033
ffee
fff5
ffce
0058
0012
0036
0021
ffd1
ffe4
fff5
fff3
fffd
ffb9
ffee
ffe2
006d
ffff
0013
fffb
fff5
fffe
ffb6
0000
fffc
ff98
00ab
001e
ffdf
0037
000f
ffe2
000f
0000
ffed
fff7
0034
001c
001c
003f
fff9
ffc5
ffd2
fff2
0002
ff92
ffcc
ffc3
005f
fff6
0024
0012
fff2
fff4
ffac
001e
ffc7
ffd3
0044
000e
fff9
001f
0011
ffc2
ffe7
0025
ffbf
0014
002a
002f
fff5
0001
0004
000c
ff9b
000f
000e
ffc2
ffe5
ffc7
0040
0006
001d
000c
000b
ffe9
ffd1
0040
ffed
ffae
0030
0006
ffcf
0032
fff6
ffb1
ffe0
fffd
ffe8
0005
ffd0
0008
ffcc
fff5
0051
0041
ffb1
0030
0026
ffb8
0010
ffb2
003e
fffb
0026
000f
0046
000f
ffa0
002d
0010
ff7f
0071
0001
ffc3
004a
ffef
ffbe
ffe1
001a
ffeb
000a
fff9
001b
fff8
fff9
0052
0000
ffd8
003a
0024
ffce
0023
ffac
0032
002e
004a
0038
001f
ffeb
ffa8
0037
0002
ff80
0026
0014
fff2
001d
fffd
ffd6
fff0
0028
ffbc
fff0
ffdb
0008
ffd3
0001
0032
000a
ffb2
0048
003c
ffce
0016
ffcf
0001
0033
0031
004d
fffc
0009
ffaf
0004
ffdd
ffa0
0009
0006
fff0
0010
ffea
fff7
ffd2
0043
ff9a
ffde
ffee
0030
ffc4
001c
0013
fff5
ff8f
0031
002e
ffce
0037
fffd
0000
002f
0046
0058
0025
0044
ffa0
0014
fff2
ffb4
fffd
0025
ffc8
fff7
0002
ffd7
ffdb
004b
ffc8
ffc3
ff93
002b
ffaf
000f
0006
ffe4
ffa8
0059
ffef
ffd1
002d
ffef
0027
0043
ffff
0069
0042
001a
ffa4
fff6
0029
ffaa
000b
002f
ffdd
0003
000e
ffed
ffd9
0061
ffb6
ffd6
ffa0
0010
ff9d
ffec
fffe
ffe8
ffd0
0066
fffb
ffcb
fff8
fff4
0004
0062
fffb
0054
0013
003e
ffc9
0008
002d
ffb6
fffe
0057
ffef
001f
0027
0008
ffd2
0058
ffc0
ffcf
ffdc
0047
ffa0
ffa4
000d
fff1
ffcb
004e
000e
fff9
0005
fff2
001c
004a
ffed
0068
000b
0046
0004
ffee
fffd
ffcd
ffea
005f
fffd
003a
0013
0036
ffff
0056
ffd5
0021
ffa1
003d
ff7c
ff91
fff7
fffd
ffe6
0028
0029
001e
0036
ffce
000d
0018
fffe
005b
ffff
0044
fff8
ffc5
ffee
ffe9
ffce
0046
ffee
0029
001a
ffff
0017
0008
ffdf
0013
0014
003a
ffab
ffa7
0006
000b
ffce
0036
000e
0019
002f
ffec
0030
0002
000c
0025
ffe5
0051
ffe2
003b
fffd
ffe8
ffa2
002f
000e
0026
0043
0029
0015
fff6
ffe4
0024
ffe5
0010
ffcf
ff97
fff1
0029
ffe2
002c
0009
002b
001a
000b
0004
fff5
0015
fff7
0016
002a
ffe8
fff0
ffd9
ffda
ffd8
0027
0029
0012
004f
0042
fff1
0015
ffe6
0027
ffe8
fff1
ffe6
ff99
000a
000c
fff3
0006
0007
003f
0011
0005
ffe4
001e
0048
0001
fff2
0019
0011
0018
ffb2
fffa
ffd9
0015
fff8
001c
0042
ffed
fff4
000c
ffe0
0031
fff4
001f
fff4
ffe6
0029
fff9
ffee
ffa8
ffd6
001f
002b
0014
fff5
0013
0039
0007
ffec
fff6
0012
0038
ffa3
fffc
000b
0021
ffda
0013
000c
fff3
fff4
000b
fff2
0027
0015
001e
0007
0024
0010
fffa
ffdc
ffb6
ffd3
000d
0010
0013
ffe5
0012
002c
fffe
ffe8
ffe7
000e
0040
ffc4
fff5
ffed
000d
fffe
0001
0018
fff9
0000
fff4
ffe2
0030
0019
0002
0008
0010
000a
0004
0004
fff5
ffeb
000d
0008
0022
ffea
fff2
0027
0008
fff2
ffed
ffed
0018
ffcb
fff9
000c
0008
0003
0004
fff5
0000
0002
fffb
fffb
0023
000f
000e
ffeb
0009
fffc
0009
ffe6
fff1
ffe0
001c
fff9
ffea
ffe9
0003
0014
0003
fffc
ffed
fff5
000e
fff5
000e
fff9
ffff
0008
ffe9
0007
ffdf
0010
fff8
0001
0009
0016
0014
fff6
000b
000a
fff3
0000
fff7
fffc
fffa
0003
0019
ffef
fff3
fffb
ffec
001a
fff5
ffff
fff3
0007
000c
fff7
000b
ffff
0000
0014
fff5
0022
000d
0007
fffd
fff2
fff0
fff6
fffc
fffc
0016
fffe
fff7
fffb
0003
0010
0014
fff7
000f
000d
0002
fffe
0009
fffb
000a
000a
0005
0006
fff7
fff7
fffd
0007
fff5
fff2
ffef
fff1
fffe
fff9
0005
000b
0013
fffa
000d
0006
0001
0004
ffec
ffff
fff5
fffe
0002
000c
000b
0000
ffff
fff5
0001
fffc
0009
000f
fffc
0007
ffe5
000a
fffe
000f
0004
fffd
fff6
0000
fff4
0007
0005
fffd
000e
fffe
fffe
ffea
0005
0001
fffc
fffd
0001
fffd
fff2
fffa
0003
0007
fffc
0001
fff8
000b
0008
ffff
0004
ffe5
0005
0002
fffc
ffee
0008
fffc
0009
000c
0005
0000
fffa
fff6
fffe
ffef
fffc
fffe
0004
0007
0006
ffe8
fffa
fff3
0000
ffef
0006
0016
ffff
000f
0005
000e
0001
0009
fff5
ffff
0009
0007
ffff
fff9
fff6
fffc
0002
0001
ffff
0002
0000
0001
fff8
0002
fff8
fff8
ffff
000c
0004
fff5
fff7
0002
0002
fff9
0013
0000
fffe
ffea
fff5
0001
0006
0006
fffc
fff5
0005
0004
fff9
0007
fff5
0005
fff8
fffb
fff6
fffa
fff6
fffc
fff3
000f
000c
0000
ffff
fff6
fff4
0007
fff4
fffa
0002
fff6
fffc
fff4
0005
fff8
fffa
000b
0010
fff8
fff5
0003
0001
fffd
0008
0004
0012
000a
0000
0003
000e
fffc
0011
0006
ffff
0004
0007
0007
000b
ffff
0002
fff9
fffd
0014
000e
fffc
001b
fffe
fff9
fffa
000e
fffc
fff8
0009
0002
000e
000b
fff1
0008
fffb
fff7
0006
0003
fffa
0003
0013
0008
fff9
ffeb
fffd
0002
ffff
fffb
0002
ffed
0033
0005
fff8
0003
fff0
fffc
fffd
0009
ffe4
0002
0018
0008
001c
0016
0002
fffc
fff6
fffd
fffd
ffff
fffc
fffe
0018
fffc
fffc
0006
ffe6
ffe4
0007
000d
fffb
ffde
003b
001e
ffef
fffd
ffee
ffd6
0005
0001
ffe4
0001
0036
001d
0017
0016
0003
ffeb
ffe9
ffe9
0002
fffb
fff8
fff7
001f
000e
000e
0000
ffe9
fffb
fff6
003d
fff0
ffc8
0050
001c
ffdb
0021
0009
ffd3
ffeb
0016
ffd4
fffc
003a
003a
0018
000a
0007
ffe5
ffb4
fff4
000d
ffd1
0005
fff5
003c
0003
0017
001b
fff0
fffc
ffdf
004a
000c
ffb1
0073
0025
ffe2
0008
0010
ffb5
ffee
000e
ffb1
fffc
005a
0054
001e
001c
0026
ffb8
ff83
fff4
0011
ffdc
0010
ffee
0059
0008
001a
0008
fff6
ffe5
fff6
005b
0008
ffa5
0056
0057
ffd1
000b
003c
ffb4
fff8
000f
ffa8
fff5
0020
0030
ffe1
0033
0033
fffa
ffab
000a
0029
ffc2
0014
fff6
0076
0012
002b
0027
0012
0016
ffdc
0068
0031
ff89
003d
0056
ffd2
001a
0049
ffb8
ffe3
0037
ffcc
001f
0004
0024
ffdc
0011
0057
ffd6
ffa4
001b
ffe5
ffc9
0006
fff2
0050
0028
003c
0037
ffef
002d
fff5
006f
0013
ffae
0025
006b
ffbe
000d
0041
ff9e
ffe7
0049
ffc1
000c
0026
002f
fff6
0014
002f
ffee
ffbd
0028
0025
ffbc
0010
fff2
0043
0043
0014
0027
fffd
0026
000a
003f
0027
ffb7
001b
0053
ffd3
0007
0067
ffc9
ffe3
0039
ffc9
000b
004c
0024
ffca
001d
0056
ffef
ffbe
0033
002a
ffed
fffb
fffe
0033
0037
003e
0029
0005
002a
ffe3
0046
002f
ff93
ffdc
0067
ffe0
0014
005a
ffe5
0006
0034
ffcb
000d
0035
001a
ffbc
0006
0028
0006
ffc6
0026
0021
fff1
001a
0022
002d
003d
0022
0012
001c
0017
ffe5
fffe
005e
ff8d
0001
005b
ffe2
000b
003e
ffe4
ffc9
0037
ffbd
0033
0054
0033
fff3
0008
001d
ffc3
ffc8
0009
fffa
fffc
0007
001a
003c
0019
0019
0025
ffea
001d
000a
0004
0040
ffa6
0007
004e
ffc5
fffd
004d
ffe2
ffc1
0050
ffbb
ffe8
0035
002e
ffe4
fff6
ffdc
0015
ffed
000b
0013
0005
0015
0018
005c
0026
0011
003a
fffd
003b
ffec
ffeb
0021
ffce
fff0
004f
ffc1
0006
0046
ffe5
ffb6
0041
ffcb
0042
006c
0030
ffbf
ffea
001f
ffde
ffb1
fff1
001e
fffa
002f
000c
004c
0019
000d
0023
0010
0036
ffe2
0023
0028
ffd4
ffec
0051
ffea
0005
0041
ffe0
ffc2
000d
ffbe
000b
00a5
002a
ffdb
ffd2
0031
000e
ffba
0012
0007
001d
0026
0007
0054
0009
0016
000d
0016
001f
ffec
0026
000f
ffdc
fff9
0042
ffc6
0004
0041
ffef
ffcd
0008
ffbd
ffec
005c
004f
ffff
ffc5
0010
0024
ffb7
0019
0026
000f
002b
0012
0035
ffe7
ffea
0004
0004
001e
fffe
0022
ffef
ffe8
fffe
0011
ffe5
0026
0037
fffb
ffb5
000d
ffbd
fffc
0045
0028
ffee
ffd8
0024
0000
ffd0
000c
001c
fffe
001e
0002
0022
000d
fff0
0015
0003
001f
000b
0018
ffdb
0013
fff8
0002
fffd
0015
0025
ffcf
ffde
000d
ffcb
0008
0039
002e
fffa
ffec
0016
ffe6
ffd4
ffc9
ffe9
ffec
0017
0002
0014
000a
002d
000c
ffe9
fffd
0001
0026
ffcc
0009
fff6
0002
ffde
0022
0011
ffd6
ffe9
0007
ffe6
0017
0035
001a
000b
ffec
0006
fff3
ffd5
ffd6
ffe5
0007
0019
000e
ffee
000c
0033
0008
fffd
ffee
ffea
0025
ffd3
fff4
0009
0005
ffeb
0013
000a
ffeb
fffd
fff0
fff8
0011
0011
0024
fff4
fff8
0001
0002
0002
fffb
fff0
ffe6
000d
fff2
fffe
0000
002b
000b
0000
fffc
ffe5
0005
fffa
0002
000e
0006
ffff
000a
0001
fff7
0002
fff4
0003
0008
0018
0008
0010
fff6
0004
0009
ffe5
fff5
fff5
0001
000f
000e
0002
0013
0013
fffe
fff1
ffea
0005
fffd
fff6
ffff
fffd
0001
fffa
000f
fff8
fff8
fffe
fffd
0007
fff5
0015
0008
000f
fff7
fff9
0002
fffb
ffff
fffe
0009
0002
ffff
fffa
fffd
0009
fffa
0002
fff9
fff4
0000
fff7
000f
fffc
fffc
0006
fffc
0000
000d
0012
fff4
0009
fffb
ffff
0000
000b
fffb
0003
fff8
000d
0007
fffb
ffff
fffb
0005
fffa
000a
fffb
fffd
fffd
fffd
fff2
000f
fff8
0007
fffa
fff0
ffff
fff7
fff5
ffff
fffe
fffe
000b
0007
fff2
0003
0006
0004
0015
0003
0008
fff9
0010
000b
fff5
ffec
0006
fffa
fffa
fffd
0007
ffff
fffc
fffe
0006
fffc
0007
fffa
fff3
fff5
000b
fffd
0003
0004
0009
ffff
0007
ffff
0006
0002
0005
000a
fff7
fffb
fffc
000c
fffb
fff4
0008
fffe
fffd
fff8
fff7
fff5
0011
000a
fff7
000b
fffb
0008
0001
ffff
0000
fff2
0000
0002
0003
0002
0007
fffa
fffc
fffc
0007
0002
fffd
0008
0014
000c
fffc
0007
fff9
ffff
fffc
0001
ffff
fff7
0006
000f
0007
0005
fffe
0000
0000
0005
0013
fffe
fff2
0006
0012
0002
0003
fff6
fffa
0006
fff0
0000
0002
fff4
0000
0001
fffd
0001
ffff
fff1
fffb
0003
000c
0008
fffb
001b
fffd
fff6
fff6
000b
ffef
0006
fff8
000c
fff5
fff0
0005
fffa
fff6
0000
fff6
0008
fffa
fff7
ffef
0005
0004
0005
fff3
fffa
0008
0000
000c
0000
0004
fff9
fffe
0004
fffd
fff4
0002
fffe
fffe
fff6
ffeb
000e
fffd
0001
0005
fffd
fff7
fff8
000c
fffd
0003
fff9
000a
0008
fff2
fffd
000d
0001
0002
0007
fffd
fffb
000e
fff3
0001
ffff
0000
ffff
000e
0009
fff8
0007
000b
0005
0008
fffa
fffa
000f
000d
0003
0000
0002
fffc
fffd
fffc
fff4
fffc
0004
0005
000b
0007
fffc
0000
0003
0002
0003
fff7
0006
fffa
0003
0001
ffff
fff8
0011
0008
ffe7
ffed
ffff
fffa
0015
ffff
000b
0001
fffe
000f
0003
0001
fffc
fffc
ffef
fffc
0005
fffe
ffec
0000
fffc
fff7
fff0
ffff
0012
ffe8
fff8
000a
0004
fffb
0006
0002
fffe
0008
0009
fff2
0012
002d
000d
0012
000a
0013
fffd
ffe2
ffec
000c
0006
0009
0017
fff3
0000
0028
fffc
0004
fffe
0001
0016
ffd7
0004
001d
0002
0002
0009
fff7
ffe6
fff7
000b
fffd
000f
0024
0021
001a
fffa
0005
0004
ffe6
ffe2
0012
0006
fffd
0012
000e
000b
0005
fffe
fff0
ffff
0010
0013
fff5
fff7
0016
001e
0000
ffdb
fffc
ffeb
fff2
ffff
fff2
0016
0038
001f
0016
fffc
fff8
ffff
ffea
fff8
0001
fff9
0002
001f
0012
0006
0002
0009
fff7
000a
0013
0028
0012
fff3
001f
0027
fff4
ffeb
0005
ffde
fff0
0001
ffe4
0020
004b
001e
0015
ffee
fffb
fff1
ff9e
ffd0
000d
0006
000a
001d
000f
0004
000b
0006
ffeb
0014
0002
0036
0019
0000
0016
0017
0000
0000
fff8
ffea
ffda
000d
ffec
003a
0061
0036
0024
ffe9
003b
ffe2
ff8b
ffd4
0003
0012
0017
0037
fff6
000c
000b
000c
ffde
0013
001a
0048
fff7
fff3
0004
0008
fff5
ffed
0010
ffd8
ffcf
0016
ffde
0014
0079
002c
001f
ffdb
002a
ffed
ffb4
fff3
0037
0018
001f
0037
ffe7
000c
fffe
000a
000d
0034
0014
0055
0007
fff2
0009
0011
ffe3
0003
000d
ffe5
ffd0
0014
ffe4
0032
0070
004d
000f
fffa
0031
fff9
ff97
ffdf
0050
001c
0033
0047
ffdd
0002
0027
0021
ffed
0019
0016
004a
0000
ffe6
0026
0019
ffef
0015
0010
fff5
ffcd
0016
ffdf
0037
0085
005b
002e
fffa
001e
ffee
ff93
fff7
0025
001b
0034
0048
ffd6
0009
002c
0018
fff4
001b
000d
0050
fffe
ffee
0035
0014
0003
fff7
fffe
ffcb
ffaf
0014
ffc3
0040
00b7
0080
0052
0002
001f
ffb4
ff7c
ffee
0012
0034
002c
0056
000a
fff8
fffa
000f
ffdd
fff8
000f
0097
0001
ffed
0022
0019
ffe8
0000
0008
ffe6
ffd3
001c
ffc0
002a
0068
005c
0026
fffb
0028
ffb8
ffa9
fff4
0054
0013
001b
0035
0015
ffec
000d
fffd
ffef
0011
0009
0045
0017
ffe8
0015
0021
fff1
0000
0026
ffe6
ffc0
000c
ffce
000c
0040
0053
0018
0010
0027
ffd0
ffab
001b
0030
0004
0023
002c
fff2
0006
ffeb
fffb
0012
fffa
0004
0044
003c
fff2
0018
001d
ffe4
0003
0014
fff1
ffde
000d
ffdc
fff4
0045
0037
0012
fff3
0008
ffd8
ffa4
001e
ffef
001b
001d
0014
000f
fff3
fff7
ffee
ffed
fff2
0001
004d
001a
0002
0012
0011
ffee
fff9
0006
ffe9
ffde
ffed
ffcd
fff9
0043
0051
0011
fff8
fffe
ffcb
ffad
0018
001d
fffc
001a
002d
fff3
000e
ffe2
000a
ffe9
0007
000c
003f
002c
fff9
0013
0007
fff5
0000
000b
ffe2
ffd8
ffe4
ffe0
ffd4
0028
0043
fffe
0008
ffff
ffd6
ffba
0018
0017
0005
0012
000d
fffb
fffa
ffe4
0011
fff1
ffe9
0000
0025
0002
fff9
0002
fff6
ffdf
0010
fffe
ffdc
ffe7
000c
ffea
fff0
002d
003f
0002
fffd
0005
ffd3
ffe1
fff3
0003
ffea
fffd
0004
fff0
0004
0005
fff6
ffff
ffe5
fff6
0011
fffd
ffe5
0000
fffe
0000
0012
000a
fffc
fff5
fffd
ffe7
fff0
0016
002b
000c
fff6
fffd
ffe2
fffc
ffeb
0001
000c
0014
000e
000d
fff4
0017
000d
ffe8
fff1
fff9
0022
fff8
fffc
000e
0009
fff7
fffd
ffff
fff1
0001
fff5
ffee
0008
000b
0015
0010
fffb
0001
0009
0003
fff5
0002
0017
0005
0003
0002
fffd
0004
fff6
0007
fffc
fffa
fffb
fff3
000c
000b
ffec
0009
0003
ffef
0008
0002
fffe
fff8
000d
ffea
fffb
0016
fff9
fff6
fffd
fffd
0009
fff2
fff9
fff9
0011
0008
000c
fff1
fff8
0007
fff4
fffc
ffff
0000
fff4
fffd
fff6
0004
000b
000d
0012
fffd
0003
0010
ffe6
0004
fff6
0002
fffd
ffff
fffe
0006
ffff
0007
ffff
fffd
0006
0006
fffb
0005
0007
0003
fffa
fff2
000a
fffc
fffd
fffd
fff3
0002
fffd
0012
0001
fffd
0003
fff9
fffd
fffc
000c
fff6
000a
0018
ffff
0000
fffb
0004
0004
fffb
0006
0005
fffd
0006
0000
0005
fffc
0000
ffff
0001
fff8
fffa
fffd
001a
000a
0001
0006
fffa
0001
fff2
fff8
0000
fffe
0001
0004
fff7
0002
0005
0008
fff1
000a
fffb
000c
000d
fffb
0009
0006
0001
fff5
fffe
fffd
fffa
ffff
000a
0008
fff5
fffb
fffd
ffff
ffe7
0012
ffff
0000
000e
0003
fff3
ffef
0015
fff9
fffe
fffe
0010
0009
0001
000b
0006
fffa
fffb
000b
000d
0011
0004
0008
fffb
0005
0004
0001
0000
0001
0005
fffb
0004
fff9
0012
0000
0005
0002
0015
fffc
fff0
fffa
0002
0002
ffed
0009
fff8
fffa
0003
0008
fffd
ffff
fff7
fff4
fff9
0013
ffff
0008
fffd
fffe
fff3
0002
fffc
fff3
0008
fffd
fff5
fff8
0004
fffa
ffeb
0010
fff2
0005
0005
000d
fffb
fffc
000b
000a
000a
0002
0001
0002
000e
fff8
fff7
000a
0001
fffc
0003
0004
0009
0004
0003
001c
ffff
fff1
fffe
0001
0004
0002
0008
0004
0006
fffd
0006
0003
fffd
fffe
000e
0004
fffe
fffa
0001
fff3
0006
fff2
fff9
fff1
000a
ffe6
ffee
ffff
0001
fffb
0009
0007
0006
0007
fffd
0000
000e
000b
0005
fffc
000b
fffe
fff6
0003
0014
0019
ffff
0006
fff5
000b
0009
fff3
0001
0005
0006
ffff
0001
0012
fffe
0008
0006
fffc
fffb
fffa
0001
000e
fffb
fffa
ffff
fffd
fffc
000f
000d
fffa
0011
0011
fff4
000a
0005
0006
fffc
fff4
0000
000b
fff5
0004
0002
ffef
0008
fff7
ffec
000d
0001
0010
fff7
fffa
fff6
fff3
0002
fffc
0009
0002
0009
000e
0006
0006
0000
fffc
fff9
0009
000b
fffc
000f
0006
fff5
000a
fffc
0012
0003
0003
fff1
000b
0010
fff9
0005
0006
fffd
fffc
fffa
0003
0000
0009
000a
ffee
fffd
ffff
0009
ffff
0008
fffb
fff9
0004
fff4
0002
fffe
fff8
fffd
000a
fff4
001c
fffd
0001
000c
000b
fff9
0010
0008
0002
fff3
fff8
fffd
fffa
fff9
0007
fff4
0001
0002
fffc
fffd
fff6
ffff
0002
fffb
fffb
fffe
0008
fff5
0009
000a
0003
0007
0001
fffa
fffa
fff5
0007
0006
ffff
fff9
fffd
fffb
fff6
fffd
0001
fff4
000d
000f
fff7
fff2
ffef
000b
fffb
fff9
0009
fffa
0003
0006
000c
0003
000e
0005
ffff
0001
0002
ffff
fff8
0006
fff2
0004
fffa
fffd
fff5
0005
fff9
ffff
fffd
ffe9
0003
0003
fff7
fffe
fffd
0000
0010
0002
fff9
0001
fff3
ffec
0008
0000
0010
0006
0007
0007
000d
fff7
0008
0000
ffed
0004
0003
fffc
0002
0007
fffe
ffef
000f
fffa
ffd9
fffd
0004
0009
0002
fffa
0009
fff1
fffb
0016
000c
0005
0006
0003
0005
fff2
ffe7
0004
ffff
0002
000e
0000
0000
0008
fff7
ffeb
fff8
fffc
ffed
fff3
0002
fff5
fff8
000c
000d
0008
fff4
000b
fff3
fff6
fff6
000e
0019
ffff
0004
fff4
fffa
fff0
0001
000a
0007
000b
0009
fffd
fff8
fffb
fffc
fff5
fffd
0004
0003
ffe5
fff1
fff6
000f
0001
fff7
000a
0007
0008
0006
fff6
ffff
000b
0006
0003
0004
0002
fff9
0008
fff3
fffb
000d
ffff
0004
fff9
ffee
0009
0008
fff6
0007
0006
fff9
fffc
fff8
ffef
fffb
0000
000d
0018
fffb
fff6
0000
fff8
fff0
0005
0007
0005
fffb
fffb
0005
ffeb
fff8
fff7
fffd
0006
0009
000e
0003
0015
0008
fff9
000b
ffff
fffc
ffdc
0001
fff8
ffec
0020
0016
000a
ffeb
fffe
fff5
ffe9
fff6
fffd
000a
000b
0016
0005
0005
fff1
0003
fff5
0006
0003
001c
0004
fffb
000a
0011
fffe
0003
fffd
fff8
fffa
0010
fff2
ffff
0027
fff3
000a
0001
0010
ffec
fffe
fff8
ffe6
0000
0003
0006
0010
fffe
0002
ffef
fffc
0001
0001
0006
fff8
0002
0015
0004
0003
fffe
ffff
ffff
fff8
fff9
0003
fff9
0009
fff0
0004
000e
0009
fff8
0001
0005
000c
fff9
fff7
000c
000c
0004
ffe8
000c
000d
000c
fff6
fffe
fffb
0005
0004
0003
0005
ffff
0001
0007
0003
000c
fffb
fff8
0005
0006
000c
0006
0002
fffb
fffa
0010
fffa
0007
0001
0012
0007
0005
fffa
0001
fffe
0009
0009
0000
001c
0006
fff4
fff7
fffe
fffe
000c
fff5
0011
0003
000f
fff0
000e
ffec
fff9
fffa
fffc
0003
fff1
000c
0003
ffff
0011
0001
0001
fff9
ffee
fff7
0004
ffef
fff3
0006
0010
fffc
0000
0008
fff5
000a
0003
ffee
fff8
0002
0012
ffec
0009
fffa
fffa
fffa
fff7
fff3
fff4
000d
000a
0005
001a
000e
000e
0004
ffee
0002
ffe4
000e
000a
ffff
0011
0000
fffd
0003
fffd
fff9
0008
0012
ffee
0002
000b
fff3
0004
0004
fff7
ffef
fffe
fff7
000b
fff3
0006
fffd
0000
0003
000d
0004
fff5
fffc
fffa
fffe
fff6
fff9
fffc
0005
0010
0018
0002
fff9
ffed
0000
0004
fff2
fffb
fff7
0007
fff8
000e
fff7
fffb
fffb
0008
fff9
0009
0006
fffe
0004
0007
000b
fffa
fffd
ffff
fff8
0001
fff9
0007
fffb
0012
0004
0002
000d
fff5
fff9
fffb
0003
0001
0008
fffd
fff9
0003
0009
ffff
0004
fffd
0000
fff1
0005
fffc
0003
000a
0004
ffff
0004
0000
000c
fffd
fffa
0006
ffea
000c
fff4
fff6
000b
0008
fffc
0006
0008
0006
000d
0000
fff5
000a
fff1
000f
fff8
0006
0003
fffe
0001
0012
fff9
ffff
fff9
fff6
0003
fffd
fffa
0007
ffec
0003
0003
fff6
ffff
fff8
fff5
fffb
0010
000f
0003
0005
0002
0001
000d
0004
0007
0003
fff9
000a
fffd
ffeb
fffd
0007
fffa
000e
000c
000c
fff0
0012
0004
fff1
0002
0010
0007
0007
fffd
ffee
000d
fffa
fff6
fff9
0005
fffb
0000
fffc
0003
fffc
000c
fff7
fff9
fffa
fffa
000b
fffb
0004
0004
0006
0003
fff8
0006
0009
0008
fff8
000f
fffe
fff9
ffff
0002
0000
0003
0002
0011
fffd
fff7
0004
fff6
ffe8
000c
ffec
fffd
0004
fffc
fffb
0008
fff4
0000
fffa
0009
ffff
000c
0000
000f
0009
fff9
fff8
fffc
0013
0003
fffa
fff7
0000
000f
fffc
0003
fffd
0010
fffb
0005
fffc
fff5
0000
fff5
0013
0002
fff9
ffff
fffd
000b
fff6
0010
ffec
fff6
0016
0008
0006
0007
fffa
0009
0001
0052
ffd0
00ed
fec2
ffd1
0128
fedf
ff3f
ffbd
ffcf
ff14
0017
ff5c
0050
ff7c
ff7d
00b2
ffe8
ff63
002a
ffad
0078
ff93
0091
ff45
0051
ff91
0093
fee6
ff42
fefb
fffc
fe04
0299
03c5
fcc0
fd68
00cc
020c
fda1
fd05
fe70
fdce
fec5
fd7e
01d1
0139
fcaa
0204
01a5
fc37
00fb
fbb0
00a8
fe00
0096
0024
042e
fb51
01e4
010e
ff03
fd75
00e9
016f
fc12
ff56
fd40
020d
ffc4
0365
fe44
0231
fd5a
fa91
01f2
0095
ffb7
0175
fbd4
ff6b
0272
f9a0
ffdc
ffed
000a
ffdc
042e
0088
fe90
ff0e
ff2c
0151
fd9d
ff90
fe69
015e
fafd
ffee
fe3c
0341
fe00
fcf8
0201
00f8
0376
013e
fb94
fefe
fee0
fd7a
fd73
0083
fa5c
ffdb
ffc0
ff74
016d
fde2
007f
001c
ff46
fe7f
0210
00cf
fd88
00f3
fdf0
0204
fdfe
fddf
fc7f
fe4f
0051
0011
005f
003c
fd0a
000d
face
0080
0213
fe33
01b4
fcf7
fe3a
fbc7
fdc0
01af
0310
fc43
0319
00ad
ffd3
00e6
feef
fc28
fe82
fbf0
fdc8
ff9e
03e5
fdc5
fec6
fdbc
fdf7
02db
fd86
fde6
03a8
fbab
02d5
fdb3
00cb
04b7
041a
fede
fdd5
fcbe
00d1
fbe1
fddf
008d
ff29
feff
0157
fc4c
015f
ff97
faff
ff83
00f5
fff5
ff8e
fe13
fc3d
024a
031a
fdb5
0085
fef5
fcf8
ff9f
fe19
006c
ff0c
0402
0091
031d
fdee
fdc0
fbee
01c3
01b2
fd7b
0118
fca2
ff0f
fc70
00cd
00a6
fcc9
00f2
fecd
0031
ff91
fd3f
00c7
006b
00ff
fbd5
fb26
011d
fd47
01a5
fa12
00ca
feb3
ff54
0022
ff53
00c1
0127
fdb4
fbf6
fc80
ffe7
0382
00c0
ffc9
fb54
00a8
021d
fdee
033a
fc21
fe8f
fe10
ffd3
015c
fbaa
ff83
fede
024e
fa88
01b9
ffc7
0093
fdb0
032e
fecd
fe9d
004e
fb49
019a
01ba
fe39
fd2a
ff7a
fff3
0129
fd25
fbe2
0070
fef8
0018
001b
01ca
0057
fbd4
0181
01df
ffc2
fb08
006e
0138
ffe4
fcda
fe7f
ff8d
022a
feff
026a
fffe
fedd
fe14
fd2c
0418
fff3
fe18
fead
fdc4
ffd2
0006
fe75
fe5f
fba3
feb2
03c2
fead
033b
fbc1
fe3f
010f
feb1
fc6c
0233
fe77
fc48
0149
0358
013b
fe82
01e7
ffa2
fe4b
fd64
fdb1
fe39
0184
0040
0377
0052
005c
01ff
01ef
fcf7
0004
fc0f
013c
fd7c
fc6f
ff39
ff2e
fed7
feea
ff63
ff72
fe95
fee4
fe26
fefe
