fff3
ffd5
003c
0070
007a
0110
0105
0146
00ff
ff94
ffcb
0003
ff3a
ffed
ff96
ffc2
ffd2
ffe5
007b
00c0
006e
010d
00c6
0149
00d3
00fb
00ea
ffa1
ffbf
0005
ffac
fff7
000b
005f
0046
0057
ff8c
ffc7
0027
012d
00c9
01f8
0173
01f1
021c
0094
015a
01f6
01a5
023e
028c
0023
0166
0253
ff94
0011
0014
0034
ff91
ffce
ffd1
ffa0
00af
0015
007c
006d
00f2
0162
0176
ff69
00c0
016f
0000
0000
0000
0000
0000
0000
0000
0000
0027
000e
003a
ffcb
0019
0021
fffc
0020
ff9a
ffed
fff5
ffdf
ffd9
0013
0011
0027
ffe9
0033
ffd4
0053
fffc
ffd9
004b
0043
fff3
ffe4
ffb0
ffeb
000c
0000
fff8
ffca
ffe3
ffde
ffdb
ffd4
ffea
005e
ffeb
fff3
0042
ffe0
000e
ffb7
ff55
001c
006d
0001
003c
00b1
ffec
ffbd
0015
ff69
ffd8
fff8
ffd2
ffe5
ffe4
ffea
000e
0024
ffe0
0050
0070
0014
ffc7
0057
ffda
fff0
fffd
ffba
0010
ffd4
ff68
0053
0035
0003
ffa3
0005
fffe
fff1
0000
ffd3
0009
fffd
ffdc
ffb8
0010
fff7
ffcf
ffa8
ffc0
006a
0055
ffa8
ffee
003b
004e
0029
0037
0011
0015
0001
ffd3
0011
ffbe
ffe7
000f
ffb3
ff73
00a2
0089
ffe9
ff60
0036
0020
ff2f
fef7
fed2
00e1
00b3
ff6d
ffd3
0074
0029
ffe2
0005
ffdd
ffd5
ffc2
fffb
0015
ffeb
ffe9
ff76
ff8d
ffa2
0080
00c2
ffb4
ffeb
0066
0042
fff7
000f
ffc5
0072
0011
ff4f
ffeb
0065
ffeb
0029
001e
fffb
fff2
ffe2
ffeb
ffd4
0024
0030
ffc3
000c
ffbf
fffc
ffc9
ff72
0033
005e
ffef
ffe8
002b
fff6
ffed
0039
ffe2
ffd5
fffc
0007
0015
000c
ffde
0042
fff5
ff45
ffee
00b8
ffe8
fffb
002a
ffc2
0074
003e
fef3
0086
0072
ff53
005d
001b
ffe5
ffe8
ffdd
0000
0011
ffed
ffe2
0033
0026
ffd1
0044
fffc
ff2d
0057
002a
ff9a
000b
0037
ffde
fffc
fffe
ffec
ffc7
ffe8
0020
0009
ffda
0019
0024
0013
0011
ff8e
0008
ffff
0006
0001
000f
0038
ffee
ffb9
0017
ffaa
0036
0016
fff6
fff6
ffea
0012
000e
ffeb
ffe2
001a
004b
002d
000b
0030
ffd8
ffb4
ffd4
ff9b
0061
fff9
0030
0018
0051
ffb9
ffb6
ff9b
ff75
0040
0033
0009
fff6
ffd2
fff9
0006
0033
0019
ffdd
003e
fffe
ffeb
0048
ffdd
ffbe
ffe4
ffee
003e
001f
006b
0051
ffbb
ffa2
ffcd
0004
ffc7
ffd9
0018
000b
fff4
0016
0029
ffdf
ffee
001c
0016
005d
0048
fff6
ffc4
ffbb
fff8
ffd5
ffa2
ffb7
fff2
fff0
0023
fffe
ffe7
fff3
fff4
001c
0011
00a9
0040
0074
ffa1
ff89
ffe7
ffdb
0018
ffc6
00b9
0027
004d
ffce
ffdb
0007
ffa1
ff49
ff2e
ffe1
000a
fff7
000e
001d
ffef
ffce
002e
0024
004f
007b
0022
ffc5
fff0
0022
ffa9
fff5
ffaf
001c
0011
fffe
0021
ffce
002c
0007
ffef
0015
0020
0017
003c
0021
0027
fff0
0003
0011
ffff
0009
000d
001b
fffc
fff0
ffea
ffee
0021
fffb
0018
ffd9
ffc7
ffe1
0022
0021
000c
ffe9
fffc
fff6
fff6
ffbb
ffe5
fff2
0034
0012
0029
fff1
fff9
ff8a
0014
000c
002c
fffd
000e
ffe1
ffda
ffea
fff6
002a
ffff
ffe8
0006
0007
ffec
0022
ffc7
fff9
0018
ffd4
0006
002d
0012
ffc8
ffe7
0062
0025
0026
001d
fff4
ffe2
ffd9
ffd4
0001
fffc
0027
ffe3
003a
0039
ffcc
fffc
000a
ffe9
0018
fff4
0030
0015
001c
000f
ffec
ffdc
0023
001f
000e
0042
000e
fff4
ffba
0002
ffe3
ffcf
0059
0058
0063
0012
fff2
ffbc
ffc4
ffd0
0030
0023
0022
000e
0018
0008
ffd7
ffa4
ff85
ffcc
0016
fffc
ffd3
ffe5
000b
0017
fff3
0019
0026
0022
0039
000c
000b
fff9
001c
ffa8
ffb9
0025
0022
002a
ffe3
ffc3
ffe4
ffb6
0030
0061
005e
ffe8
ffe6
000d
ffe1
0014
ffd2
ffef
0001
ffda
0035
003f
ffe2
ffa9
ff7e
ffb3
ffed
0005
003a
0056
0012
000d
0006
001d
ffe9
000d
002d
001e
003f
0041
ffbd
ffa2
ff45
ffb1
0073
00cf
00dd
0044
00b5
001b
ff91
ff1d
ff59
ffcc
0038
007d
ffd2
fffd
001a
0007
000d
0017
0040
0012
0029
001f
0030
fff8
ffb7
ff8e
ffa1
ffc4
0022
0002
fff8
0042
0012
ffbe
002b
0048
ffda
ff82
ffcb
ffeb
ffec
0012
ffee
0017
0048
ffcd
ffe9
0022
ffe3
001d
ffba
ffdd
0010
0063
ffb6
ff5d
ffac
0035
001a
0018
fff5
fffc
ffcc
ffe2
001a
fff0
0033
0043
007f
ffba
002b
006f
ff75
ff0f
ff63
0015
0026
ff81
ffb4
00ac
00dc
ff06
ff5b
ffd7
ffaf
ffef
fff5
0005
0005
ffd8
fff4
0004
ffeb
001c
0068
fff7
ffdc
0024
00a6
ffaa
ffa8
0017
0033
0027
fffe
0058
0004
ffd5
ffc5
ffc4
0058
ffe3
fffd
ffeb
fff4
0001
ffdb
fff8
ffd4
ffef
ffde
fffa
ffcd
0084
0006
ff89
0002
ff94
ffed
ffec
0023
fff1
001f
0009
0035
ffc2
002f
0039
004d
0065
fff5
00aa
ffa3
ffff
ffde
ff67
008b
0003
001a
0026
009a
ffb8
ffd4
0023
fee7
006d
0004
ffd9
0020
0010
ffdf
0062
ffdc
ffce
fff7
0035
fff2
fffe
0044
ffa5
ffc9
ffe4
ffb1
004d
ffdd
000c
003d
ffcf
ffdc
ffd3
ffde
0001
ffe3
0013
ffff
000c
fff7
ffed
fffd
0000
ffeb
000d
0013
0006
005b
ffdc
fffb
ffee
0007
ffde
000f
0004
0025
ffde
fff0
ffe1
ffed
ffee
ffff
0005
fffb
fffc
004a
0000
ffbd
ffe8
0008
000a
fff8
fffa
ffeb
005e
ffc4
ffe7
ffff
ffff
ffc0
ffe7
0015
001a
0044
fffe
0020
fffb
000d
000b
000b
0013
0001
0032
0000
001c
ffe4
ffcb
ffe1
ffee
001a
0003
0008
001c
0010
ffcc
ffb2
0014
000d
ffd0
fff2
fff3
fffa
fff8
0014
fff0
fff3
0010
000b
0006
fffa
001b
001b
ffd5
ffd7
0035
000c
fff6
ffd6
ffdc
ffb8
ffdb
001e
ffd9
000b
fff6
0008
0027
ffdd
ffd2
0043
ff9c
ff95
0055
000f
0041
0009
ff85
0020
0033
ff75
ffab
00ad
0004
ffe4
0004
ffe7
ffd4
ffd8
ffff
fff7
fffd
ffce
000b
ffdd
ffba
001d
fffd
ffdc
0031
0070
ffe1
ff9c
ffaa
ff81
ffe8
002d
fff9
0024
0037
0085
ffeb
ffe6
0002
ffa8
fff0
fff8
fff2
ffd0
fff9
ff88
fff4
ff79
ffa9
000c
0011
ffbb
0019
0068
fff3
ffd3
0004
001d
0006
fff4
fff9
fff4
fff1
ff3a
ffa4
ff48
ffc3
002a
004d
0051
0066
009a
ff35
ff66
ff02
ff77
ffe1
ffee
0013
004b
00c5
000f
ffc7
ffe8
0009
ffca
0035
fff7
0023
ffef
ffb3
fff8
ff83
ffc4
0000
ffcc
0001
fff9
005a
ffee
ffb8
ffe8
ffd1
ffc7
004d
ff96
ffe9
006e
000b
0012
002a
ffdc
000f
ffdf
fff6
000e
0031
000b
ffbf
001e
ffb5
ffbf
0049
ff9a
fffd
008e
ffdb
fffb
ffe9
ffd5
0028
0012
ffd9
ffdc
fff3
ffd7
ff5d
ffef
ffc0
ffec
009d
ffa8
005c
003e
fff3
ff96
0047
ff73
ff53
00cf
ff2f
ffec
00ff
ffe4
ffd0
0032
ffda
fff6
000b
0004
ffed
fffd
ffeb
ffb6
fff6
ff82
ffb8
0016
ff90
0022
0000
001a
ffda
fff6
0051
0032
0053
ffa3
ff9f
ff9e
0020
0034
0030
0012
000d
0056
0044
ffe9
001c
fffb
ffb2
ffcd
0055
006b
0053
ffc1
ffbd
ffca
002c
003e
0054
0030
0010
0007
ffc2
fff6
ffcd
0007
000e
001d
0087
0097
00a9
ff4f
ff5f
ff82
ffa4
ff29
ff79
009a
00db
006e
ff77
ff80
ffd0
ffee
000e
ffe1
ffef
ffeb
ffe0
ffdb
fff4
ffba
fffb
ffce
ffc1
002a
006c
006e
ffba
ffcb
0008
fffb
fff9
002a
ffc1
ffb6
ff8b
0048
0031
fffb
0012
0000
0008
001d
ffea
0016
0015
0017
0031
0048
0003
0053
ffa8
ffb0
ffbc
0023
0034
0044
000d
fff2
fff6
ffe4
001b
ffe4
0025
000d
0014
0058
000d
0061
ff6c
ff8c
ff87
0048
0060
006e
0066
003e
001d
ff5a
ff97
ffe1
0015
fff1
fff1
ffe4
0031
fff7
ffdc
ffeb
ffee
0007
fff2
ffe7
0026
002f
0033
ffd1
ffbf
ffa7
ffff
001c
fff0
ffff
0000
0000
0000
0000
0000
0000
0000
0000
0000
0000
0000
0000
ffff
0000
0000
0004
fffa
fff9
000d
0002
000d
fff7
000a
0008
ffe5
ffff
000e
0007
fffa
fffe
fff5
0002
fff0
fff7
000a
0000
fffc
0000
0019
0009
fff8
0010
fffd
0007
fff9
fff6
0009
0002
fff8
fff8
fffa
fff3
0005
ffe7
fff9
0008
fff4
ffea
0006
ffff
fff9
0005
0026
fffb
0001
0000
0010
0009
fff3
0001
0015
0006
000b
0000
fff3
0001
ffff
000a
0007
0005
0001
ffe9
0005
fffb
fff9
000d
fffb
0031
0011
0000
ffff
fffd
fff2
fff7
0039
0016
0005
ffe1
001f
0007
fff7
fffa
0024
000b
0009
000d
fffb
0001
0018
0016
0005
0014
0013
ffe5
fff1
0007
fff0
ffe9
0002
002e
fffd
000a
fff4
fff2
0010
ffff
0027
003c
0012
fff6
0001
0017
fff4
001d
0018
000b
0015
0008
fff1
0002
003c
0010
fff9
0022
001e
ffd8
fff1
ffee
0010
ffbd
0005
002e
000c
fff9
fff2
ffdd
0014
0005
001a
002d
0039
0003
0008
0026
fff7
0013
000b
ffec
000f
0002
fff2
0001
002b
0034
fffe
000a
000b
ffe2
ffff
fff4
0008
ffdf
0012
0015
ffff
ffeb
000d
ffed
0006
0007
0000
fffb
0002
fffe
0004
fffe
000f
000e
0015
0007
0003
ffff
fff9
fff7
000f
0026
0006
fff8
0002
fffe
0004
0005
0003
fff5
0004
0008
fffb
0011
fffe
fff8
0004
fffe
fff4
0000
0011
0012
fffb
0008
0001
0003
000c
0008
0001
fff7
fff6
ffff
0003
0006
0007
0019
ffe6
fffc
0012
000a
0004
000a
fffb
fffd
fff0
001f
fffd
ffeb
fff4
000f
ffff
0011
ffff
ffef
fff8
000e
fffa
000e
0001
0002
fffc
0009
ffef
fffd
ffef
ffd9
0013
fffd
0009
ffd7
fff6
0003
000a
fff2
fff1
ffe4
000b
0011
0003
fff0
0018
000a
001b
0000
0009
ffe9
fff8
003d
ffd9
0011
0015
fff9
000f
001d
0015
fffd
000e
0004
0006
fff2
fff9
ffef
ffe2
0008
0001
ffff
fffd
fff6
0004
ffcf
ffed
fff9
0024
0003
fffe
ffea
003d
000c
0017
000d
ffda
0006
fffb
0002
ffef
0004
fffe
000b
fff1
0024
003a
002a
fff4
ffcb
ffc8
0016
000b
fffc
0010
fffe
ffff
ffda
fff1
000c
000c
0007
fff5
fff9
0017
0017
002a
0009
ffe4
002c
ffed
fffa
0019
0030
001a
0007
ffd8
ffeb
ffe0
fff7
ffe4
0019
ffea
0013
ffff
003e
0007
fff5
fffa
ffe0
fff9
000e
0060
0016
fffe
000a
0029
001d
002e
0037
ffcd
fffb
fffe
000e
0017
ffc4
0036
ffec
ffe2
ffee
0034
0003
000a
002a
0001
0015
fff8
0019
0017
fff1
0005
ffe3
fff7
fff3
0003
000a
000b
ffd5
ffef
ffe8
0009
ffe6
0029
fffa
001e
000b
0024
fffa
000e
ffff
fff2
000e
0012
001d
000c
000d
ffd9
0005
fff8
0011
fffd
0010
0001
fffb
fff4
fff5
0016
0003
0009
0000
0013
0001
0011
0012
ffee
000c
ffef
ffef
fffd
fffa
0001
fff0
ffef
0023
001b
0017
fffc
ffe7
0009
0000
0003
fffd
fffe
ffe8
fff4
001d
fffa
000a
ffbf
000e
fff8
0001
0014
0009
ffed
0007
0019
0011
ffd7
ffff
fff2
0001
ffce
fffc
0001
fff9
0034
0035
0014
000e
001f
ffe5
0003
ffbf
fffc
001f
0004
fff6
000b
ffe3
0003
0004
0046
ffe7
0005
0007
0023
fff8
002d
0030
001e
0001
ffe0
0008
ffe2
0006
ffeb
0007
fff4
0004
ffd9
005b
000e
ffff
0004
ffac
000e
fff9
0005
003b
fffc
ffd6
005d
000a
ffa3
0054
001f
ffe3
ffb9
0022
0009
0000
fff7
0001
0003
ffd8
0008
0013
0060
0039
ffe9
ffea
ffea
ffcb
000d
000f
000e
0050
0003
ffce
0011
009d
fff7
0012
ffcc
000f
0037
0047
ffda
ffe6
ff73
ffff
fff0
ffbb
0003
0007
001b
fff0
000d
001b
004c
ffac
ffff
ffad
0013
0034
005a
0002
0019
0007
0006
ffa4
fff7
0032
ffff
0002
0004
000d
ff96
002e
ffcd
001f
fffd
005a
ffb9
ffec
ffcd
0000
0027
000e
0037
001b
003e
ffd4
00ba
fff0
001e
ffec
0002
0012
000d
003d
ffff
001d
fffc
0020
0000
0013
ffd2
fffa
0028
0010
ffe4
000c
ffef
ffd0
002f
ffe9
0013
fffc
ffc4
0023
ffd8
0008
fff8
000a
ffe9
0013
ffe6
0032
ffd8
0001
fff9
003b
0001
0002
000b
ffd6
000e
002d
0036
fff6
002a
0000
002e
001e
000c
0006
ffea
0007
ffd3
ffff
ffe6
ffd1
fff3
0005
ffba
001f
ffe5
ffec
000f
0022
0015
0002
0000
ffee
fffa
ffeb
0001
000b
0004
ffdd
fff4
0005
ffe1
0005
ffe9
0005
ffdb
fffe
ffe9
fffd
fff1
0001
0011
ffec
0015
0010
0012
0017
000d
fffe
003f
0030
ffe9
0000
0009
ffe0
0006
ffcd
0004
ffed
ffee
ffd5
0035
fff9
ffc5
ffec
fff0
fff9
0007
ffe2
ffca
fffe
fff0
000c
002e
fff8
0022
0008
0026
0033
ffc7
fffd
0015
0073
0027
ffff
0017
ffe5
0002
ffaa
000b
0039
0009
0010
0036
0001
fffa
0013
0038
000f
ff9d
ffeb
ff58
fffb
ff84
000e
ffff
ff99
ffd8
0006
0053
002c
ffce
0038
ffdd
ffd4
ffe3
000a
fffa
ffe7
0010
0057
0009
000d
fff0
0026
ffbf
0001
0009
ffda
0039
0051
fff2
ffb5
0061
0014
fff5
0016
ffce
ffee
ff76
001e
ffa8
0012
ffc9
0005
0037
006e
0059
000c
000c
ffb2
000a
fffa
fff7
ffa3
fffb
ffec
0006
fff2
ffa4
ffc3
ffe4
ffc9
005b
ffb5
0034
0021
0005
000f
fffe
0039
0031
fffe
ffe2
001d
000c
ffd6
0041
fff1
fffa
0000
0009
ffe9
0000
ffef
0001
001e
fffc
ffd4
fff2
ffee
0012
000c
ffeb
ffe9
ffbd
ffd9
0036
fffe
000f
fffe
fffc
0020
001b
fff2
0015
0021
ffe6
fffc
fff3
ffeb
ffe8
fff3
000f
0015
0010
0026
fffa
ffeb
fff6
0034
0016
fff1
002b
0017
0013
ffe0
0009
0022
ffeb
fff5
0011
0004
fff3
ffe5
0019
fff3
ffe9
fffe
fff8
0002
ffef
000a
001f
fff9
fff6
0004
0008
ffdc
fff7
0009
fff8
0005
fff5
0004
fff0
0025
ffef
fff1
0004
ffe8
ffc8
ffe6
000b
fffa
0027
fffb
000c
fffd
ffec
ffec
fffb
fff5
0053
002a
ffde
fffc
0007
0004
0007
ffeb
fffe
ff99
0008
fffe
0014
fffd
ffe2
ffae
ffda
0010
0005
ffea
fffb
ffed
fff7
0001
001e
000b
002b
000b
ffd3
0017
000b
ff9a
0032
0008
ffaf
0006
fffd
fff5
0016
001e
0001
ffaa
fff9
001b
fff3
000f
0014
ffad
ffc1
ffd5
fffe
fff7
001e
0008
0010
001f
ffea
ffe0
0037
000c
ffd5
0064
0024
0012
002a
0003
ffcf
ffff
fffe
0010
000a
ffce
0009
ff91
ffef
ffe3
0002
0013
ffe3
ffbf
001a
0067
002f
0009
002a
0009
001e
0004
0044
001f
0060
0026
ffac
ffd8
002e
ffe0
005d
001c
0051
fffb
000e
ff99
fff6
ffe9
0013
0006
000f
ffaf
0028
0001
ffd4
0000
000f
ffad
000c
ffde
ffc2
0047
ffc7
fffd
ffbe
0006
ffc6
ffef
004b
005c
ffc0
0005
0008
0008
ffe8
fff9
fffb
fff0
000d
fff9
0007
001b
fffe
fff6
0025
fffb
ffe9
001f
fff8
000d
ffdd
0015
ffe3
ffdd
000d
fffd
003b
fff8
0014
000a
0046
ffe4
ffe4
fffd
ffef
fff1
fffa
ffff
000e
0010
fff4
0004
0007
fffd
0003
0023
0026
fff1
000e
000d
ffe1
ffd9
0004
0014
fff0
ffea
002c
fffe
0005
ffea
003e
fff6
0021
ffdf
0005
fffb
ffe8
ffc9
002e
fffe
0002
002e
ffff
ffff
0006
0032
0003
0012
ffee
fffb
0018
0024
ffd6
ffcf
000c
0014
ffef
ffeb
000b
000a
ffff
001f
0014
fff5
0003
ffcc
0018
0006
fff5
fff9
ffea
000f
0009
0030
fffd
0012
001c
001f
fff8
000d
ffed
fffe
0018
0012
ffd4
fffe
000d
000c
fff9
fff6
ffff
0015
fff1
000b
0009
0002
ffe7
ffc8
002e
0015
ffd7
0008
0006
000f
fffc
fff9
0006
0020
0004
ffe2
000a
fff4
003c
0010
0027
0034
ffbd
ffcf
0011
ffb7
ffd5
000a
0031
000c
0016
ffef
0010
fffe
0011
0010
ffcd
0029
001d
0003
0012
000b
000f
ffdf
0005
002e
001a
fff0
ffff
ffc7
0002
000f
0010
0024
0059
0010
000f
001c
ffd5
0008
fffb
0009
000a
ffe8
ffdf
fff2
0010
0016
ffba
0017
ffae
ff97
ffe9
fffa
0014
0038
0000
0006
0009
0035
fffc
000c
fff9
fffc
003c
0035
fff4
ffe0
ffdc
0017
001b
fff8
0010
ffff
0032
fff7
003a
0004
ffd6
ffcb
0011
0002
fff4
0016
0006
fffb
0008
0024
0000
001f
fffa
ffb7
fff9
000e
fff9
000c
ffed
fffb
ffe0
fff8
0044
0003
0008
ffd6
002d
fffb
0035
0006
0015
001e
ffe6
ffde
fff5
fff1
fff2
0001
0016
0009
fffd
000c
ffff
0021
fffe
ffeb
fff7
0019
000c
fffa
fff2
0006
ffe7
fff1
0008
0004
fffa
ffe9
0014
0014
001a
fffd
0023
0011
fff6
ffdf
0007
ffff
fffc
ffd9
001a
fffd
000b
ffff
fffb
000b
000f
002c
0007
ffe7
fff4
000b
0005
0007
fff1
ffff
fff9
000b
0001
ffee
0001
fffe
fffd
000f
0001
000f
0015
ffee
fffb
0001
0013
fff7
0013
fffb
ffff
ffc7
fffe
001a
000f
002f
000c
ffdf
ffd1
000e
fffa
0010
fffa
ffe8
0005
ffd3
0011
0029
ffe8
0004
ffd2
0014
ffda
0002
0004
ffe4
001d
001b
ffef
0019
0000
0003
001b
0002
0009
000b
000a
000d
fff9
fff6
fffe
ffff
fffc
0004
0019
ffe8
ffed
0007
0003
0014
ffd1
000a
ffe2
ffeb
ffdc
fff8
ffdb
fff0
ffde
fff3
fff9
ffff
ffef
0001
0001
001e
0002
001b
0007
0010
fff1
001c
0000
0011
000a
001c
0018
0003
0002
003a
001b
0011
ffe9
0008
ffe9
0014
ffe0
fff3
ffeb
000e
0023
000b
ffe6
002f
0003
000e
000a
001a
0009
001c
ffff
0006
fff6
0001
ffec
fff3
fff4
0005
ffed
0024
fff6
fff3
0042
001c
0017
fffe
fffb
ffed
ffff
001b
0002
0008
ffc3
fff9
0004
0022
fff3
ffe8
fff3
ffed
0006
0014
0003
ffc5
fff8
fff0
fff8
0003
ffe5
fff0
ffe5
0015
0033
ffdf
0020
fffc
000d
ffee
0001
fffb
fff8
000d
ffb4
001e
ffd5
0000
fff9
0007
ffff
0001
0006
fff9
0008
000c
fffd
fff5
ffff
fffd
fff8
ffff
fff9
0000
0007
0005
000c
0001
0005
fff5
0006
000b
0008
fff1
ffec
0010
0007
fff3
fff5
000e
0007
fff8
0008
0003
0003
000b
0001
fff5
0008
fffc
0008
0005
fff6
0002
fffe
0003
fff9
000a
fffc
fffd
fff9
ffff
fffe
0002
0005
0007
ffef
fff2
ffff
fff9
0003
000d
0011
ffee
ffed
0003
000d
fff8
fff1
0004
0012
ffd8
0007
fff6
0008
0002
000d
fff0
fff8
fff8
000d
fffa
001d
0012
0010
0003
fff7
0004
ffe1
fffd
ffe1
001c
ffe6
0009
0018
ffe1
fffc
0008
000b
0011
fff6
fff1
fff9
ffcb
0004
0004
ffdc
fff7
0017
ffd8
000e
ffee
0016
fff4
fff2
0015
001d
fff6
0003
0008
fff2
000c
fff3
001e
fff8
ffdb
000d
ffbe
001f
0007
0003
0017
0015
0014
fffe
0000
fffe
fffc
ffd9
ffff
0034
ffff
000d
0001
0007
000f
000c
ffe1
0004
0008
000c
0022
0001
ffed
000c
ffcc
0018
0002
0025
ffec
0021
0000
fffe
001b
0006
0029
0007
0004
fffb
ffe7
ffdd
fff2
001e
0009
002c
0027
0015
0027
000f
000d
ffef
fffb
fffa
0019
fff3
ffe1
0011
fff7
ffea
000a
002b
fff7
0013
0006
000a
ffde
0008
0016
fffe
ffec
fffb
ffc6
fff5
0007
000f
fff9
0033
0018
0015
fff6
0016
0022
0006
0006
001b
000e
fffe
fff4
0021
000a
fffb
000b
0005
000d
0002
fffe
fffa
fff3
0000
0007
fffa
ffdf
fff1
ffec
fff6
ffee
ffec
ffea
0012
fff0
0002
fff7
fff4
0012
fffb
000d
0015
0001
0011
000a
0011
0026
0001
fff9
000e
fff8
0016
fffe
000b
0016
0000
fff5
ffff
0019
0015
0003
ffef
0009
ffe9
fff5
ffec
000d
ffe5
000d
fff1
0022
ffe6
fffd
000f
0009
fff4
ffff
0004
fff5
0015
0004
003c
0014
001f
fff3
000f
ffe4
0010
fff6
0003
0026
fff5
ffd8
0009
0001
ffe6
ffe9
0019
0034
ffec
fffe
ffef
0011
ffd3
fff7
ffef
0003
fff6
0001
0014
ffd0
0032
ffd2
0003
003d
0024
0004
0008
0003
0001
ffa8
fffb
0058
0010
ffec
0025
ffeb
ffcb
ffff
0026
0047
ffc9
0014
fff8
ffd8
ffa3
fffc
ffda
fff9
fff3
ffe9
0035
ffc1
003f
ffab
ffe4
003f
0020
000e
0016
0034
0012
fffd
000c
004e
000c
002c
ff79
0013
ffd5
ffd7
ffae
fff3
0009
0043
003c
ffcf
ffca
0009
ff8c
0016
ffcf
001a
ffe9
ffe0
000a
ffc0
0020
0019
004a
000d
0011
001b
0011
0038
ffff
0021
ffee
fffe
ffa9
0004
ffd5
ffed
ffa4
ffde
0024
000b
0018
fff1
ffc4
0012
ffa3
fff7
fff0
0008
fff0
0012
fff3
ffde
0027
0014
000c
fffb
0005
004b
0008
003b
0006
0010
fffb
ffff
ffb4
ffff
0018
fffd
ffff
0020
fff8
000e
0012
ffe9
ffe0
000a
ffe0
0024
ffe0
0018
000b
0002
000f
ffe0
003d
0036
ffd9
000a
0004
0030
0005
ffd8
ffff
ffec
0002
0026
0004
fffd
0003
ffcf
000c
0009
0010
ffe9
ffed
0023
ffd5
fffc
0001
ffef
000a
0002
ffeb
0011
0019
fffa
0007
fffe
0017
0008
ffff
ffee
fffe
fffc
0008
0010
001c
0009
ffdd
0009
ffee
0009
fffd
000d
ffe1
0006
ffe6
ffe4
fffa
fff9
0006
0001
0006
0000
0015
fff6
002c
ffe9
fff6
fffc
0035
fff5
0013
fff5
fff8
ffc5
0003
0035
0007
ffea
ffef
fffd
ffd2
0037
ffe9
fff3
ffcb
000f
0001
ffcb
000c
fff7
0008
0008
0003
0000
0023
ffda
0048
ffcc
002d
0024
0021
0008
fff4
001e
0009
ffb7
0001
002c
0017
0013
ffe3
0000
ffaf
0032
0009
001b
ffc7
0062
ffe7
ffa6
fff1
fff8
ffef
ffe2
0007
ffe8
0028
fffb
005c
ff88
003d
0016
ffd3
0003
0012
0066
fff9
0015
0007
0025
fffa
004f
ffa8
0000
0005
0017
ffdd
fffa
ffc8
0084
0087
ffc8
000c
0009
ff64
ffd8
ffc7
fffd
0015
004d
000c
0028
ffe6
0040
ff93
000c
0005
fff2
001e
005a
fffc
ffca
fff6
fffb
0078
0006
001f
0022
0016
ffa9
0026
0019
0006
fffe
0032
0004
ffbe
ff99
ffcc
0007
fffb
0091
ff79
0037
0054
ffed
ff7a
000c
0010
ff9d
fffb
002f
fffd
ffe5
fff7
ffcd
0042
fff4
0027
0002
0070
ffd5
002f
ffe3
0029
0024
0022
0008
ffec
ffc5
fff0
fffd
0004
00b0
ffd0
000c
0012
ffff
ffd2
000d
0005
000f
0009
002a
fff5
0019
0003
001e
001e
fff9
0046
fffa
0025
fff7
fff5
fff6
ffee
0014
fff8
fffb
ffe6
0002
ffeb
0000
0005
0028
ffd7
fff1
ffe0
ffee
fff8
fffe
fffa
000f
0002
ffee
000e
0013
0000
001b
fffb
0003
ffff
0014
000e
ffea
000b
000f
ffe5
ffe9
fffc
0003
fffb
0007
fffa
fffa
0004
fff8
0017
ffbb
ff63
ffb6
fffa
fff8
000a
0050
fffe
0006
fffd
0002
ffff
004a
fff8
fffc
0020
001c
0038
ffcc
ffdc
0043
0012
ffb2
0057
0006
0006
fff6
0010
fffc
fffb
ffc7
0070
ff9a
ffdc
fff3
ffa0
fffa
0001
0053
0006
0031
0000
ff93
fffe
0046
ffda
0003
000a
ff89
000c
000f
0017
0024
001b
ffb8
0016
fffc
ffd2
003e
0022
000e
ffbf
0020
003e
0001
ffb0
ffdf
ff96
fffe
0009
002c
000d
ffdb
000a
ff19
fff1
0026
009a
000d
0041
0014
0019
0004
0093
fff9
ffbb
ff9e
0070
0005
005b
0000
0054
000e
ffa6
fffd
002c
0020
0004
ff96
ffc2
fffd
0004
ffbd
0007
ffec
000f
ffd0
fff4
fff1
0031
0007
0073
0079
0073
ffd7
0034
0078
ffbf
004b
0015
fffc
ffed
ffd2
ffab
0007
0018
0073
ffee
0046
ffba
ffe4
ffba
0016
0002
fff5
0005
ffbc
0001
0011
fffc
000f
0060
0002
0003
003f
008d
0044
ffed
0060
ff7f
003e
ffc9
000a
0045
ffac
ffca
000a
ffe0
ffea
0054
000e
ffe7
0019
ffee
fff9
fffc
fff2
0007
fff2
0001
0009
fffe
fff7
0030
0002
ffed
0007
0003
0002
fffe
fffa
ffee
ffda
0011
0006
0011
ffdb
000c
fffe
002b
ffcd
0006
0017
ffe1
fff7
0000
ffed
fffe
001a
000a
fffa
ffff
0015
fff8
000e
0018
fff6
0015
fff6
0002
0007
fffd
000a
0002
ffed
000d
0004
0008
fffa
000c
fffd
fff6
fff3
002c
0085
ff6f
0004
0004
0008
fffe
0045
fff4
0027
0004
001d
0000
0044
001f
0000
0021
003b
0068
0069
000b
002b
ffe6
002b
ffdb
0010
ffc3
ffb9
ffae
fffe
ff98
ffc2
0054
00b4
ff3b
0023
00b1
0004
0008
000d
0003
ffe4
000d
0024
0003
0007
0026
000c
ffcf
00a4
fff9
0071
0046
ff79
ffa0
0033
ffc3
0016
ffce
ffab
ff5c
0026
ff9b
ff4d
ffa5
0048
ff8c
0006
004f
000d
0000
0004
0016
ffaf
fffe
003e
000a
fff2
0051
ffff
000d
0065
fff6
0003
0032
ffcf
ff65
0014
ffea
ffff
ffff
ffce
ffd1
0012
ffdf
ffb2
fffa
ffc8
ffed
ffa9
ffcd
ffef
0006
0066
fff6
fff8
fff6
000f
ffff
004c
0042
0002
007d
0027
0041
fff7
fff4
006d
ffe1
0025
ffd2
0005
0011
0002
ffe8
fff4
0052
002d
0040
ffcf
ffe6
ffa6
ffcd
fff4
0011
0060
fffa
ffc9
fffd
ffb0
fff3
0034
003f
0013
ffeb
fff7
001b
0029
0005
0069
002c
ffce
0008
000b
0030
0005
0055
0014
002b
ffdb
0078
0002
ffe0
000a
0011
0002
fff5
001d
0006
0001
000d
ffc7
0003
001f
0019
0000
fffc
ffef
ffe1
0013
0020
0025
0018
ffe4
0009
fffe
0008
fff4
0023
000d
ffe1
ffe8
0021
000b
0004
ffed
0014
0004
fff9
ffe4
0001
ffff
fff5
0007
fffc
ffe5
fffc
fff5
fffa
0001
0001
001e
0000
000e
000c
0003
0005
000b
fff1
ffff
fff2
0004
0002
ffe3
000e
0072
ffad
ffde
0050
fffd
000a
ffdd
0006
fffc
fffa
004b
fffc
fff0
004b
0007
fff3
0043
0059
002f
fff2
fff0
ffc5
004a
ffd1
0007
0001
fff7
ff9e
001b
fff8
ffe2
fff7
0073
ff99
0024
001a
fffa
0018
000b
0003
0030
fffa
002c
0003
0088
0000
0001
0026
003a
001e
0008
005c
fffe
ff6e
003b
ffcb
000e
ffc6
001a
ffc8
0028
ffaf
ffc5
ffe0
0008
ffe6
0012
ffe8
ffff
000b
0001
0004
0031
fffb
0015
0004
003f
0000
fffa
006a
0014
fff2
ffca
0069
0029
ff86
0014
ffeb
fffd
ffbd
fff2
ffd4
0008
0014
0036
ffe3
ffd6
ff9d
fffd
fff5
fffa
000b
001c
0004
001d
fffa
0007
0004
0039
0018
000a
003a
fff8
ff9a
ffc1
ffe6
ffde
0020
ff43
0096
0002
0004
0000
008b
0011
fffa
ffd1
fff2
ffd6
ffad
ffe0
0064
0008
0010
0000
000a
0008
fffb
ffd5
fff8
0011
fff9
fff9
fff2
0016
ff8c
ffa8
fff1
ffb5
003b
ff73
00af
ffee
002f
0026
007e
0021
001f
ff83
0013
fff5
fff7
fffa
000d
ffff
0000
000c
0006
fffe
0008
ffe7
000c
000b
fff8
000a
fff5
fff4
ffe2
ffed
001d
fff8
001c
fff5
002e
000f
fff1
fff7
000f
000d
0000
ffdd
0003
fff7
000c
0009
0010
000b
000a
0005
fffd
ffff
0000
0003
fffb
fff7
000c
fff5
0008
0012
fff7
000d
ffff
000c
fffc
000c
fff9
fff4
0010
fff8
fff4
0000
fffd
000b
fff8
fffe
0005
fff5
0012
000a
0012
000b
fff9
ffff
fff8
ffff
ffff
fffb
fff0
000c
ffef
fffc
000b
0008
0003
000a
0003
0014
0008
fff9
0003
fffe
fffd
000b
fff8
000c
fffa
0013
fff9
ffe5
fffd
fff5
0003
fff5
fffc
0009
fffa
fff3
0006
0012
fffe
0006
000f
0004
000a
fff0
000e
0001
0013
fff6
fff3
0015
fffc
000a
ffe8
fff2
fffe
0000
ffff
0018
fff7
ffe9
000b
ffec
0005
fff5
fff4
0014
fff6
0004
0007
000c
fff9
0008
0000
0007
0014
fff8
000a
0000
0010
fffb
fff8
fff8
ffed
fff8
fff7
fffb
000d
0001
fff2
0004
fff5
0006
0020
0016
000e
ffde
fff4
000b
0009
0001
0013
ffe9
ffef
fffd
fffd
0017
fff3
fffb
0007
fff2
fff5
0000
0012
000c
ffdc
fffc
ffdb
000c
001b
0001
ffde
000d
fff6
0004
0012
fffa
fffe
fff6
0006
000d
fffb
fffe
ffe8
0000
fff5
0012
ffe9
fffa
fff1
000e
0016
fffe
001a
fff4
0011
ffec
fff5
0003
ffef
0003
0012
0002
ffe0
0011
0004
0004
ffff
fff4
000d
fff8
0000
0002
fffd
fff8
fff9
0001
000e
0002
fff5
fffe
0012
0005
0002
fff3
0005
0000
000c
000a
0004
ffff
0004
0003
fffc
000c
fff4
fffc
fff1
fffe
fff2
0007
fff9
fff8
ffeb
0002
fffd
0007
fff8
0009
0006
000f
fffd
000a
fff9
0002
fffd
000d
0005
0013
0003
0002
ffff
0002
fff9
fff6
fff9
fffc
fffb
0020
0001
fff5
000a
0008
fff9
0007
0009
fffc
ffff
0004
0008
fff8
0010
0005
0000
fffc
000f
0000
fff0
fff6
000c
0001
0007
fff5
0018
0002
fff4
fffe
001c
0001
0001
fff7
ffec
ffd8
fff8
fffa
fffc
ffed
0003
0010
0001
fffa
fff9
ffe7
0015
0000
0011
fff7
0012
ffe1
0000
fff2
ffef
fff4
0030
0006
0007
ffff
0005
fff9
000a
0018
fff2
0013
0013
ffe5
ffd2
fff1
fff8
ffe0
ffed
001f
ffff
fff2
0007
ffec
fff1
0000
fff7
ffe9
fff5
fffc
fffc
ffeb
000d
001b
fff9
000e
ffed
0022
fffc
000f
ffe7
0003
ffea
0002
fffe
ffe3
ffe1
fff1
000b
0010
0006
001f
fffe
001c
fffc
0016
ffe4
0001
002a
fff2
0024
0022
fff4
fffb
0023
000d
fffc
fffe
ffed
0006
0001
ffe1
ffec
ffee
ffd7
000d
0000
fffd
001d
ffe9
fff6
0016
fff6
0013
fff0
000a
0010
fff9
ffee
0007
0006
000f
0014
0007
fff9
0002
0010
000f
000d
0008
0009
0000
0005
0003
0002
ffe9
fff1
fffc
000f
0003
fff4
fff7
0005
ffee
0004
fffa
000d
ffdb
fffe
ffe3
fffa
fff7
fffd
fff4
0006
0005
fffa
fff5
fff8
001f
0000
0003
000e
fffc
0013
0001
0015
000c
000b
0003
fff4
000b
000a
0006
fffd
0000
fff6
fffb
0012
0001
fffb
0001
0000
fff6
0004
ffff
ffff
000a
0001
000d
0006
fff9
fff6
0001
fff6
0003
000c
fffe
0000
0012
000a
0001
0020
0003
0013
0009
ffeb
fff8
0004
ffec
000b
0015
fffb
ffcf
0023
0000
fffe
0016
0013
fff4
ffd5
001b
ffd5
fff0
0003
0000
0027
fff8
0001
fffe
002a
fff3
0020
fff1
0023
0010
0020
ffff
0007
ffb8
000b
ff3a
0009
0031
0008
ffa6
00af
fffc
ffcc
0008
002b
0002
ff9a
fff3
ff5a
0002
0026
000c
00c3
ffb6
0077
fff5
0068
ffeb
005c
003b
fff0
ffe8
ffd9
000c
0003
0008
0001
ff8a
0007
0048
fffa
ffe1
002c
000d
fffb
ffe5
ffcb
0002
ffb7
ff9e
ffb2
ffdf
002d
0000
0087
000d
0053
002b
0007
ffba
fff5
fff3
0033
fff8
003d
000b
0007
fff6
0010
000d
fffb
0029
0002
000f
ffda
fff5
ffd7
ffc7
ffe0
0023
fff6
ffd1
ffec
ffe1
ffc0
000b
0004
0072
0027
001e
ffee
ffaf
002a
ffec
0021
fff8
003a
000e
0006
ffee
0017
001d
0004
001d
fffc
0001
ffd3
0006
ffdf
000e
0023
000f
0010
0021
0001
fff4
ffe7
0005
0003
0038
000d
fffe
0010
fffc
0038
ffeb
001d
001f
0009
fff1
0004
000a
0006
ffd3
fffc
fff2
fff3
0008
ffef
fffc
0002
ffda
fff9
ffe8
000d
000e
0004
0016
ffd0
0008
fff2
0012
0016
ffff
000d
000d
000c
000f
0006
000d
fffc
0005
0001
fffe
fff5
0001
0014
0013
ffff
0011
0002
fff9
0000
0007
0007
0001
fffe
0007
0002
fff6
ffff
0000
fffb
0003
0000
fffa
000e
fffd
0004
fffa
fffc
0008
ffd9
0007
0011
fffe
fffe
ffea
0005
fff5
fffb
ffe3
002c
fffd
0015
ffe0
fff9
ffea
0004
ffe7
ffe0
0006
0016
fffa
002b
fff2
0017
fff3
0028
002e
ffe4
ffbd
0094
0086
ff9f
0003
000a
ffc4
fffd
ffd7
fff1
ff88
fff9
ffe3
004b
fff8
ffb6
ff74
001e
001c
0016
ffbd
ffd0
001a
ffd8
fff8
0049
ffdc
005c
fff7
fff8
00da
ffd2
ffdc
0040
0018
ffa5
0016
fffa
0014
0001
ffb6
fffe
0000
0004
ffeb
0039
fff7
000c
ffee
0006
ffd1
ffba
ffcf
ffe3
ffb2
0053
0003
0048
fff2
0064
fff4
0035
002c
0005
0037
fff2
0049
0009
0001
000a
0001
0006
001b
000e
0015
0006
ffec
0011
0011
ffe1
ffc0
ffc9
0008
ffdb
ff97
0006
ffa5
0026
0005
0025
0037
002f
002a
ffd1
ffc3
0009
ffd8
002d
ffff
0059
fffc
000a
fff5
0004
fff9
0010
0022
001c
fff8
ffb1
0013
ffc9
ffe7
ffdd
0007
0011
0002
001c
fff4
ffe2
000a
ffec
0064
0021
fff4
0010
ffe8
003b
ffbc
0050
0004
0007
0005
0006
000f
000a
fff0
0009
0013
0008
fff9
ffd7
ffee
001d
ffff
ffe9
ffd9
0003
ffe6
fff7
000c
fff5
0005
fff7
0020
0025
ffed
001b
fffa
ffeb
0006
0006
0007
0006
fff4
000a
0003
0003
fff4
0000
0005
0004
0002
0007
fff6
fff5
ffef
0003
0004
0002
0001
ffed
0004
fffc
0010
fff4
fff8
ffff
ffef
fff8
000b
0006
0025
0015
fffc
000a
fffb
000c
ffdc
000b
0015
0000
ffe9
0008
ffdb
ffdd
fffb
0023
0007
0012
ffe1
002e
ffbc
ffe1
0032
0006
fffd
0011
001f
ffe4
ffed
ffd4
fffe
ffaf
0034
0074
0059
001e
0006
0011
fff9
0015
ff9f
0004
0051
0013
ffbd
ffdd
0010
fff9
ffcb
001b
0023
ffe9
ff9e
ff9e
008c
ff79
fffb
fff6
001b
ffea
0015
0013
0055
ffc8
ffcf
ffbb
001f
ffd2
0015
fff8
006e
fffd
ffef
0009
002a
0016
0027
0008
fff9
0042
fff8
ffc0
ffcb
0007
0029
ffe9
ffd3
ffe0
fff7
ffcb
ffac
fff0
fffe
003b
0021
ffb5
ffff
0060
fff9
ffea
0003
000a
fff0
000a
002d
0012
ffdd
fff2
ffe5
fff7
0005
ffee
ffbc
000a
0034
0013
0015
fffb
fffd
ffeb
0012
ffdb
000b
ffff
001f
000f
0020
fff4
fff6
002a
0052
006b
0006
0003
ffcc
0008
001e
0001
fffb
fffb
ffe8
0001
0012
ffdd
fffb
000a
ffe2
0005
0031
ffcd
002c
ffa7
0007
ffeb
0003
ffe1
fff5
0016
0043
ffc5
ffde
0032
002a
ffed
0001
0001
0011
0003
0007
000d
0026
fffb
000c
ffd9
fffe
001e
ffe5
ffec
ffe4
0008
ffe4
fff2
0035
ffdb
000b
fff3
0014
ffea
0005
000f
0002
ffef
fffd
0008
fff9
fff3
0001
0004
fff9
0001
fff5
0001
0001
ffe9
0005
fffd
fff7
0012
0005
fffc
fffa
0003
0008
0001
0005
fff6
fffe
0008
ffff
0005
fffe
000b
fffb
fff9
ffea
0028
fff0
fffd
fffc
fff2
fff5
fff8
fffe
000a
002e
fffe
fff2
ffe4
fff3
0002
001e
0002
ffcf
fff0
fffd
ffcd
0018
fff3
fffe
ffee
0004
ffdd
fffd
001a
001c
fffc
ffc1
00ab
ffe8
ffcb
0012
fffe
001f
fffd
ffcb
fff3
0032
fffd
ffc6
ffcb
fffa
001c
ffaa
ffdc
ffd1
ffb2
ffd0
ffb4
ffec
fff1
fffb
0010
0025
0058
fff6
0068
0044
001d
fffe
0039
001f
ffdf
fff9
000c
fffb
0007
0044
fff9
ffee
fffa
ffd0
0000
000c
0001
ffc9
0003
0009
ffe5
ffea
0027
ffc3
001c
0000
000f
0001
0021
001d
0022
000f
ffe9
0010
0012
0005
ffed
0019
0004
0008
000b
0020
0007
ffbf
0001
fff2
0026
000c
fff1
fff4
0001
0017
0009
ffe3
0018
0006
0010
fffe
ffe1
0001
0007
fff3
ffd1
fff0
001b
0019
ffda
ffef
002a
001d
ffea
ffef
0001
fff8
0003
0001
0022
ffe3
ffe2
fffe
ffda
001e
003a
0027
ffeb
fff1
000a
0022
ffb5
0006
fffc
001f
ffa8
ffff
0001
fffc
fff0
0011
0017
0029
ffef
0002
ffff
fffd
000d
000e
fff5
0019
fff6
ffff
fff7
fff3
0000
ffd9
ffdb
0001
0010
000c
000c
0019
fff4
fff5
fff4
fff6
fff2
0016
0012
0013
ffef
fff3
fff8
0000
0002
fffe
0003
0011
0002
fffd
ffff
ffee
0005
0002
0002
fff8
fff9
fff3
0000
001a
0005
0013
fff9
0001
0009
000b
ffef
fffb
0009
000f
fff9
fff9
fff3
fffd
000a
0006
0008
0002
000c
0007
0000
0008
0007
0009
fffa
0003
ffff
000c
0000
fff5
fffd
fffd
0007
0000
fff7
fff5
000f
0001
fff8
fff1
0014
0000
0003
0010
ffef
fff1
007f
0018
ffd4
0005
000b
ffec
0006
000d
ffff
0007
0008
ff99
ffbd
fff7
ffda
ffb1
ffdf
ffeb
ffad
ff9f
0033
ffc0
002d
0004
0011
0024
000b
0029
0012
fff5
000d
003f
005e
0039
0022
000d
fff9
ffb6
0008
0014
0002
ffda
fff6
ff5c
0008
0013
ff7c
ffe3
0029
0045
ffc9
ff94
0055
ffba
000d
0000
fff7
0011
fff3
0007
fff0
ffb7
0009
ffe7
0005
0029
0029
fff5
0003
ffe0
0005
fff6
0005
ffc6
0008
ffe4
0025
0011
ffd9
fffb
0015
fffa
fff2
0003
0017
0009
0002
fff9
0008
0037
001a
fff3
ffe5
ffe2
0018
0005
ffd3
ffe8
ffef
0006
fffb
0017
fffa
000e
fff3
0007
fff2
0001
ffe8
fff5
ffe4
0019
fff6
fffb
ffea
ffed
002a
000b
0009
fff5
000e
001b
0000
0015
fffd
fffa
ffff
0013
fff8
001f
ffea
0008
fffe
000b
fff8
000e
fff2
ffee
fff4
0010
0001
0006
fff9
ffe3
0005
000e
0022
fff9
0015
0001
000c
fffd
ffe7
ffff
fffa
000b
ffdc
0005
fff3
0000
0000
ffed
fff6
ffee
0001
ffff
ffef
ffff
fff8
ffea
0005
0011
fffa
0006
0000
fffc
0013
fff5
0006
fff4
fff6
0007
fff7
0000
fffb
0002
fff9
0004
fff8
0000
fffd
fff7
fff7
ffff
ffee
0015
0008
fffb
0010
fff0
0006
fff6
0003
fff5
ffef
0006
0004
0000
0000
0006
fff1
fff9
0009
ffff
000d
0002
fffb
0001
0000
fffe
0005
0003
fff8
001c
0031
001c
0026
0008
0002
ffcf
fffd
000c
0002
ffff
0002
ffb3
fff6
fffd
ffc3
000a
001e
0029
ffdb
ffcb
0028
ffff
ffee
fffa
fff7
ffeb
ffb3
002d
0028
ffe7
ffd2
0031
004b
0024
002d
ffff
fff8
ffb1
0001
0018
fff6
ffdf
fffd
ff8d
0010
0000
ffb9
0004
0039
003b
000e
ffda
0026
ffe6
ffe6
0006
000d
0007
ffd7
fffb
0004
0014
ffed
000f
000f
001f
0016
0009
0007
ffe2
0008
001c
ffff
ffe9
fff9
ffee
ffe6
0006
ffea
0029
000d
0021
0019
fff9
001a
fff7
fff2
0004
000a
000a
ffda
fffc
0026
0002
ffd5
0009
fff8
fffa
ffe5
0009
fffe
ffff
fff4
0032
fffa
fffa
fff5
fff0
0002
fff6
0001
0013
0003
fffd
0016
000e
0014
000e
0010
fff8
fff2
0003
0005
fff7
0015
001e
ffe8
000b
000c
0001
fff9
0000
0007
ffec
0008
0009
fffb
fffc
ffee
0000
fff6
0004
0000
001a
ffe1
fff8
001b
fff1
ffff
0003
fffe
0012
fffb
fff6
000b
fffc
fff3
fffd
fffc
0000
fff2
0005
fff7
fffa
0003
fffd
fff5
0000
fff6
0001
fff5
fffc
0010
fff8
0002
0009
000a
0006
0001
000b
fffc
0014
0002
fff2
0018
fffe
0001
0008
0008
fffa
fffc
fffe
001a
0001
fffb
0002
0009
0012
ffff
fffa
fffb
fff9
0008
0006
0005
0010
0001
000b
0005
fff9
fffe
fffe
fffe
0007
0007
0003
0008
0008
0008
fffe
0010
0010
fffc
0006
0005
fffd
0001
0002
0002
fffb
ffff
ffed
fffa
0002
0008
000c
000f
fff5
fff6
fffb
fffe
fff6
fff9
ffff
fffc
fffa
0000
0006
0013
0008
000d
0002
0010
0002
0012
fffb
0017
fff5
fff6
fffb
fffd
fffe
fffb
ffe7
0012
fff6
fff3
0003
0015
0000
0004
ffef
0002
fff6
000f
fffb
0003
fff5
ffff
0004
fffd
000d
0006
ffff
0000
000d
ffee
0005
0007
ffee
fff2
0001
fff6
fff8
ffe7
fffe
fff7
fff2
fff8
fff6
ffff
0003
0005
fffe
0001
000b
fff6
fff2
ffe0
0004
fffd
000a
0005
fffb
001b
0003
fff8
fff3
fff3
000c
0002
0005
0002
fffa
fffb
0007
fffd
ffff
fffd
ffff
000c
0003
0008
fff6
fff8
000b
0006
0004
ffff
000f
0002
fffe
fffc
fffd
0009
0006
0006
0012
0004
0003
0007
0006
fff1
fff6
0006
0008
fffe
fffc
fff4
0003
0003
0006
fffc
fffb
0009
ffff
0003
fff2
fffc
000c
000c
fffe
0004
0001
0013
ffe9
ffff
ffe2
0007
000e
0000
0002
0004
0009
ffee
0000
0006
fffc
fffa
fff6
fffd
0001
000b
0008
fff8
0001
0008
fffb
fffe
0004
fff8
0000
fffd
0007
fff1
0006
fffe
ffff
0008
0004
0015
0005
fff0
fffa
0005
fffb
000f
ffe2
000b
0001
0003
0004
fffe
fff4
0011
fff4
0009
0005
ffec
0011
0000
0004
fffc
ffff
ffff
fffb
ffff
fffd
0007
0004
fffd
0015
000b
0000
0002
ffe6
0008
ffdb
fff3
fff4
0036
000d
0006
ffe5
0007
000e
fff7
ffe3
ffe6
fff5
ffff
0013
fffe
000c
fffa
fff1
0023
002c
0003
0015
000a
fffb
0009
0020
0005
0007
0021
0007
002f
fff0
0003
0002
0006
ffff
fff9
0010
0016
002e
000e
ffd8
fffc
fffa
000c
ffff
000d
0000
ffee
fff3
0021
0020
fffc
fff0
0009
0000
ffe5
0002
0008
000d
0014
002e
ffd8
001f
000b
fff1
ffca
0009
0002
ffd5
0007
0005
fffc
ffeb
0000
ffdb
003d
fff9
ffe8
0022
0019
0014
000a
0003
fff4
fff4
0010
0002
0019
ffbc
0011
fff9
001e
0016
ffe2
0024
0018
0014
ffce
0000
fffa
ffe2
0005
0008
0004
ffd4
0003
ffd3
0040
000a
fff8
fff9
0030
002c
fff3
0004
fff3
001d
0002
fff5
000c
ffcb
0008
fffa
fffb
0032
ffe2
000e
000a
fffe
fffd
fffa
0002
fffd
fff7
fffc
0004
fffa
fff8
0000
fffd
0002
ffef
fff6
000f
0002
000c
fff7
0004
0009
fff6
000f
0003
fff4
0005
ffef
ffff
0004
fffa
0001
0008
ffff
0004
fff4
0004
fff5
fffc
fffa
fff4
0001
000f
fffd
0003
fff9
0009
000c
0003
fff4
0003
fff7
fff9
0012
fffa
fff9
0005
ffff
fff3
ffed
ffee
fffc
fff8
000e
fff8
0004
0044
fffe
0002
000b
0003
fff4
000e
0016
0008
000b
ffd9
000e
fff8
000f
fffc
ffe7
001a
0006
ffea
fffd
fff7
000e
fff6
003c
fff3
0004
fff6
ffcc
0026
0040
ffd9
ffb9
004f
fffe
0015
ffd3
0003
001a
0009
003e
0005
fff0
ffc5
fff6
0037
0033
fffc
ffd5
001f
ffe9
0007
0009
0024
0004
fff3
0026
ffe0
0000
000b
ffac
0010
fffc
ffeb
0009
0049
0007
fffd
fff6
000d
000b
0011
0034
000a
ffe5
ffce
fff4
fff6
0044
fff5
ffcc
ffc4
0023
001d
ffe7
000e
0000
fff1
0010
ffd0
0000
0042
fff3
000d
fffa
0013
ffd7
fffd
0008
0008
fffd
0003
fffc
fffd
ffc9
fffb
0007
ffeb
0010
0036
0012
0007
fff3
0026
000d
fff7
001f
000d
0000
ffeb
002b
fff3
fffc
fff1
0013
fff7
001e
0005
ffc7
ffec
0018
0003
fffb
000c
ffec
fff7
000b
fff8
ffff
0020
fffe
0003
0011
0034
0018
fff0
004d
ffee
0010
0002
0000
0038
ffeb
000b
0008
000a
fffb
003b
0006
ffea
000d
fffa
ffff
fff2
0003
0000
ffe2
000f
fff5
0010
0001
000d
0015
fff6
0005
0025
001b
ffff
0010
0003
ffff
ffed
000c
000e
ffdd
0012
fff7
fff2
fff0
0012
fffc
fff5
000c
0004
0006
000c
000b
0002
fffd
fffb
0006
fffd
fff2
0001
fff7
000b
0015
0007
fff6
fffb
fffc
fff6
fff5
fffc
0001
fffb
0000
fff9
000c
000d
fffa
0009
ffeb
ffc7
ffeb
0013
fffe
0004
001b
fff4
ffd4
fff3
0021
fff8
0017
ffee
0002
001c
001a
000f
ffef
ffeb
0026
0004
ffe6
0006
0003
fff2
fff1
0018
fffd
0004
ffd9
003d
ffe7
ffd5
ffc5
0026
0001
000b
fffe
fff4
ffe6
fffe
0039
0001
0000
000f
000e
fff2
0047
ffe9
ffe4
ffd7
003f
0022
ffab
0021
0006
0021
ffe6
000f
000b
0037
ffd7
0010
ffea
fffa
0007
0021
fff9
0005
ffd2
0002
0011
000d
0015
0009
ffed
0019
fff6
fffe
0025
0001
ffe7
ffd6
0006
ffe2
fff4
fff9
0001
fffc
ffcb
fff1
fff3
0046
001e
0006
ffec
0012
ffe4
0000
0008
fff1
fff2
fffd
0004
fff7
fffb
fffa
000c
ffe1
fff6
0000
fffc
000c
001a
0015
0035
0015
000f
0012
0000
000a
000d
fffe
fffc
fffa
0015
0032
ffe6
0018
fff4
0022
ffed
fff6
000d
fffb
ffe3
fff9
ffca
ffe6
001c
ffd1
000f
ffea
ffd0
fffe
000d
001d
0020
0034
0006
ffd7
0000
ffee
0022
0013
fffb
ffc9
0012
0036
ffe0
fff6
000e
ffe5
000c
000e
0019
0005
000e
fff8
fffb
0007
0015
fffe
0006
fffc
ffff
0006
fffe
0000
0016
0013
0006
ffef
000a
ffe0
fffc
001c
0001
fff8
000c
0004
fff3
fff8
0009
0003
0015
ffff
000c
0015
0005
0016
000a
fffa
fff7
0006
0009
fffe
0007
0005
0003
0001
0002
fffb
0000
0003
fff4
0000
fff5
fff5
fffe
ffe8
fff1
fffd
0008
ffec
001c
ffee
fff6
0009
0006
fff5
0004
0001
0004
fffc
fffb
000d
0000
ffec
0004
001f
0022
ffde
0004
0003
000c
ffea
fffd
0005
ffe0
fffe
0013
fff0
0008
0012
ffee
0005
0026
ffef
0005
0002
0004
0008
fff2
000d
0013
fff9
000a
000d
0005
ffdb
0000
fff4
002e
ffda
0011
0000
fffb
ffdf
fffc
fff0
ffd4
0019
0002
0023
0007
ffff
0004
0007
fff5
0001
0006
0015
fffb
0006
0010
0003
ffd3
0007
ffe5
0004
fffe
ffea
ffd1
ffd5
0001
0018
ffde
0013
ffd9
000c
000d
0001
0009
0019
0014
ffa9
0000
0024
ffdb
0020
001a
001d
fff9
0010
fff9
0008
ffd7
0008
ffff
fffa
ffec
ffff
0009
ffee
0001
ffe3
ffef
0017
ffdb
ffd5
0000
fff2
0001
fff2
001a
ffe7
fffd
000d
ffed
ffed
ffe5
0027
0009
001d
ffff
fffe
ffe7
fffe
ffec
fff4
0003
0008
ffe6
ffff
0004
ffef
0014
0014
ffe9
ffd7
0000
ffeb
0002
fff2
0005
002d
0011
0013
ffe9
0021
ffdf
0015
fffa
0003
fff6
0023
0012
fff6
fff3
fffa
0000
fffd
0012
fff5
000f
fffc
ffff
0012
0012
ffed
ffe6
fffe
fffd
0002
ffea
000f
fffc
000a
000a
000f
fff7
0027
fff9
fffc
0000
0000
0006
fffd
0000
0006
fff8
fffe
fffe
fff4
000c
0004
fffe
fff7
0003
0003
fffe
ffee
0003
fffe
0007
fff5
ffe7
0002
fffe
fff6
fffd
fff9
fffa
000a
ffed
fff3
fff4
fff3
ffec
ffff
0004
0000
fffe
0008
fffa
0001
0005
fffc
fff9
0013
0003
fff5
0001
ffef
0009
0003
fff8
0004
fff4
fffd
0004
0010
fff1
000d
0004
ffef
ffe5
ffff
0011
ffd7
0004
002c
fffd
fff6
ffd3
0003
0005
ffff
0021
0009
ffef
ffff
ffee
ffe8
0026
fff0
0028
000b
ffc8
000f
ffe3
0002
fffe
0010
ffef
ffec
0013
ffef
ffde
ffe4
001e
ffd4
001c
004b
000f
fff7
ffe4
0008
ffee
0006
ffea
0010
0005
0004
001a
ffea
000f
ffef
0006
002a
ffe8
0008
0020
ffed
0000
fff0
fffb
ffe4
0004
ffd5
fff7
ffd7
0003
fff6
0004
0004
0011
000e
000b
000f
0018
ffff
ffdd
0006
001e
ffd3
0003
0037
fff2
0020
ffe7
0031
001e
fff4
003b
ffd9
0008
ffd9
0001
fff7
ffe9
fffa
0026
ffec
001a
ffe6
ffeb
ffe9
0004
fff2
001b
0007
ffe5
0013
0020
fff5
0005
0006
fffa
0012
000e
0011
fff6
fff4
000f
ffff
0000
fffe
0004
001e
0001
0002
fff8
0025
fff6
0015
fff8
0000
0006
fffd
0006
fff9
0021
fff7
0009
fffe
ffff
000e
0016
000b
0003
0002
fff0
0003
fff8
0013
001a
0002
fff6
fffa
fff4
fffa
fff5
000a
fffd
fffb
fff8
0000
fffb
0000
0007
0001
000e
ffef
0007
fffd
000a
000b
0008
fff8
ffff
0007
fffa
0007
000c
fffd
fff5
fffa
fffe
0009
fffc
fffa
000b
0006
000c
fff6
fff5
0009
0001
ffec
fff6
0002
000d
000b
0005
fff6
0001
ffed
fffe
fff0
fff3
fff9
fffb
ffec
000a
fff9
fff6
ffea
0003
fff7
fffb
000f
0000
ffe6
0000
ffef
000a
fff2
0007
0001
000b
000a
0005
fff3
fff2
fffe
fff4
000a
0003
0003
fffe
0004
001e
0005
001b
ffed
fff3
0019
fff6
0004
001c
0003
ffdb
0007
0006
ffeb
000b
000a
fffb
fff4
0008
ffef
fff1
0008
0011
fffd
ffe8
ffd7
0005
fffa
002e
0000
ffd6
ffe4
fff2
0008
0018
0003
fffb
0014
ffdc
001e
000b
0012
001f
0006
0013
fffa
000e
0016
fffc
ffed
ffe3
ffe0
ffeb
fff6
0018
fff7
ffeb
ffdb
fff8
fff8
001f
0008
ffe1
000c
fff1
000a
0019
000d
fffb
0016
fff1
fff9
fff0
fff4
000e
ffff
000c
0008
fffa
0009
ffed
fff0
000a
fffa
fff9
0017
0005
fffc
fffd
0000
0015
fff7
0011
0006
fffa
0003
0005
0002
001f
0019
0008
0011
000e
fffe
000b
0003
fffe
000f
000e
fffb
fffc
fff8
ffea
0000
0004
ffeb
0016
fff2
000c
fff3
0007
000c
fffa
0010
000e
0004
0005
0007
ffe2
0001
0008
0000
fffe
ffff
fff6
fff4
0002
0009
fffb
fffa
000f
fffc
fff9
fffc
fffd
fff2
fffc
fff2
000a
ffed
fff7
0002
fffb
fff7
0004
ffff
0000
000a
0001
fffc
fff2
fff5
fffc
fffb
fff4
fffc
fffd
fff1
fffa
fff2
fff1
000a
0005
ffed
fff5
ffff
fffb
0000
0000
0003
fff1
ffff
0002
fff4
0002
000b
fffb
0003
0000
0019
0009
fffd
ffef
0004
fffe
0010
0010
000d
0004
fff4
0009
0000
000c
fffd
fff1
fff0
fff6
0009
fff3
0000
fff9
000c
0001
fff7
0000
000c
0004
0002
fff2
0009
0002
0009
fffd
fffb
000d
fff6
fffa
0001
ffeb
0001
000c
fff3
fff2
fffc
000b
fffb
fff0
0009
fffe
0002
0019
fffe
fff0
0009
000c
0002
0003
0004
0006
0011
fff1
fffe
0005
000a
fff1
0001
fffe
fff7
000e
0006
000b
000d
0004
fff4
fff1
0002
0000
fff7
ffff
fffb
0003
0013
0001
0005
0004
0011
fffd
fff6
fffc
fff7
0008
0000
fff2
0005
fff1
fff8
0006
fff1
0007
fff6
ffed
0004
0006
fffe
0003
fff5
0006
0012
fff6
fff6
fffc
000c
fff8
fffe
fffb
fffa
fff9
0006
fffd
0011
fffb
000f
0009
fff7
000a
0007
fffd
fffe
0009
0001
0006
0005
000c
fffc
fff8
000e
fffa
000c
ffff
fffa
0007
0006
000e
fff6
0014
fffd
fffe
0000
0004
fffc
fffe
fffc
000d
fff2
fff7
fffe
ffff
fff4
fff9
fffb
0007
0004
0009
fffb
fff5
0007
fffb
fff5
fffa
0000
ffee
fffc
000a
fffb
0006
000d
0003
0000
0000
0014
0003
0006
0009
fffc
0010
ffef
0001
000e
0002
fffa
fffd
000d
0005
0004
0001
fff5
fff6
fff2
0004
000c
ffea
fff6
0007
0011
fff2
0001
000e
0005
ffed
ffeb
0004
ffe8
0000
0006
fff3
0007
ffe3
fff0
ffe7
003b
0009
0005
0008
fff2
0004
ffea
000b
0012
fff7
ffd0
ffff
ffe2
000e
0002
0000
0009
000b
0001
fff9
0002
fff5
fff0
002a
ffec
0003
000b
ffaa
0035
ffca
ffc7
ffe0
0065
0002
0000
0011
0010
fff0
fffe
0013
fff3
fffc
ffdb
0007
ffed
0047
fff7
ffe7
001c
004b
0000
ffde
001e
fff2
fff6
001e
fffb
0018
0049
ffda
0056
ffd1
000c
0018
fff6
ffff
0009
001a
000b
002a
ffff
ffe2
0002
fff6
004d
fffa
fff1
0035
ffd5
0007
0007
0037
0008
ffc0
0009
0006
ffe4
ffaa
000a
0023
0046
0026
ffa7
0011
0006
fff9
ffae
fff9
fffe
ffbd
fffe
003a
0000
ffe2
fffb
ffb0
007e
fffa
0011
0041
fffb
0001
0004
0016
fff4
ffe3
0031
ffff
0002
ff9f
000b
001c
0046
006a
ff87
0035
0017
002c
ffaa
000c
0009
ffae
0009
0022
0005
ffcf
fffb
ffbd
0045
0009
0000
0009
0047
0012
001f
fffe
0004
002c
ffff
fffd
002f
ffbc
0005
0000
0014
0062
ffc4
0002
0002
0017
fff3
fffe
0007
ffde
000d
0018
fff9
fffb
0007
fffe
0006
0002
fff5
fff9
001f
0016
ffff
fff0
fffa
0016
ffff
0001
fffd
ffee
fffe
000d
000f
0019
fffe
0008
0008
fffd
0022
fff3
000c
000e
000f
fff0
000a
0016
fffd
fffd
ffd8
0002
ffff
fffe
0000
0008
fff0
000e
0008
0016
0003
fff6
ffe6
0017
ffc4
0008
ffef
fff9
001e
fffa
ffdb
ffa3
006c
000c
fff6
000d
0008
ffd4
ffff
0066
fff9
fff5
ffe5
0009
0005
002b
0025
0001
fff2
0014
0012
ffef
0002
0006
ffe0
0043
ffe4
0001
000f
ffa0
0083
ffee
0001
0009
0014
000b
0009
ffc6
fff9
004d
0005
0031
fff6
ffa6
ffeb
fff9
ffd3
0034
0001
ffd3
ffe6
000f
006f
ffea
0020
0004
ffb9
0008
ffe3
0008
004f
0021
000f
0008
0016
0068
ffa6
0006
000a
0027
0000
0063
fffd
ffef
fffd
ffc5
0039
fffc
0028
006b
ffec
ffe5
ffbe
0011
002c
ffe0
0034
fffc
ffb4
ff93
0009
002c
0058
0067
ffb9
0033
fff6
0025
ffa7
fff7
0003
ffff
fff3
0056
fffe
ffbd
0001
ffcc
0075
fffb
0066
0061
0045
ffe4
0020
fff8
ffe6
fffa
0055
000d
ffe9
ff88
ffbd
0012
0026
007d
ff8c
0055
ffbf
fff8
ffa0
0008
000d
fff8
fff6
fffd
0007
fff7
0005
ffdb
0084
0010
002d
0038
0059
002a
0004
0006
ffcf
000d
0035
fffe
0054
ff95
ffdc
fffd
fff6
0027
ffec
001c
ffe9
002d
fff2
0004
0001
0016
fff9
ffed
fffd
ffec
0005
0000
002f
000b
fffe
fffe
0012
0029
fff6
fff2
fff2
fffa
0004
0007
000d
ffd3
fff7
000c
fff0
fffe
001b
fff8
ffee
fff0
ffe5
000f
ffff
0017
0005
fffc
000b
0022
0002
fff9
fffa
0002
0008
ffe6
000c
0008
ffe8
002d
0009
fff2
fffd
000a
ffee
fff2
0009
000a
fffc
001c
0031
fff8
ffb9
ffea
ffd7
0007
0009
0040
000e
0009
0002
ffef
fffc
0036
000b
0007
fffc
ffbc
0052
002a
fffe
0065
0051
ffb9
fff5
0008
ffef
ffde
0022
fffc
ffbe
0007
0050
ffeb
fffa
0013
002c
0003
0004
fff8
0011
ffe3
0007
ffe2
fffc
fff6
0021
0003
ffc4
002f
ffed
000e
001a
ffe4
0000
ffc4
ffec
000d
0008
0003
0013
002e
fff8
0008
0008
002b
ffe7
0011
ffda
000d
000e
0011
0003
000c
0001
fffa
fffa
0006
0016
fffd
000a
ffcd
0025
0026
fff6
fff8
ffa1
001d
ffea
0010
ffd9
fff0
ffc4
001f
ffbc
000d
0011
0000
ffea
ffe3
ffed
0002
0004
0024
fff1
ffeb
ffff
ffc1
ffff
0004
001d
fffe
0017
000c
0055
0042
fff3
0072
ffee
001d
ffe3
ffee
000a
ffc9
ffeb
0014
ffb9
fff6
005f
ffe9
ffdc
ffc4
000c
0006
fffe
004f
0009
ffe4
fff7
ffbb
fff6
0038
ffef
fffe
fff9
ffd8
0038
0053
002f
0047
0020
0024
ffb6
000a
0002
0010
ffff
0001
ff82
ffee
0036
ffe5
ffc7
fffd
fff8
0006
0004
0038
0003
ffe0
fffd
ffce
fff9
0016
0002
0004
0001
ffd3
002b
000e
ffe8
000e
000c
fff7
ffcc
ffff
ffeb
ffef
000c
fff5
ffce
ffeb
fffc
fffe
ffff
0018
ffec
fff1
fff0
ffff
000b
0002
fffb
ffe6
fff9
ffdc
001f
0008
fff3
0000
0004
fffd
0006
ffe4
fff1
ffea
ffea
0007
0022
ffe8
001c
0013
fff8
0015
fffa
006f
ffc4
003b
0017
0002
000d
ffd2
fffa
000d
fffb
001d
fffc
ffe7
0040
0005
ffd5
0013
003d
005b
ffe5
ffec
fff4
000f
ffd0
0003
001a
ffc4
ffeb
001d
ffca
0002
fff5
0065
ffa6
0066
005f
0012
fffd
fff1
0015
fffa
0005
002a
fffa
0030
0007
0002
ffc7
ffff
fff3
004f
002b
ffb4
ffec
0009
ff9f
0002
ffcd
ffca
ffd6
001b
ff89
ffba
ffc9
0023
000b
ffff
002b
fffa
fff3
ffed
0001
ffe5
0010
ffd7
fff8
fff5
0006
fffd
ffda
ffd8
ffee
0002
0033
ffee
ffa5
fffd
fff7
fffc
0017
000e
fffd
000d
ff9a
ffe4
002c
ffb3
0042
0028
0012
fffd
0009
fffd
0009
ffa4
0007
001f
0004
ffdf
0028
0006
000e
ffdd
0005
0014
ffa2
fff9
ffe8
ffda
fff6
0016
001b
0014
0024
0011
0032
ffb8
0029
ffa9
0033
0010
006b
fffd
0014
fff2
fffb
ffb2
0006
fffd
0004
fff4
0011
0000
fffd
0001
fffb
ffc8
ffa5
000d
ffd9
ffc1
0002
fff4
0035
002c
0060
ffe9
004c
ffbd
0057
ffe1
0006
fffe
000f
0000
0004
0004
fff2
000a
0005
0005
fffc
0010
fffe
fff6
0001
ffff
ffeb
ffdc
fffb
0000
001f
ffe8
0044
fff9
fffc
0007
002b
0007
0037
ffe8
0022
0002
fff7
fff5
fffd
fffd
0003
0007
0007
0008
0008
0018
0007
000f
ffef
fff9
0009
000b
ffde
ffee
fff4
0015
fffd
0012
fff8
0014
fff4
0017
000b
000a
0014
0012
0016
0012
ffca
0011
0013
0001
fff7
0010
fffe
fff2
fff7
fff9
fffa
002c
fff1
0006
fff9
002d
fff2
001b
001f
ffeb
0009
001f
fffb
0006
ffe4
ffff
fffa
0008
ffda
ffcc
ffe2
fffe
ffc0
ffde
0010
0008
0009
fffd
0013
001a
fffe
ffea
0009
0048
0017
0003
003b
003f
ffe4
0020
004d
ffdb
fff0
0026
001f
fffd
fff6
fffa
ffbb
fff1
ffe5
fffb
ffbb
0013
ffd7
ffa4
0013
0004
0004
fff3
0002
0042
0006
ffe9
0007
0027
ffe3
0001
005b
0037
ffd1
ffcf
0035
ffd1
ffe7
0008
0044
0001
fff1
0005
ffff
0001
000f
0020
ffba
fffc
ffe2
ffe3
0024
0001
000f
fff2
0009
0006
0006
0014
fffb
ffef
ffe4
fff6
003d
0018
ffde
ffcd
0000
ffcd
0000
ffdc
0027
0001
0003
fff2
0023
ffea
005f
fff4
ffd6
fffd
ffd1
ffe4
0011
fffb
0007
001c
ffee
fff0
0012
002b
0005
fff9
0005
0009
ffee
002c
ffdf
ffe1
ffe9
fffe
0008
ffc5
004c
000a
001c
0002
001e
0022
005a
ffc4
0016
fff3
fffd
0010
ffef
fffa
0011
0009
0000
fffd
fff9
0001
0004
0000
000b
fffb
0001
fff7
ffec
fff5
0016
0009
0004
000a
0009
000f
0003
ffff
0017
fffe
0001
0000
0018
fffa
fffe
fff6
0000
fff6
fffd
fff2
fff7
000d
ffea
0010
0009
ffee
ffee
fff3
0009
fffb
ffd8
fffb
0008
fff6
000b
fff5
0010
fff6
0008
000d
000c
0016
000f
ffee
0012
fff1
0003
fff3
fffe
000f
000c
001e
0000
0010
000a
0026
0003
0041
ffe1
0004
0043
fffe
ffea
ffcf
002a
ffff
0013
0007
0001
fff2
ffeb
002b
000b
0007
fff7
0016
0012
0016
ffbc
fff3
ffe2
0012
0005
005b
0011
fff5
000a
004c
0002
0075
ffef
0013
0073
0003
fff5
ffce
001d
0007
ffc7
0009
0026
0013
0002
fff3
0006
ffde
ffdc
ffff
0017
ffff
fff8
fff3
ffe1
000f
ffff
004a
fffe
ffde
0001
0019
001a
001c
fffe
fffa
001b
ffc6
0027
0001
0007
000f
ffe0
002c
fff5
0006
fff9
ffe5
ffe7
ffeb
ffe3
0025
fffa
fff6
ffee
ffda
fff7
0006
ffef
001c
000d
ffe6
fff8
001b
0005
0008
ffe2
0010
0014
fffa
ffdf
fffd
0005
fff9
0016
0005
001a
0004
0012
fff7
fffb
001d
ffec
0002
ffff
0014
0007
0001
fff5
0009
0006
0024
0004
fff3
0009
0001
0008
0029
ffee
0008
0013
fff4
fff7
fff8
0006
ffec
0021
000d
fff2
fffe
ffec
fff6
ffea
0016
ffed
0031
fff4
0010
0002
fffc
fff9
0008
000b
000a
0003
0016
000d
fffa
fffa
fffe
fffe
fffa
0000
0008
fff2
0012
0009
0000
0010
0009
0012
fff8
fff2
0011
fff2
0009
ffec
0006
ffee
fff6
fff9
000a
000c
0009
0000
0003
0006
fff8
0009
fff2
000e
fffd
0008
0007
fff3
0001
fffa
0003
fff4
0009
000a
fffe
001a
fff5
fffb
0000
fffe
fffa
000b
0001
fffa
fffc
ffe8
0011
fff8
0001
0002
fffc
fffa
fff6
ffeb
0008
0004
fffa
0002
fffd
fffc
fffe
000a
0002
fff6
0008
fff9
0006
0006
ffe4
0003
fff9
ffff
0011
0005
0000
ffee
000e
ffff
0009
0003
fffc
fff2
0003
fff7
0009
000e
fff7
fff4
fff4
fffb
ffff
fff7
ffee
0002
fff1
fff5
fffe
fff0
0001
0007
0005
000b
000c
0000
fffb
fff7
0008
fff5
0004
fff9
0000
0006
fff1
0007
fffa
fff7
fff8
0001
0008
0009
0003
fffb
ffff
0002
fff4
fffa
ffff
ffdf
fffd
fff8
000b
0006
fff0
0004
ffef
0010
fff7
ffff
0008
fffd
fff9
fffb
000b
0013
0001
fffb
ffff
ffff
0004
0002
0003
0002
fffb
ffef
fff8
fffe
0003
fff9
0004
fffb
fffc
ffff
0010
fffa
0005
fffc
0002
000d
0007
ffeb
000b
0004
fff4
fffe
fffd
ffff
0008
fff8
0007
0004
fffe
fffa
000a
0007
000c
ffff
000b
0011
fffd
fffb
000a
0006
000d
0006
0002
0002
fffe
0003
0000
fffa
000d
fffa
0004
fff5
fffd
fffc
fff9
0000
0008
0001
000d
0002
fffc
0006
fff9
fff5
0005
fff5
fffb
fff3
0004
fff5
0007
0001
fff6
fff3
fffe
0006
0006
0017
0015
ffff
0000
fff3
fffa
fff5
0002
ffff
000a
0005
fff7
ffff
fff1
0002
0000
fff5
0005
0005
0010
fff9
0005
0001
0011
000b
0007
0004
fffc
fffa
fff3
fffa
0000
0001
0000
0010
0009
fff1
fffb
0009
0001
0005
fff6
0003
001a
fffe
fffc
fffd
fffc
000d
fffe
0008
0002
fff7
fff7
fff8
0008
fff8
0020
0007
0008
000a
0001
0009
0000
000c
fff2
0001
fff4
fffb
0005
000b
fff9
fffc
fff6
0009
fffe
fff4
fffc
0006
fffd
0004
0000
0005
fff5
fff2
fffa
0008
0008
0006
0008
0004
0019
fffc
0012
ffff
0002
fff8
0005
0006
fff5
fffb
fffa
0001
0004
0007
0000
000a
0007
ffff
fff5
0011
fffc
000a
0012
0006
0015
fff7
0002
000e
fff9
fff6
fffe
0009
0002
0001
0006
0002
fff3
fff6
0007
0003
000b
fff5
fff6
0002
ffef
fffe
0000
000f
0005
0008
fff9
fff1
0007
0004
000d
fffd
fffa
fff9
000a
fffe
fff8
fff7
0002
fffd
fff5
0007
0014
fffc
000c
fff1
0001
fff0
0005
fff6
0008
0006
fffd
0010
fff5
000e
fff8
fffd
fff8
0001
fffb
0008
ffff
001b
0005
0000
000b
fff9
fff6
fffc
ffe8
0006
fff6
0011
fff4
ffff
ffe6
ffe6
000a
0007
fff9
0009
000a
0012
fff9
0000
0007
ffff
0016
000b
ffff
0010
fffd
fff2
0008
0005
0000
0006
fff2
fffb
0000
0006
0004
0006
0002
fff6
fffd
fff9
0004
0008
fff9
fffb
ffff
000d
0006
fff9
0002
fff5
000a
000d
0008
fffb
0000
fff9
000f
fffe
0005
0005
fffd
0004
0005
fffc
fffe
fffb
0008
0008
0007
0009
0006
0005
ffff
0006
0006
0004
0009
fffb
ffee
0004
0005
fffb
0001
fffe
0005
fffe
0003
fffc
000d
000f
fffb
ffe9
fff6
0002
0006
ffff
fffd
0003
0007
0000
fffb
0000
0001
0006
fff6
000b
0003
fffd
0001
fff6
ffff
000d
fffc
0013
fffa
000c
fffb
0005
fffb
0003
0011
fff4
fff1
fff9
0007
0004
0003
000a
0000
fff9
0002
fff8
0000
fffe
fff5
0009
0005
ffef
0009
fffb
fffc
fffc
fffa
000f
fff8
fff2
fff9
0002
ffec
fff5
fff5
ffeb
fffe
fffc
0001
fffe
fff7
fff7
0008
fff8
0007
0001
fff9
0002
fff9
000a
ffef
0000
fff8
0002
fffa
fffb
0004
fff9
000c
fffe
0000
fffd
ffec
ffff
fff0
0006
ffe9
fff6
0005
000f
0008
fffe
fffb
0004
0003
fff4
0013
0007
0002
0000
fff9
0009
fffd
0004
0006
0004
0005
0001
fff7
fff0
0015
fffc
fff6
0005
fff9
0004
0003
fff6
fff6
fff5
0008
fff6
0000
0007
fffd
fffd
0006
0005
fff3
0006
fff4
000a
0006
fff9
0009
fff7
000f
fff3
0005
0001
fff1
0012
0000
fff3
0000
0005
0006
0005
fff2
fffe
000f
0005
0000
0003
fff9
fffd
ffff
fffe
000b
fffb
000a
0007
000b
fff3
ffff
0005
0009
0000
fff2
0010
0000
0005
0009
fffa
0011
fff6
000b
fffb
ffff
fff3
fffd
0009
fff9
0003
0001
fff4
fff6
0001
fff8
fff4
000e
ffee
fffc
fff8
0001
0010
0000
0002
0008
0000
000d
0007
0005
fff4
0008
fff6
fffb
fffb
000d
fffd
0007
0008
000b
0000
0009
0005
0005
0004
000b
0007
0003
ffee
fffd
ffff
0008
0007
000b
fff8
0004
0004
0003
fffe
0005
fff7
fff5
fff1
0014
0009
fff6
0008
0009
fff1
ffff
000e
fff6
000b
0002
fffe
fff0
000f
fffc
fff4
fffe
0003
ffe9
000d
ffeb
0002
fffd
0011
000c
ffff
0009
fff9
000b
fffe
0004
fffc
0007
ffff
0000
0014
0001
000e
fffb
fffb
0005
fffa
fffe
ffe8
fffa
fffb
0013
0002
ffff
0002
fff7
0003
0004
0007
fff9
0005
fffc
0007
0003
fff5
0007
fff2
0000
0008
0000
fff7
fffb
fffc
0009
0005
fff4
0005
0008
0002
ffec
0008
0005
0008
ffeb
fffa
ffff
fffc
0017
fff8
0009
000d
000f
0007
0006
fff8
fffe
ffed
fff7
fffc
fffb
0006
0005
fffa
000c
ffff
ffef
ffef
fffc
000a
0002
0006
fff7
0000
fff9
0002
0005
fff2
ffef
ffed
0000
000a
0004
0005
0002
fff9
000d
0003
000e
000e
0002
fff6
fffe
fffc
fff8
fff5
0008
fffd
0002
fff7
fffc
fffe
fffa
fffa
ffeb
0009
0000
0003
0000
fff9
000c
0005
0005
ffff
0001
0006
0000
0000
fff2
0004
0004
0006
fff1
0002
0000
fff8
fffc
fffb
fffb
0008
0003
0005
0007
fffd
fffd
fff8
0004
fff6
0006
0008
0002
fff7
0003
0000
0008
fffb
0006
fff5
0006
0002
0006
fff9
0007
fffe
fffa
fff7
fffa
fffb
000f
0001
0001
0004
0007
fffa
fffd
000e
fffc
fffc
fff1
000a
0005
fff4
fffa
fffc
000e
fff9
0016
fffd
fffc
fffa
000b
fff0
0001
0002
fff5
ffff
fff5
0005
fff6
ffff
000c
000c
fffe
0001
fffc
ffff
0008
0007
fff7
000d
fffa
fff5
0002
0008
0006
ffec
0007
fff9
0000
000a
000d
0000
0000
ffff
0008
fff3
fffc
ffec
000c
ffff
fffc
0007
fffb
fffe
0007
fffc
0009
000a
fffe
0000
0005
fffb
fff4
0002
fffb
fffa
fffc
fff7
fffc
ffee
0009
0000
fff9
fff9
0004
ffff
0000
fff0
fff6
0004
0001
0012
fffb
0005
fff3
fff1
fffb
fff7
fff8
0001
ffff
fffe
000b
0002
fff5
0008
0006
fffa
0006
0006
fffb
fffc
0008
fff3
fffc
fff4
fff4
0001
0019
001a
0013
ffff
fff1
0011
fff7
0010
fffe
fffd
0000
0002
0002
ffec
0006
fffe
0004
ffff
fffd
0008
0005
0005
0001
fff8
0001
fff5
0008
fff1
fffc
ffe1
fff4
fffe
fffa
fffc
000c
0001
fff9
fffb
0005
fffd
fffb
0007
fffe
fff8
0006
0002
0000
0009
000d
0008
0006
fffe
fff9
000f
fffc
fffd
0008
0008
0003
0006
0006
ffff
0002
000c
0007
0007
fff2
0002
0005
fff2
0007
0000
0003
fffb
ffee
fff8
0004
fff4
0006
fff9
fffa
0002
000c
0001
0008
fff3
000e
0002
000e
0008
ffff
0011
fff9
0006
0013
fff4
0002
0010
0013
fff2
fffd
0001
fffc
fff8
0008
000d
fffa
0008
0009
0008
fffe
fffa
fffd
0010
0002
fff9
fff5
0006
0003
fff8
000b
fffb
fffc
fffe
fff1
fffa
fff2
0005
000d
000d
000b
0008
fffe
0006
000c
ffee
fff9
fffc
001b
0002
ffeb
fff8
000a
0005
0006
0006
000f
fff5
fffb
fff4
0000
ffeb
000a
0002
000b
001a
0000
fff4
0002
0009
0007
0004
ffeb
0009
fff9
fff0
0002
000d
fffb
fff7
fff2
0008
fff2
fff7
fffa
0004
000d
fffa
fff7
fffd
0000
0007
0004
fff3
fff3
fff9
ffff
0002
000b
fffe
0004
0007
fff4
fff8
0004
fffe
ffe5
fff4
fffe
0000
fff7
0009
fffc
000e
fffc
fff2
fffc
0004
fff4
001b
ffef
0003
0012
0004
fffa
ffec
ffff
000c
fff4
0006
000d
0007
0009
0000
0004
fff8
0004
ffff
fff2
0001
ffeb
fffe
fff9
fffe
fff6
0008
ffff
0000
fffc
0006
0009
0000
fff9
fffc
0004
fff0
ffff
ffff
fffe
000d
fffe
fffb
fffe
fffc
fff0
0013
0007
ffff
fff8
fff7
ffff
fff8
fffc
000b
fffd
0000
0008
fffb
0001
fffc
0010
fff1
ffff
ffff
fff1
0003
000d
000a
0009
0000
fff2
0004
fff4
ffff
0009
fff9
fff9
fff4
fff8
fff5
0004
0008
ffe5
0003
fff1
000b
0001
0005
0004
0002
0000
0008
0006
0006
0010
fff4
0001
fff9
fff8
0000
000b
fff5
fffc
fff5
fff1
0001
0005
0012
fff8
fffa
fff8
000b
fff6
fff8
fffe
0002
0004
fffc
fffb
0007
0003
fff9
0011
000f
fffe
fff9
000d
000d
0000
fffa
000d
fff8
000c
fffc
fffc
0003
0004
ffe7
0004
0001
fff8
fffc
fff0
0000
fff9
0009
fffd
000c
fffb
fff3
0016
fffb
fff0
fff2
fffd
000a
fff1
000f
000f
0024
000f
0008
0004
0013
fffe
0001
0006
ffea
fff9
ffff
fffb
0008
0013
0006
0000
0005
fff8
0003
ffef
0007
fff7
0003
0001
000d
fff5
ffff
000b
0006
fff8
0008
000c
fffa
0008
fff4
fffb
0014
0000
fff5
0007
0004
000a
fffb
0000
fff9
0005
ffff
0004
fff5
0008
0001
fffd
0006
fffe
0006
fffb
fffc
fffb
fff8
0005
0006
fff9
0017
ffff
fff0
fff3
fff5
0002
fff9
fffb
0006
0004
fff9
fff8
000a
fffd
ffef
000e
ffff
0000
fff8
fffc
0002
fffe
000b
000a
fff0
fff7
fffd
fffc
0009
0011
fff6
ffff
fff4
fffe
0008
0011
0007
0001
fffc
0000
0000
0005
000c
fffa
ffef
0005
0008
fff8
fffe
0009
fffc
0004
000a
0009
fffb
0013
ffff
0005
fffc
000d
0012
0003
0013
fffd
fffe
fff3
000e
fffa
0013
fffd
000e
000a
fff7
fffd
0006
000a
0009
fffe
fff6
0002
fff8
ffee
fff8
0004
fffd
fff8
fffe
0000
000c
fffb
000a
0006
fffb
fff8
ffff
ffff
fffe
fff3
fff9
fff8
0000
fffd
fffc
0005
0002
fff3
0001
0004
000a
fffd
0002
0008
fff7
fff8
fff6
0004
0008
0005
0000
fff2
000a
000b
fffe
fffa
fffe
fff9
0001
fffe
0002
0002
fff8
fff5
fffe
0004
fffb
ffe7
ffff
0000
000a
0004
0008
0000
0001
fff7
0008
0009
001a
fffb
001f
fff9
0002
fffb
0007
0006
fffc
fff8
fffb
0005
ffe6
ffeb
fffe
000d
0004
fffd
0005
0009
0002
fff0
fff6
fff8
0005
fff9
0010
fffd
fff7
fffb
fffa
0004
fffe
0007
000b
fffb
000b
0000
0010
fffe
0001
0003
000b
fff4
0002
000c
0007
0002
0002
000a
0006
0015
fffe
0006
fff9
fff0
0005
0004
000e
000d
000b
fff3
0001
fff5
fff6
fff7
0009
fffa
0003
000c
ffff
0008
001a
0001
0000
0009
fffc
ffe6
0007
0016
fffc
fffe
ffeb
0012
0003
fff1
fff5
fff2
0010
0009
000a
0011
0002
fff0
0006
000e
fff6
0002
0004
0002
fff7
0012
0003
0004
0020
0019
000c
0002
0002
fffd
ffeb
fff8
fffe
ffea
0009
fff8
0004
fff7
fffb
0003
0002
0009
0000
0005
fffc
ffea
fff9
fffb
fffe
0002
000b
fffa
0004
fffd
0008
0004
000f
fffc
0005
fffe
0006
fff8
0003
fffe
fff9
fff4
000e
0003
0004
ffea
fff9
0004
fffa
fff9
0002
fff9
fffa
fff7
0003
fffa
000a
fff2
0004
0005
fff1
fffe
fff8
fff7
000c
0004
fff8
fffc
0003
fff7
000b
0009
0001
fffc
fff5
0002
0007
ffea
0000
0003
ffe1
0002
fff6
0005
000e
fff7
fff6
fffe
fffc
fff4
0001
fff5
0001
fffa
0001
ffff
ffed
ffef
000a
fff9
0002
ffe6
0026
000c
fff8
fff9
0006
0000
fffd
0003
0004
fff4
ffdb
0007
ffee
0008
0004
0009
0001
0000
0000
fffd
fff2
0005
ffef
0031
ffed
fff1
000a
ffbe
0023
ffd6
ffeb
ffbe
003f
fffa
0006
0012
ffff
fff1
fff6
ffff
fffa
0010
ffd7
0007
ffee
001c
001e
0013
0017
0045
001a
ffe7
fffe
0008
ffee
0039
fff9
0007
0017
ffdb
0058
ffc4
0000
000c
001a
fff9
0005
0007
0002
0040
000f
ffb2
0000
0008
0007
000c
fff4
000f
fff4
ffe2
0033
0066
000d
ffe2
fffd
fffa
ffc1
ffe6
0004
0009
001d
0034
0004
fffe
fffe
fff5
ffc3
000e
0005
fff0
0006
0043
0005
ffb8
fffa
ffda
0052
0010
0012
003d
ffff
ffd9
0039
004a
ffef
fff1
001b
0006
fff3
ffb4
0012
000a
0039
0048
ffd0
002d
0018
001a
ffa7
fff4
fffc
ffce
fffd
0006
000d
ffd6
0006
ffc0
004a
fff2
fff4
ffe9
0032
000e
0005
0000
0007
0012
0026
ffff
002c
ffb7
0007
0007
0017
004f
ffda
0023
0003
000a
ffe5
fffe
fffb
fff6
fff6
0000
0013
fff7
fff4
ffeb
0015
0002
fffa
fffd
0016
000a
fff8
fffc
0004
0010
0011
0011
0013
ffdd
fffe
0007
fffc
001d
0004
0008
0003
fffd
0022
0008
0006
000c
fffd
fff7
0005
0011
0007
fff2
ffd9
ffff
fffd
fffb
000b
0009
0003
0011
0007
ffff
ffef
0002
fffd
0005
ffe9
000f
0012
fff9
0013
0012
ffd6
ffd3
0053
0005
0003
0000
000f
ffe4
0005
004b
000c
0007
ffcd
fff7
001f
0024
000b
0005
ffe9
001c
0006
ffec
000b
0002
ffd6
0036
ffe8
fff4
0017
ff9d
0060
001b
ffbe
ffc3
005b
0000
fff5
ffe8
0000
003f
fff5
003a
0005
0012
ffb8
0001
001c
0041
0001
ffe1
000b
0004
0056
fffa
0022
0005
ffae
0044
ffd3
0000
ffeb
ffb6
0009
ffff
ffa3
0036
0017
0000
0002
0035
0005
0090
000d
0071
ffff
000e
ffc2
fffa
002b
0089
ffe9
ffbb
ffa8
0027
006d
ffea
0002
0007
ff73
ffd7
ff94
000e
005a
0025
ff99
ffe5
ffee
000e
ffe6
0009
0000
000b
0002
0034
0004
ffed
0000
0004
fff0
fff5
0051
002b
0007
ffd6
fffe
0024
000a
ffeb
0021
fff5
ffc8
ffc4
ffc1
ffff
0026
0044
ffde
0025
0013
ffca
ffbd
fff8
0009
001c
fffb
ffff
ffff
0027
0003
0008
003e
000a
0031
001d
003d
002f
0005
001b
ffda
000b
0015
fffa
0020
ffb9
ffc8
0013
000a
001f
0004
000b
fffa
002d
ffd8
ffe8
fffe
0032
000c
0007
0005
0003
fffd
0004
0030
0006
0003
fff8
002a
0031
fff9
0012
ffe2
0001
ffed
0009
fff8
ffd7
0010
0012
ffd3
0004
fffe
ffee
fff1
0003
ffef
fff8
0006
0001
fffd
fffd
fffb
0012
000c
0003
ffeb
fff8
fff5
fff4
0013
001b
fff2
0013
000e
0000
fff2
0007
fff4
fffc
000a
000e
000b
0001
001d
0004
ffb1
fff6
ffd2
0005
0004
001f
0004
0000
0006
fff3
0002
0020
fff4
ffff
0007
ffc8
0029
002e
ffe8
0048
002f
ffe4
0002
fffd
ffff
ffda
0014
fff8
ffe7
0007
001b
ffd7
ffd8
0013
003e
0000
fffa
ffe5
000c
ffc6
fff8
fff8
fffd
0014
000b
0003
ffc1
0040
ffff
000e
ffec
0014
fff6
ffd1
ffd1
000f
000a
ffd4
0020
000d
0007
0011
0025
0023
001d
ffe6
ffee
000b
0009
0006
fff9
0024
ffea
ffe6
0009
001a
ffee
0009
0026
ffc7
0009
0023
0014
ffd4
000f
000c
fff6
0010
ffef
ffe3
ffe7
fff8
ffb8
001c
fff1
0005
002f
ffda
ffe2
000b
000b
000a
fff5
0017
fff9
ffbc
fffd
0012
0000
fffb
ffff
ffcc
005e
001e
002a
0041
0016
004a
ffec
0002
ffee
0005
fffd
0004
ffc2
0023
0066
ffd8
0030
fff1
fff5
000c
fffc
0015
0000
ffd0
fffa
ffd8
0000
001b
ffe7
0004
0013
ffd0
0014
000a
0024
0037
002b
0010
ffd5
fff6
fff5
000c
001d
ffea
ffcf
0012
0049
ffe6
ffe3
ffe8
ffe9
0006
0010
0031
0013
0002
fffb
fff5
0014
0034
fff6
0003
0021
fff2
0017
0008
0005
0014
0007
0002
fff2
fff9
fff3
ffe8
0013
0007
ffd4
fff6
0002
fffa
000b
0003
0009
0003
0012
000a
0009
fff0
fffa
fff5
0007
fff6
fffd
0002
000b
001c
0001
0000
ffef
fffa
ffde
fff0
fff6
0007
001c
0004
fff7
fffc
fffb
0002
fffe
002f
ffe3
002e
000a
000d
0007
ffde
000b
fff5
0009
000d
fffc
ffe2
0032
0002
ffd0
001b
000e
0020
ffe6
ffeb
ffe6
fff1
fff3
0006
0027
ffe0
fffe
0015
ffe9
0006
0003
0005
0000
0033
0009
000d
001a
ffd5
fffe
ffee
fffd
ffec
ffec
fff3
0018
0005
ffd3
ffe9
ffdd
0021
fffc
fffd
fff0
fffc
ffcf
0002
fff6
ffe2
0003
001c
ffe2
000c
0023
fffa
002e
ffe4
ffeb
0003
fffe
ffce
fffd
ffca
fff7
ff9f
fff4
ffcf
fffe
000d
ffe4
ffab
0031
0045
001d
000f
0005
000b
fff4
0014
0028
0028
0027
0013
ff93
ffe4
008d
ffcb
0030
0018
003e
0005
0008
ffdc
0002
ffb1
000c
0012
fff9
ffde
0013
fff4
ffd1
fff8
0012
ffd9
ffef
0001
ffc7
0025
ffce
0015
ffec
0019
000e
000b
000e
000f
0022
ffc8
0015
0003
0037
0006
0013
ffd9
0014
ffd5
0001
0016
0003
ffe6
002b
fffd
ffeb
0006
fff7
ffdf
ffb1
fff7
ffcd
ffd6
0013
0005
002f
0025
0026
ffee
0037
ffc5
0030
ffed
0007
fff7
001a
0015
fffb
0003
000e
000c
0000
0004
fff9
0021
000e
fff6
0010
0008
ffca
ffdf
fff7
0014
fffa
ffe6
003d
fffb
0022
fff2
0030
000e
003b
ffed
0010
ffee
fff4
ffed
ffec
fff9
0009
ffff
0017
fff4
0005
0017
fffe
0007
fffa
fff0
000c
0007
ffe7
fff2
fffc
0011
fff8
fff0
0011
fffc
fff9
0001
0019
0002
0005
0010
0018
000a
ffdc
fffa
fff2
0012
ffff
0046
0001
fff9
fffc
0005
000c
002e
000c
0000
0011
fffe
ffe8
000e
0001
ffeb
fffe
fff9
0014
ffff
fff5
000a
000b
fffa
ffeb
ffd0
0010
001b
ffc3
000d
001e
000f
0003
0005
0011
fffe
000c
ffe6
fffb
0015
0018
fff2
0007
0033
ffb7
0001
0025
ffd6
ffe3
fff2
002c
000a
fff1
fff9
ffde
000d
ffee
ffed
ffbe
0014
ffda
fff5
0013
0016
0002
001d
0009
0012
fff6
0016
fff6
0028
ffe4
000a
0028
001a
ffdb
0005
0010
ffd2
fff0
ffeb
0017
0005
fff8
0009
ffea
0006
fff7
ffe0
ffc1
000b
fffc
ffda
0005
fffd
fff7
0012
fffb
0016
0004
0001
ffff
000e
ffed
0000
0057
0003
ffff
ffb6
0019
000b
fff5
0015
ffff
0002
0007
fff4
000e
0003
000e
0008
ffde
000a
ffe5
ffe8
0003
0014
0010
0014
0004
ffff
0008
000a
0003
000f
000f
000b
0008
0020
ffed
ffe7
fff5
0007
fff6
ffd0
002e
0009
0016
000d
0013
001d
003c
ffd3
001c
fff7
fff1
0006
0004
0008
0008
0011
fff1
000e
fffe
fff0
fffe
0014
000f
0003
0005
ffea
ffec
ffff
0028
0019
fff4
fff1
000a
fffd
ffff
0001
0009
0005
000d
fffb
0002
0000
0004
ffeb
0000
0002
ffee
0004
0011
fffc
fff0
fffd
0009
fffb
0005
fffc
000e
fff9
ffe9
fff5
fff5
0000
0007
0004
0009
0003
fff9
000c
fff8
fff8
fffc
0005
000a
fffa
0016
fffb
ffff
fff1
0000
0007
000d
0014
fff8
0024
0009
0000
ffdf
fffc
001e
fffe
ffee
ffe7
0001
fff1
fffd
0002
0000
ffef
fff5
000e
0007
fffc
000a
ffff
0008
0014
ffdc
0002
fff6
0005
0003
002e
0008
ffda
ffff
0028
000e
003b
fff9
0000
0020
fffe
fff8
fff1
0010
0004
ffdd
0007
fffe
0006
fff5
0011
000a
fff1
ffd9
fff9
0006
fffb
fffd
0009
ffd4
0009
0003
0041
0002
ffc7
0004
000e
0007
002e
fff1
0001
0018
ffd8
0027
0011
0011
002c
fff0
0034
ffe1
000d
0001
ffe3
fffa
fff4
ffd3
0014
fffb
0005
ffe6
000c
ffde
fffe
0000
0028
fff7
ffe6
fff7
0012
fff7
001f
fffe
000f
002c
fffa
ffe7
0006
fff1
0016
0019
000b
0010
0003
000e
fff1
fff6
0019
ffd4
fffc
0013
0013
ffe5
0021
0002
0004
ffff
001e
fffd
fff8
0004
ffe6
fff5
0017
0009
fffb
0013
fff3
ffec
fffa
000f
ffef
0014
0002
000c
fffb
fff5
ffe4
fffc
fffd
ffdb
001d
fff6
000b
000b
000a
0012
fff8
0011
ffff
0007
000a
000b
ffef
0000
0012
0003
0004
fffa
ffee
fffe
0005
0016
fffd
0014
0004
0005
0006
fffa
ffff
000b
0004
fffc
0007
ffe6
0015
fffa
0002
fff9
0005
000c
fffd
0005
0007
fffc
0006
0005
0001
fffc
0007
0001
fff8
0003
fffa
0002
0005
0004
0012
0003
fffe
fffb
fffb
fffa
ffff
fffd
0003
ffff
ffec
fff8
fff6
fff3
0009
0008
0003
fffd
fff7
0006
fff4
fffa
0006
fff7
0004
0000
fff4
fffc
fff7
000a
0009
0002
000c
0001
0008
fff2
0019
000a
fffd
ffed
0013
fff6
ffe7
0003
0001
fffa
0001
fff8
ffec
fffb
fffd
0012
0010
0008
000c
ffe8
0006
0005
ffea
fff1
000f
ffef
0001
ffe6
0007
000c
000b
ffdd
0013
000f
0008
ffe8
000c
001d
ffdd
fff3
fff6
ffe3
fffd
fffd
000d
fffc
fffd
0002
000b
0000
0018
0000
0000
0005
fff9
fff3
ffe3
fffd
0018
0005
ffe7
fffe
0001
fff2
0013
0021
fff3
ffe0
000b
001a
ffee
ffea
ffee
000b
0006
fff6
001f
fffa
0002
0000
ffe5
0006
0031
0003
fffb
000a
0000
fffd
ffef
0024
0001
0001
0013
fff5
fffe
ffe3
000c
0014
ffe3
ffc4
0004
fffe
0000
fff7
fffd
ffff
0008
000b
0009
0006
fffe
0003
ffef
0003
000d
fffd
ffff
000b
fffd
0003
ffe5
fffb
fffb
ffff
0007
000b
0003
ffff
ffef
001c
ffff
ffe9
000d
0005
fffb
fffb
0011
000d
fffc
0005
0006
fffc
ffff
0009
fff3
0004
fffd
fffb
0006
fff8
000c
0004
fffe
ffff
000a
000a
0009
fffc
0001
000f
fff7
ffff
000d
fff5
ffea
0002
fff9
000d
0009
0006
0008
0000
fffa
fffc
fffa
0005
0011
fff9
fffa
ffec
0004
fffe
ffed
fffc
0002
ffe9
0008
0016
fffc
fffc
0009
ffff
0015
0003
fffe
0026
fffe
0007
0000
0029
0000
000e
000b
0000
0005
fffc
0004
0008
0005
0002
001d
ffc8
0001
001b
ffec
fff4
0006
000a
ffec
001b
0009
000f
0005
fff1
0023
0021
fff9
0006
ffc0
000a
ffe5
0015
ffec
004f
fffe
fffc
ffe6
0004
0045
fffa
ffd6
0008
003a
ff82
fff0
fff9
fffb
0007
fff6
004b
0015
0055
002e
ffd2
fffd
ff9f
005b
ffdf
ffe0
ffe9
ffea
0014
fff0
0029
ffd6
000b
ffe8
0003
ffee
000a
0066
000a
ffba
fff2
0021
ffbc
ffef
0011
ffda
0028
ffe7
002a
0020
005e
003b
ffc9
0017
ffc0
0029
ffb4
ffdd
ffbe
002b
ffca
ffd6
0035
001f
ffad
0001
0002
fff2
000e
fff0
0002
fffe
fff3
ffee
0043
000f
ffe6
fff9
003c
0043
ffc9
0038
0005
000d
ffc4
0016
0006
ffa8
fff6
fffa
0000
0044
fffa
fffb
000e
000f
ffba
fff6
0010
0013
0005
fff5
fffa
0003
0004
0004
0032
fff9
fff7
fff8
0034
000c
ffe3
0004
ffe8
fff9
fff0
ffff
0018
ffd5
0008
0007
fffe
0030
fffb
fff7
0007
0017
fff5
fffe
0006
fffb
fffb
fffe
000c
0009
000d
000f
fff7
0001
fffa
ffee
0003
0012
ffff
0006
0006
0005
fff6
fffc
fffc
ffed
fffe
ffff
fff8
000b
0000
fffe
0004
ffec
0014
0007
fff3
fff5
000d
fff9
fff9
ffef
0001
fffa
ffff
fffe
fffb
fff0
ffdf
ffff
fffe
0006
fff4
ffe7
fff8
0006
fff0
0008
0004
0009
fff1
fff7
fff3
0009
ffe5
ffcf
0055
fffe
0008
fffa
fff6
ffc4
fff8
0016
0008
0001
ffcd
0003
fff3
003e
ffea
ffcd
0029
fffa
ffbd
ffdf
0014
ffef
fff6
0058
fff0
fffb
0000
ff78
0044
003d
ffc7
ff69
0097
fff0
fff9
0006
0001
000d
fffd
006c
0006
0020
ff99
000d
002e
005b
fffa
ffed
0016
000d
ffd8
ffc4
0013
0008
ffea
007e
ffbc
fff1
ffdd
ff56
003f
0083
ffbf
ff78
0013
000b
0007
ffdd
ffff
0086
fffe
ffc6
fffd
0022
ffe6
fffc
001d
0015
0063
ffe7
0047
0005
005e
000f
004c
000b
ffc0
0030
ff9a
001b
ffc4
ffff
002f
004a
fff6
ffdc
ffa2
0004
fff4
fff3
0002
0031
fff1
ff68
0007
fff8
0026
fffa
0054
ffda
005a
ffec
003a
001e
0036
0044
0032
0011
ffdc
ffd6
fff4
ffe4
ff99
002b
0007
0023
0003
fff0
ffab
0002
fff4
000b
000b
000b
0002
ffd0
ffef
0009
0047
fffc
0011
fff8
0027
0012
ffe9
0008
fff2
000c
001a
ffeb
000a
ffc9
000c
fff7
ffe8
0025
0000
0001
fff8
000f
fff6
0003
ffff
000b
0007
fffd
0005
fffa
0005
0010
0013
fffb
0002
fffc
0001
0015
0007
000f
0007
fff0
0009
0006
001e
ffe7
fff4
0006
ffea
0004
0018
fff4
ffe4
000c
fff7
0017
000d
0002
fff4
fff2
000a
000b
0002
0015
0002
0000
000a
001f
fff8
ffe7
fff5
0012
fff8
0002
000c
0006
0001
0001
0000
0008
fffe
000d
001a
ffcb
ffa5
ffc5
0019
0001
0002
002a
0007
fff5
0012
0029
0002
0030
0003
0006
0013
0022
0009
ffe8
ffcc
0065
0015
ffa2
004a
000e
ffef
ffe9
0038
fffe
001c
ffac
006a
ffe8
ffb5
ffa8
0045
fffc
000d
003f
fffc
0017
000d
001e
fff4
003e
ffbf
fff0
0024
0035
ffdc
0011
ffbe
0082
006d
ffb0
0007
0007
fff6
000e
0000
fff3
fff4
ff9d
0086
0042
fffa
0004
0034
fff8
0003
ffd0
ffec
ffca
fffa
ffd0
0009
ffb7
0013
fff4
fff5
003d
0010
ffe5
0036
ffff
ffe9
001e
0005
ffff
0002
ffe1
fff7
fff0
002a
0008
ffeb
ffd8
0005
ffe2
0012
ffff
fff7
ffea
000b
ffe3
0002
fff7
0005
0000
ffd6
fffa
002a
0027
0010
ffef
002c
0032
0015
002e
ffe1
fffd
ffed
0002
fff5
ffde
0004
0037
0038
fff5
0008
ffe1
000d
fffa
fff9
000b
fffa
ffca
000f
ffe4
0008
0013
ffe5
fffc
fff0
ffd6
0019
0041
0029
0007
0017
fffd
ffef
ffe8
001c
0021
001a
fffd
ffea
ffda
0068
0000
ffe4
0007
ffff
0002
ffff
000c
0001
fff5
0008
ffdd
fff9
000d
0000
0012
0001
fffe
0028
0003
0005
0007
0010
fff1
fff8
fffc
fff7
fffb
0009
0013
ffe4
fff6
0013
000c
0010
fff3
fff3
ffef
0009
fff9
fffd
fff3
0008
0016
fff0
0002
ffff
fff4
0011
ffec
0007
001d
fff6
000e
fff7
ffff
0005
ffef
000a
ffff
0005
fffa
0005
0000
001c
0015
ffe6
002b
fff0
fffc
fff2
0008
000c
fff1
0001
0010
0000
fff9
0020
000e
ffd4
001e
000b
004a
ffcb
0018
fffd
fff0
fff6
000b
fffb
ffba
ffed
fffd
fff4
ffda
002c
002c
ffb1
001a
0008
0000
0005
ffd3
fffc
ffff
0004
0033
0001
000d
ffd7
fff6
ffc2
0008
0011
0061
fffa
fffa
ffe6
fffc
ffbc
000e
ffdb
ffb7
ffb7
0006
001d
ffed
ffe4
000d
ffba
ffdf
0048
0008
0010
0015
000b
0023
0006
ffea
000f
0047
ffc7
fffa
002a
0022
ffc9
ffe2
006a
ffe0
ffea
000e
ffc1
0009
ffb9
0013
ffd3
0011
ffc0
000f
ffdf
ffdc
0001
0010
ffec
ffff
0009
0007
0007
ffc7
0009
ffec
0009
0009
ffee
fff8
000f
ffdc
0018
0012
001c
000a
ffd9
ffef
000d
fff6
0039
002f
0053
ffea
0012
ffed
0030
ffdb
000c
fff8
001a
0003
0005
0019
0000
ffd7
0004
fff0
0002
fff4
000e
0001
fff8
ffe4
0000
ffd8
ffe8
0008
001a
ffca
0020
fff8
0022
0015
0037
fffa
001f
fff9
0039
fff9
fffb
0005
000c
0009
0009
fffe
fffe
fff1
000a
fffe
0000
000f
0002
0000
000e
0010
ffec
ffe8
0005
0005
000a
ffe8
001f
fff3
fffc
0002
001a
000d
0015
fff8
0004
fffe
fff5
fffd
0007
fff7
ffdc
ffed
fff9
0010
0007
0017
ffea
fff1
0002
ffff
fffe
000b
fffa
0005
ffef
fffd
fffa
fffa
fff9
ffed
0002
fff8
ffe9
fffb
000c
ffe8
fff2
001e
ffd8
fff1
0030
0005
fff5
ffba
fff7
000d
0004
0000
000a
fff2
001d
fff3
ffe4
0018
000b
001e
fff7
ffe6
0018
0005
ffea
0007
000b
ffee
ffc9
0016
fff0
ffce
ffe3
002e
ffb6
ffff
0013
0003
ffff
ffe3
0007
0003
ffee
ffbc
0007
0059
fffc
0006
0023
0004
ffe5
002a
0015
ffdc
0034
0001
ffe6
fffd
ffe5
fff7
fffb
fffe
ff95
ffc4
ffe7
fff7
ffcd
fff2
fff8
000b
fff9
001a
fff7
001e
fff2
ffcb
fff0
0079
ffe8
ffee
002f
0007
fff8
ffcb
003b
000c
ffe8
003d
ffdf
0016
ffb7
0018
001e
fff7
ffe6
0010
fff1
fff6
0003
fffc
fffd
0004
ffee
0000
fffe
0027
0007
fffc
0002
0034
fff7
fff8
0040
0020
0001
ffbf
003e
fffa
ffd0
0046
0006
fff2
ffd8
000c
002c
fffa
001b
0033
ffed
fff5
0005
fffe
fffd
000c
0007
fff2
ffed
0007
0002
0012
fff5
ffea
fff7
ffff
fff3
0004
fff2
fffb
0006
fff1
fff1
fff1
000f
fffe
000f
fffc
000d
fff7
0020
fff2
ffef
fffe
000d
fffd
fff7
fff3
0005
0008
fff6
0011
fffa
fff1
ffee
fff4
ffff
fff8
0001
0010
fffa
0000
0006
fff8
fff2
fffb
fff2
000e
0006
0001
0006
fff1
0005
fff2
fffc
000a
fffc
fff9
0000
000b
fff5
ffff
0003
ffff
0002
0000
0007
0009
0002
0002
000c
fffc
fffc
0019
000b
000f
0003
0003
fffa
fffc
fffd
0000
fff6
0010
0006
ffee
0008
fffb
000e
fffa
0002
fffb
ffff
0004
0002
0003
fff6
000b
fffc
0005
fff0
0005
000e
fff5
ffe7
000d
fff2
0015
fff5
0020
fff6
fffa
0006
0000
fffd
fff9
0002
000d
0002
fff5
fffc
0000
ffdd
fff2
fff6
fffd
fffc
fffd
000a
fffc
fffc
0022
000c
000f
000b
000a
0003
fff6
0006
0019
fff7
0012
fffa
0008
0012
fffe
0014
fffd
fff7
0000
001f
fffe
ffed
fff2
ffdb
0004
fff9
0020
000e
0000
0000
fff3
000d
0017
0021
0007
001b
ffeb
fffe
fffb
0007
002b
ffed
001b
fffd
0012
0002
0013
001a
ffd9
ffdb
0011
0011
0006
ffe7
ffef
ffed
fffa
0010
0018
0019
ffde
000c
0012
0003
000a
fffe
fffd
ffff
fff4
ffff
0011
fff1
001b
ffea
0003
001c
fff8
000a
fff8
0016
fffa
fffc
000c
001a
0012
000b
fff8
fffb
0002
fffa
fffd
fff6
ffee
fffa
0004
0000
0019
fffb
fffe
ffff
ffee
fff4
000b
0009
0003
0008
0005
fffa
ffec
0003
0002
fff8
0001
ffec
0009
0002
0011
fff1
0000
fffc
000e
0017
fffa
fffe
0004
0000
fffc
fff2
0007
fffa
fff8
fff5
0004
fffb
fff5
0008
fff1
000c
0002
000e
0015
fff8
fff0
0004
0004
fff5
fff3
fff3
0006
fff0
ffff
fff9
000a
0000
0007
000d
fffe
0003
000c
fffb
0012
000c
000b
fffb
fff5
0013
fffa
0005
fffe
0007
0007
0004
0007
0005
fffd
000d
ffff
ffff
fffd
0004
0008
0001
ffed
0008
000d
000f
fff5
fff3
0005
000a
fff0
fff2
fff7
0006
fffb
001d
0004
ffef
ffe7
000b
fff8
fffc
fffe
000a
0008
fffe
000a
0014
0017
0010
0006
000b
ffec
ffe8
ffe5
000f
000a
000a
fff9
0001
0016
fff3
0011
0009
0003
ffff
fffc
0027
0016
0007
ffe4
fff3
0007
ffec
0017
001e
0001
fff3
0011
0006
fff5
000a
fff9
0002
ffea
fffe
fff4
0012
0003
ffff
fff1
ffec
001d
fff9
000c
000a
000e
fffa
0002
001a
001c
fffc
fff1
0006
0012
ffe1
0013
fffd
0004
0012
000f
fff7
ffff
0024
0012
ffee
000f
0008
ffec
fffb
0008
fff4
ffdc
0006
0008
000c
fffa
0005
fff0
0005
fffb
001d
0005
001b
0003
000b
000e
fff6
000c
0009
fffd
0016
0017
0011
000b
0024
0012
0005
fffa
0003
fff8
ffef
000c
0007
fff4
fffd
0004
0004
0000
fffe
fff3
000d
0002
0006
0007
0010
fffa
fffc
0006
000a
0004
0005
fff4
000c
ffee
0014
0003
ffff
0016
fff1
0001
0004
000a
0008
ffff
fffa
0000
ffee
fffb
fffa
fffd
0007
0003
000d
0010
0001
0002
fffc
ffff
0004
0006
fffb
fffa
fffc
0002
0005
0009
fffd
0006
fff9
0008
fff7
000b
fff8
0009
0016
ffff
ffff
fff9
0000
fffb
fffd
0017
fff6
000c
0007
0001
0005
0008
fff7
0003
000a
0002
fff9
001d
fffc
fff0
0020
0025
ffe3
fffb
fff4
0009
0018
fffa
fff5
ffe3
0004
fffb
0004
fffa
fffd
ffcf
0009
0035
fffa
ffd6
001f
fff5
ffe1
0037
002c
0022
ffc2
001f
ffcb
ffe0
ffee
0003
001d
fffe
000e
0004
0035
ffc2
0028
0016
ffc5
ff98
0051
ffff
fffb
0040
000d
ff85
0004
008c
0002
fffd
fffb
ffff
ffd5
004f
005f
0040
ffa2
001b
ff90
ffd7
ffdd
fffd
0023
0003
fff6
fffb
002a
ff6d
0098
ffc2
ff9a
0001
0082
0001
0008
0030
0011
ffe5
0017
0022
0016
0050
fff6
0005
fff5
0021
ffea
0011
001e
0059
ffd1
ffcd
ffc2
0001
ffbf
0031
ffea
0011
fff1
ffaa
004d
ffc2
ffe7
0033
0028
ffff
000a
004d
fff2
0030
000b
fff0
fff1
0042
fff2
001f
fff3
000b
ffd6
ffd8
0069
0047
0005
ffcb
0006
0011
ffbd
000b
0024
0006
0011
fff8
ffff
ffe9
003c
002b
ffcb
fff4
0007
fffa
0005
000e
fff7
ffe6
0003
ffe4
0027
fffb
0006
ffe9
0028
ffde
000e
0018
000d
000a
0000
0005
0013
ffea
0023
0006
001c
0055
fff5
0020
ffed
0015
ffec
0013
0006
fff4
0009
0012
fff2
fff7
fff0
ffff
0020
0006
0001
0002
002e
000e
000d
000a
fffb
fffc
0005
0004
000a
ffec
fff2
fffc
fffd
0015
fff0
ffee
0022
000c
fffe
0000
0005
fffb
fff8
fffb
0005
001e
fffd
fff8
ffd2
fffc
0001
ffdd
fff3
0023
fff2
fffc
0010
000d
fff2
fffe
ffdd
fffc
ffe2
0004
0009
0001
002b
0007
fffd
ffce
000e
000e
fff9
0015
fffc
0004
0004
001a
ffff
000b
0006
0012
001d
0007
0022
0016
ffd6
004c
002d
ffc1
0015
0006
ffd9
0000
ffe6
fff2
000a
ffc0
004e
ffb1
fff3
ffc0
000f
000b
0003
0030
000a
0014
0006
ffdf
fff4
0047
ffe7
0003
fff5
ffdf
0034
002d
fff1
004a
005f
ffb4
000c
000e
ffb6
0013
0038
ffe6
ffb7
ffd4
005e
ff9c
ffee
0019
0009
0005
000b
006f
0007
0069
fffd
002d
0001
0067
ffb0
0014
fffa
002c
ffce
002d
ffb7
0055
0091
ffaf
ffde
0015
ff96
fff6
ffec
000c
ffe6
0007
000e
ffb4
ffe0
0097
0011
0006
0008
002a
0003
0057
000a
fffb
fffa
002f
0039
fffd
fff8
006e
ffc1
ff9c
0011
fff9
0004
ffca
0015
0019
ff90
ffca
ffe2
001d
005c
0055
ff89
0022
fffd
0035
ffc8
0000
fff8
0021
0005
0039
fffa
0000
0006
0014
0074
0005
0041
0036
0007
fff3
000c
ffe8
ffd0
000e
0003
0007
ffd2
ffb6
ffc8
0020
ffff
0077
ff67
0012
ffe9
002b
ffcf
000b
ffff
003d
fffe
0018
fffa
0001
0004
0036
0045
fff4
0016
0020
003a
0025
0005
fffc
ffd1
ffff
ffc9
ffe7
ffe5
ffd8
ffee
0013
ffc3
0026
ffe3
fff8
0016
000e
0004
fff9
0003
fff7
ffef
fff9
0003
fffe
000d
0001
ffec
fffd
fffd
ffea
fffd
0017
ffec
ffe6
ffe6
0004
fff6
fffb
000d
000a
001c
0002
0007
000a
fffa
0025
ffd9
0004
ffcc
0003
0004
fffc
000c
001f
000f
fff3
0001
0013
0009
0007
fffa
ffc7
006a
006d
0017
0003
ffe1
0029
ffca
001e
fffa
ffe3
ffeb
000f
ffbe
0029
000e
007b
ffa8
006f
003d
000a
000c
001c
fffe
ffcb
fff0
ffa9
fff9
0045
ffe7
0016
ffcf
ffb3
0077
00c8
0027
ffdb
ffc9
006b
ff2b
fff9
ffae
ffe5
ff8c
0012
ff3b
fff8
ffe4
002e
fff9
fff6
0009
0004
0015
0005
ffff
ffcb
000b
ffd4
0000
001e
fff6
0011
ffd7
ffcc
0034
0042
0062
ffe6
ff9d
004c
ffb6
0019
000c
0003
ffc2
0011
ffa5
ffef
fffa
ffec
0006
001a
ffc8
fffc
000e
0021
000b
ffeb
0017
0032
fff3
001c
0012
0004
0029
fff8
003d
ffd9
ffdc
0048
ffd6
005f
ffc9
0011
ffb9
ffcc
ffba
fff3
0004
0043
000a
ffe6
0031
0013
ffc9
0014
0002
fff8
ffec
fffd
000c
fffb
fffa
0001
002b
fffc
0005
fff5
0029
0000
0008
0008
ffe8
002e
fff1
ffff
0010
ffdc
fffb
fff1
ffeb
0042
0014
ffe8
ffe4
fffe
fff9
fffa
000e
0021
fffe
fffb
ffff
ffee
fffd
0016
0010
0004
0018
fffa
0017
fffe
fff2
0001
fff7
ffff
fff8
fffe
fffb
0002
0011
0003
ffd8
fff6
fff6
fff9
fffb
0017
0016
0004
fff8
0015
0014
fff9
000b
ffec
fffa
000a
0012
0006
0001
0020
000c
ffe2
fffb
fff8
ffd0
0008
ffe0
0009
fffd
0002
fffa
fffc
fff7
0004
ffe1
0061
0001
0019
001f
fff9
0011
ffe1
0007
0003
ffff
ffba
fff5
fff7
0036
000d
fff3
0016
002e
0042
004c
ffbd
ffbb
0050
ffd5
0007
fffc
fffd
ffba
fff9
ffd0
fff3
fff2
007f
ffc0
0005
0025
0008
0015
ffbf
001b
fffc
0011
ffff
ffed
0014
0046
0004
fff1
0016
fffc
0029
0029
ffc9
ff8c
004e
ffc9
0000
ffd6
0019
ff9a
001c
ffbe
fffd
ffd8
0030
0002
ffe1
fff1
0007
0011
fffa
0005
ffc3
0013
ffcf
fff6
0016
0030
0017
0018
ffdf
002c
0008
0047
0021
ffa8
0019
000b
0012
004d
002a
003c
001c
ff87
ffe5
0038
ffbb
000b
ffea
ffcd
0002
0000
0000
0007
ffff
0002
ffa7
fff8
0030
0027
fff9
000b
ffc7
0005
ffe3
0031
0053
002f
0002
000c
0007
ffeb
fff3
0023
0009
0005
0043
0015
ffe0
ffe4
0005
0007
0000
0007
ffff
0002
0000
fff0
0005
0005
001a
004c
0001
fff5
fff0
ffcd
fff2
ffda
0006
ffec
ffc8
003e
0000
0014
000a
005f
fffb
0033
ffbf
004f
ffeb
fff2
ffe6
0027
0005
0020
fff3
fff1
000d
ffff
0003
fffd
0012
0019
0013
001b
0012
ffe0
ffe5
ffe6
0013
ffef
ffc8
003c
fffa
001a
0015
003b
0006
002c
ffd5
000f
fff7
fffe
ffe3
000a
0001
0000
001a
fff6
fff8
fff8
003b
0013
0014
ffec
0003
0029
fffe
fff5
ffdf
fff9
0006
ffed
000e
0004
fff2
fff4
000f
000a
0008
000c
ffed
0038
0005
fff7
ffe9
ffbd
0003
000d
004e
ffff
fffc
000f
fff4
0000
002f
0010
000f
0016
0008
0004
fffe
0036
0018
ffcd
0015
0013
ffff
000f
000f
002b
fffd
ffdd
ffef
000a
ffd1
0004
ffe5
ffc7
0003
0007
0038
0014
001c
0002
ffc5
0000
0049
0002
0005
004f
0013
ffa3
ff93
005e
fffd
ffb2
0026
0030
0004
ffd9
0033
0044
fffd
0013
0047
ffe8
ffb7
0043
ffe3
fff1
001a
0005
0010
0015
0019
0017
0021
fffd
ffb9
ffec
000a
000d
ffde
ffdf
ffd9
ffe3
0010
ffe9
ffb8
0042
000a
000b
0010
0019
000b
0059
0014
0030
ffee
000c
ffff
0043
ffe8
000d
ffc3
0004
fff5
fffb
ffe8
0000
ff9f
0024
000c
ffc4
fffb
ffe8
ffcb
fff2
ffe9
000d
ff9e
003d
001d
0022
0005
0039
0024
003a
ffd5
0019
fff2
0005
ffdf
0009
0001
fffd
0010
000d
000d
0006
ffca
0001
fff9
fffa
0000
fff8
0005
ffb6
ffbf
0024
000f
0028
ff81
007f
0005
001f
001e
0046
fffe
0032
ffb1
0016
ffea
fff3
0006
fffe
0002
ffff
0004
ffff
001e
000f
ffea
fffe
000c
0010
0004
0004
0002
fff2
ffe9
000a
0003
0007
fff1
0024
000a
0017
fffa
001b
0007
0007
ffeb
0010
fff6
ffeb
ffde
001a
fffd
0011
ffe0
ffff
0004
000d
0019
fff3
ffd6
fff7
0001
fffd
0012
fff2
0017
0002
fff6
fff9
fffe
fff2
fffa
0007
0000
ffef
0004
000c
fffe
0003
0005
0033
ffc9
fff5
fff7
0005
ffd8
fffc
0007
0004
000c
0002
fff4
ffde
0008
0026
ffff
0002
fffc
0003
0001
001a
001a
fff0
0000
fffb
0009
ffe8
ffef
0017
fff9
0018
0008
ffef
000e
ffea
0004
000b
0033
000d
fff7
0001
0007
0007
0014
0017
0009
000a
0003
fff0
ffd3
ffdf
000e
ffce
0005
fffd
0000
fff9
000c
0022
ffed
ffe2
ffee
0006
ffe0
0001
0015
fff0
0014
0006
0002
0009
fff7
0002
0010
fff9
001e
ffea
000c
0005
000d
fffc
fff9
0007
001e
ffd8
000c
fffe
0009
ffff
0012
fff9
ffec
000f
0016
fffe
fff9
000f
0023
fffb
000a
000d
0012
fff7
000e
0007
ffff
ffff
ffe6
fff6
0003
0003
0002
fff7
fff8
fffd
0009
0017
0021
0019
000c
0012
0016
0013
0019
ffeb
0013
ffeb
fffe
000c
0020
ffff
0008
fff1
0006
0007
0007
ffff
ffd0
000b
0009
ffe4
fffd
ffe8
ffe5
ffe9
0011
001e
ffea
001f
0010
000b
0002
ffe8
0005
000f
0006
ffd1
0002
ffd7
0003
0000
fff9
0008
0003
000a
fff9
fff7
0008
000b
0006
000b
0004
fff7
0005
fffb
fffe
fff5
0004
0004
0002
000b
fff7
0013
fffa
0005
0000
fffa
0010
ffed
fffe
ffdf
0003
fffd
ffed
0009
000e
0003
fffe
0014
fffe
000f
fffa
000f
fffa
000a
0006
fffd
fff5
fffd
000a
fffa
0001
fff8
fffe
0001
0009
fff5
0000
fff9
ffea
0006
0002
ffee
fffc
fff2
fffb
0001
fffd
0001
0003
fff7
ffef
fff1
fff9
fffc
fffd
fff8
0001
ffff
0000
0000
0006
0001
fff5
fffb
fff2
0000
fff2
ffff
0002
0001
fffc
0008
fff9
fff4
fff8
000f
fff2
ffe9
000c
fffa
0009
fffe
fff9
0009
000c
0001
ffdc
0015
ffff
0006
fff1
fff3
fffd
fff3
0002
ffe8
0004
fff7
0000
001d
fff9
000c
0007
fff4
0003
0014
0011
0028
fffc
ffc9
0000
fff4
ffee
0015
0001
fffc
ffe7
fff5
ffef
0017
fffa
0015
fff7
0007
fff5
fffe
0000
0001
fff8
0015
fffa
001f
0008
0025
0010
000f
0028
ffe1
0024
001a
0002
ffe7
0010
0001
fff0
0008
fffc
0000
fff3
fff4
ffef
0002
0007
fffa
ffef
0008
000a
0004
ffe2
ffee
0010
000b
000f
0019
0001
000f
fffb
fff5
0013
0006
0012
0006
0006
fff3
ffe1
fffa
0007
000d
fffb
0007
fffb
0000
fff5
fff0
ffee
0001
fff6
0011
0013
fffd
0007
0000
0016
fffa
fff8
0010
0006
fff9
ffec
fffc
000e
0001
000a
fffc
fffc
0000
fffc
fffa
0004
fff8
fff0
0007
fffd
fffd
fff3
fffc
fffc
000c
0009
0013
fffc
0000
0002
fff7
0009
ffef
fff2
fffa
ffee
fff8
000e
fff4
0004
000c
fffe
0007
000b
0007
fffc
0009
fffe
fffb
fff9
0003
fffd
0006
0003
0002
ffeb
0006
0004
0002
0008
fff3
0007
fffa
000a
0011
0001
fffa
fff6
fffc
ffea
fffd
000b
fff5
ffef
001b
ffe9
0014
fffd
fff9
0000
fffe
0015
ffff
ffef
fffe
0018
ffe9
0010
000d
fffc
fff2
fffc
000a
0001
0009
fff6
000a
fffd
0006
001b
000c
fff7
fffc
fffc
001f
ffd8
001a
fff9
000e
0001
ffff
ffbf
0003
0002
fff4
ffbb
fffe
fff1
0013
0001
fff4
fff1
0012
ffe5
005b
0022
ffea
001e
fffe
0010
0006
0030
0027
fff3
000a
0044
001c
ffd4
003c
0001
0013
0000
0004
ffe4
fff7
ffd9
fffe
ff9c
0001
ffe6
0023
ffff
ffee
ffba
ffee
ffbf
0038
000b
ffc0
0010
0002
fffd
0047
002c
0061
0011
0004
0033
002d
0048
0014
ffbb
ffc3
0006
fffc
ffd8
fffc
ffaa
0004
fff5
0000
ffb2
0057
0002
ffd9
fffe
0023
002d
001b
ffee
ffbd
001f
fffd
0004
0060
fffe
0050
0009
0034
ffc8
0033
002c
ffee
0005
ffcf
0004
0012
ffeb
000a
ffda
0005
ffff
000e
ffce
0054
fffa
ffe0
000f
003c
003f
ffef
001c
ffea
0017
0001
0008
003d
ffc4
0011
fffb
fff5
0006
0025
000a
fffd
0001
fff7
fff5
0003
fff4
000c
fffb
fffa
ffed
ffea
ffe6
0008
ffff
ffe5
ffff
0007
0014
000a
fff4
0003
0011
fffd
fff8
000b
fff1
0010
fffd
0012
ffff
fff3
fffb
000a
ffee
fffe
0005
000c
fffa
0001
fff8
fffb
fff1
fff3
fff4
000a
0012
000c
fff8
ffe4
fff9
0015
ffe9
fff5
0005
fff9
fff2
000e
fff8
fffc
0002
fff9
0011
ffe5
0014
fff6
0000
0053
fffe
fff2
fff1
0004
ffec
0004
0008
fffe
0004
ffe5
0008
fff2
0020
fff5
ffeb
003c
0004
ffdd
0015
fffb
0011
ffeb
003e
ffee
000c
000b
ffd2
001a
008c
ffca
ffc7
002c
0005
0006
ffc1
0002
0015
0000
0001
0002
fffe
ffdb
000e
004d
0022
0000
fff5
0046
ffad
0006
0032
000f
fffc
ffe3
0062
ffaf
0004
ffd3
ffb3
ffca
ffc0
fff4
0018
007e
0008
0002
ffc9
0009
ffcb
0008
0025
fffb
ffe0
ffef
0006
ffd2
0063
ffe8
ffab
fffc
0032
ffc2
001d
fff5
0003
0031
002e
0028
001a
0079
fff4
003d
ffe0
003d
ffb3
0031
000d
0005
ffeb
0000
ffcc
ffff
ffd5
0000
ffee
ffc3
fffd
002b
ffe9
0009
0010
0033
0011
0002
002f
0003
0008
002b
0072
0030
fffc
ffc5
fff1
0045
000b
000d
ffc2
fffa
000b
000b
fffb
fffc
ffc7
fffe
0012
fff5
000f
0003
fffd
fff5
ffef
0026
0034
ffeb
0055
ffed
fff3
0004
ffef
002e
0006
002b
fff9
ffe9
ffc1
0092
fff0
0009
000d
fffd
fff8
fffd
001a
0004
ffe3
fff9
ffed
fffe
0005
0007
fff6
fffa
fff4
000c
0017
fff9
fffd
ffef
0012
fff8
0008
ffff
000a
000d
fffb
0005
fff1
000f
fff0
fff7
fffd
fff5
0000
fff9
fffb
fff6
fff4
fffe
0002
000e
fffe
0003
ffff
0002
000e
ffe7
ffe9
fffd
fffc
fffc
0001
fff1
0013
0000
fff6
0006
fffc
0007
0002
fffd
ffdf
ffe4
ffd6
0025
0008
000d
0002
fffc
ffe6
fffd
002e
fffe
0011
0004
0003
0004
002f
0001
ffdf
ffd7
002d
ffea
ffd9
0008
fffc
fff3
fff0
000e
fff7
0034
ffec
002f
000d
0004
ffa0
0011
0012
0010
ffff
0004
ffd8
0015
0053
0002
ffea
ffff
0013
001c
004d
ffd8
fff7
ff8f
0038
000f
ffc9
001e
fff5
0030
ffe7
fff4
000c
0044
ffb5
0017
ffbf
0018
0042
0033
0007
0003
ffc8
000d
0005
0004
0050
0004
ffe5
002d
fffc
ffe6
001d
fff6
ff95
ffcc
0023
ffe0
ffe6
ffe5
0004
ffda
ffb9
0005
ffee
00b0
0061
ffd7
0000
0039
fff7
0015
000e
0009
ffed
0002
0017
0001
fff9
000d
0006
ffcd
0009
ffdf
fff7
ffcd
0007
0024
ffef
001a
0000
0023
0012
001e
002c
001f
000d
0012
0019
000a
ffe0
001b
ffff
0023
0004
0006
fffa
fff7
ffea
0000
ffd4
000a
001d
fff4
fff9
fff5
ffe6
ffdd
ffe6
0023
fffa
002e
fff7
fffc
000c
ffdd
001a
002f
fff0
ffd1
000b
001d
ffe8
000e
0001
fffd
0005
0007
000e
0007
fff0
fff3
fff7
0001
0010
ffea
ffff
fff8
ffee
ffea
fff5
0019
fff0
0009
fffe
fff0
0005
0002
0004
0016
0006
fffc
fffa
0006
0002
fff5
000c
ffed
fffd
0002
0016
fffb
ffff
0001
fffb
fff7
000f
fff9
fff7
0001
fffb
0000
000f
fffb
0006
000b
0005
0001
0004
0005
ffec
0000
ffff
000c
0008
000a
ffe4
ffef
0007
ffe6
fff9
0009
0005
000a
fff7
fffe
fff9
0009
0004
0014
000d
fff7
fff8
000b
0019
ffe7
002b
fffd
ffd5
fff1
fff9
0006
fff5
001a
ffef
0014
0002
0011
ff8f
0050
001a
ffba
0005
000b
0009
fffd
fff3
000d
0001
0002
0023
ffd9
0004
ffe2
ffc5
ffd1
fff8
ffac
002b
0018
ffdf
0005
ffff
0008
ffe1
005e
0005
0046
0032
0029
ffb7
0016
0014
0017
0017
0004
ffde
fffa
0004
0000
ffc9
ffe6
ffe9
fff1
000f
ffef
ffb8
ffad
ffe7
0006
fff0
0024
ffd5
fff2
0005
ffdc
fff8
0018
0016
ffd8
003c
000c
fff8
000e
000a
0029
0003
0008
ffef
fff9
ffe1
0002
0008
fffe
ffcb
ffe5
000e
fff8
fff8
ffe9
ffda
000f
ffb7
ffe9
fff0
0000
0007
ffe6
0007
ffff
fff6
fffe
ffe5
ffe6
fff9
000a
000a
002a
000d
0000
ffc7
fff7
ffce
fffa
0013
0007
ffcc
fff6
0004
ffe9
ffff
000a
fff4
ffd8
fffb
ffe4
0019
ffd9
fffa
000c
0009
0003
ffe9
0008
fff7
fff3
fff8
0013
0006
000d
001c
0002
fff1
0004
fffe
0001
001b
fffc
0006
ffef
0005
0008
0013
ffe8
fff2
fff3
0001
fffb
000c
0003
fff7
0011
0002
0005
0002
002c
fffc
0006
fffb
fffc
fffe
ffed
0000
fffd
fffb
000a
0013
0008
0015
0004
fff7
fff9
fffe
0006
ffff
0009
fff8
0005
fff6
fff6
fff6
fffe
0000
000d
0007
fff8
000d
0010
0000
fff4
0010
ffe5
0014
0006
0003
0000
ffed
fffa
fffa
0003
0002
0003
ffec
0022
0001
ffe0
0001
ffed
0009
ffe0
0005
0005
ffee
0001
0008
0019
0000
000d
0005
fffb
fffe
fffb
001e
fff7
0020
0016
fff5
fff2
ffc0
000e
ffee
000b
fff6
000d
ffd4
fffa
0017
ffb8
000b
ffdd
0040
ffdf
ffca
002f
ffd7
fff6
ffff
0008
0002
ffe8
0012
ffd9
ffb9
ffef
001c
ffce
0039
0059
000b
000b
ffe0
fffa
ffe1
0005
ffec
fff7
fff4
fffe
0003
ffb9
0010
fff5
003e
0006
ffc5
0013
0014
ffeb
0001
ffe2
fffd
ffdd
fff6
ffc6
fffd
ffd3
0018
0010
fff5
fffd
0008
0010
0002
fff8
0014
0005
ffd2
fffd
002c
ffdf
fff3
002d
fffe
0015
0000
0039
0020
fff2
0047
ffc0
0008
ffe5
0012
ffef
ffd9
ffdc
0032
fff8
0006
ffe7
fff9
ffde
0009
0007
000b
0001
000b
0002
0020
0001
fffc
0001
fff7
0007
0010
001f
fff2
fffc
fffc
fff4
0010
fff7
fffd
0018
0008
fffc
000c
001d
fffd
0007
0003
ffed
fff8
fff2
0005
fffb
001d
0003
0001
000a
fff0
fffb
000a
0003
fffc
0007
ffec
fffd
fff1
0019
000b
0006
0006
fffa
fffb
fff1
ffeb
000c
0008
0002
0016
001e
000d
0002
000e
fffe
0007
000a
fff4
fff6
0001
000a
000e
fffa
ffff
0004
ffff
fff8
fff3
ffe9
0001
0000
fff7
000c
fffe
0002
0006
fffe
fffe
fff8
0005
fffa
0000
0009
fff8
000c
000d
0003
0009
fffb
ffef
000b
0008
0006
000b
000a
fff6
0005
0004
0006
001a
fff8
fffc
fffe
fffc
0011
fff8
0006
fffc
fff8
fff8
0005
0014
fffe
ffe6
fffd
000c
0008
0012
0010
fffa
fff8
fff9
0005
001d
0009
0010
0005
fffe
ffec
fff0
fffe
0000
0017
001d
ffef
ffe4
001b
fffd
ffec
0000
ffee
000d
ffd6
000a
fff1
ffff
ffeb
0017
000b
ffed
ffec
fffd
fffc
0009
fffd
fffc
000d
fff6
0007
000f
fffa
000b
000c
ffde
0018
0010
0006
001d
0002
000b
fff3
000f
0010
ffe9
ffe8
fff8
ffcd
fff3
fff7
0002
fffe
fff4
ffe7
0002
0000
001d
0009
0000
0001
0002
ffed
000f
fffe
000d
001b
0007
0002
000c
ffe7
0011
fff5
000a
0007
0007
fff5
ffeb
fff2
ffed
0002
ffec
0008
ffff
fff0
fffc
0001
0007
fff7
0004
ffff
fffd
fffa
fff6
0008
0022
000f
0014
0010
0003
000b
fff8
0011
0006
fff7
0014
fff9
fff7
fff9
fff0
0000
fffa
fff5
000a
fff3
0002
fffe
000e
fff8
fffc
fffe
fff5
fffe
000e
0009
fff1
0002
fff9
0014
fff4
0008
fff4
ffe2
ffef
fff9
fff0
0013
0010
0011
fff3
fffc
fff8
0008
fffd
fff6
0007
ffee
fff1
000e
ffeb
fffd
fffb
0004
0012
fffe
0010
0001
0011
000c
0001
0004
fffb
ffef
0011
0001
000e
0003
0010
0008
0001
fffc
fffb
0003
0003
fffe
0001
000c
fffc
fff6
fff9
000a
000f
fff7
ffeb
fffd
0004
0001
fffe
0006
0005
000a
0005
fff0
fffe
fff6
0008
fffd
fffd
0001
ffff
0004
fffb
fffb
ffe9
fff8
ffff
0003
fff9
0004
000d
000c
0003
0000
fffd
fffa
0005
fffb
fffb
0002
fff4
0000
0002
ffff
fff7
0000
000c
fffe
fff1
0000
0004
fff6
0005
fffb
0006
fffd
fff5
fffe
0002
0000
ffff
fff9
0005
0009
fff8
0001
ffff
fff7
0001
fffd
000d
0009
0003
fffb
000c
000e
fffb
0000
0006
0003
0003
fffa
ffff
0007
0007
fffc
0013
fff1
000c
0000
0002
0002
fff2
000b
0012
0011
fffc
0008
000a
ffea
fffe
0003
0007
0005
0000
fffe
ffef
0001
fffc
0020
0000
0004
000c
fffc
fff9
000b
fff9
0009
0007
000e
fff6
0011
fffa
0007
ffee
000f
0008
0001
ffe9
0008
0004
0004
0004
fff9
fff6
0012
000a
fffe
0001
0007
fff6
0023
0003
0001
fff7
0006
0000
fffa
0004
fffe
fff3
0009
0011
fff4
fffd
fffb
ffee
fffd
0003
0003
0001
000c
fff4
fff5
0015
0004
fffa
fffa
000c
000d
ffff
fff8
0014
fff9
ffff
fffa
0002
0009
0000
0008
ffef
fff8
0007
ffff
0002
fff6
0010
fffb
0010
fff6
fff4
0007
0001
ffff
000a
fff7
0013
0005
fffe
fff5
fff8
0008
000a
ffff
000c
0000
fffe
fffb
0014
fffc
fff4
fff4
000b
0013
0007
fffa
fffa
0003
0005
ffde
fffc
fff9
fff3
0003
fff7
fff3
0000
0009
fff0
0004
000d
0006
fffa
0002
fff6
0001
fffb
ffe9
fffc
0005
fffe
0003
fff7
fff0
fff4
000a
0007
0006
fffe
fffa
0005
fff0
0006
0003
ffec
000c
000f
fff2
ffe4
0028
fff8
fffc
fffc
fff8
fff2
fff8
fffb
ffff
0000
fffc
0000
fff5
0015
0005
fff6
fffa
0011
fffe
000b
fffa
fffc
000d
000b
ffef
000e
fffa
ffdf
0016
fff0
fff5
fff0
0012
0003
0003
000c
fffb
fffa
fff4
000b
fff7
0008
ffee
000f
fffa
001d
ffed
0009
0013
0012
0003
fff3
fffe
ffff
fff2
ffff
fff8
ffe6
0004
ffe8
fff9
0000
fffa
0002
fffc
000b
0007
fffd
ffff
fffe
0007
0006
0003
0009
000d
fffa
fffe
0008
fff7
000c
0015
fff2
fff2
fff5
0008
fff5
ffff
fffc
0006
fffe
ffff
0004
fff9
ffef
0004
fff2
0013
fffb
fff9
fff6
fffe
fff8
0008
fff4
fffc
000a
fffe
000e
0008
0003
fff1
fffe
0004
fffd
fffe
0002
000c
fff7
fff8
0005
fff6
fff9
0003
0008
fff5
000f
fff4
fff3
000d
0009
fffb
0001
fff8
000c
fffc
fff9
000a
0008
0006
fff5
0001
fff9
fffb
fffd
0002
0008
0006
0002
000e
fff8
fffe
fff8
0006
fff4
fff5
ffe4
0002
fffc
0005
0003
000e
000b
0009
fff9
fff8
0008
0005
000c
0005
fffa
fffb
fffe
ffec
fff4
000d
0011
0008
ffff
0002
000b
fffb
0009
fff7
0002
ffea
ffff
fff3
fff8
fff7
0001
ffed
ffea
0000
000d
fff8
fff3
fff9
fff4
0014
0011
000b
0004
fffa
0004
0011
0010
fffb
0000
ffe6
0018
fff3
ffee
fffc
fffa
ffec
0017
fffd
0005
0015
ffde
001e
fff4
ffdf
ffd4
001d
fffc
0003
0004
fffa
fff8
fffa
000d
0007
0017
0005
fff9
0000
0015
0026
0018
fffc
001c
0000
fff8
ffe6
fffd
fff1
fffa
0009
fff3
fff8
fff2
001d
fff3
fff1
0001
0026
0006
fffd
fff6
fff7
fff0
fffb
000a
0000
fffe
000d
fff8
fff8
0008
ffed
fff6
fff8
0003
ffee
ffd8
fff7
fffc
0009
0000
000d
0005
001e
fff4
0023
fff9
fff6
0003
fff3
fff6
0000
fffb
fffc
0005
fff6
0004
fffb
fff9
001b
fff5
0011
000e
000c
fffc
fff6
fff5
fff9
ffef
000d
fff2
ffef
0017
0013
000f
fff8
0004
fff7
001f
0000
001a
fff0
fff5
fffe
0005
fff7
0002
fff5
fffe
fff5
0005
001e
fffe
fff4
ffff
fffc
fff4
0004
0003
fffd
0004
fffe
0003
ffff
0002
ffff
000c
000d
0006
fffc
fff1
0003
fffc
0002
0005
fff2
0009
0003
fff9
0004
0003
0012
0004
0003
0003
000d
ffef
fffb
0005
fffb
fff3
0012
0000
0003
fffc
0009
fff6
fff8
0004
0011
0012
0002
0005
fff5
fffd
fffe
0009
fff8
0000
0007
0008
000b
0003
0004
fff2
ffff
0001
0002
fff8
fff7
000f
0008
fff9
fffe
0001
ffed
fffd
fffb
0007
fffd
0008
ffff
0013
ffff
ffff
ffc7
ffed
fffb
0008
fffa
0017
fff6
000c
000b
ffec
0000
0019
fff0
0002
0005
0001
0025
0013
0003
0012
0018
fff4
ffff
fff5
fffa
ffea
fffe
0005
fffa
fffc
0023
0003
fff5
fff5
000d
fff6
fffe
fffd
ffff
ffe8
0007
fffe
fff2
0016
fffc
fffb
fff5
ffe9
000a
0023
0004
0002
fffd
0010
ffd7
000b
0013
0001
fffb
fffa
ffdd
fffb
0015
0003
fff2
0004
000e
000b
0006
0015
0002
fffd
fffc
0002
0004
0014
000a
000c
fffa
0002
0006
000c
0008
fffe
000f
0002
000b
fffe
fffc
0003
ffd6
fff9
fffb
0002
0009
0008
0002
000f
0004
fffc
0008
0005
0009
ffed
ffff
0011
fffc
0003
001b
0001
fffd
0018
000b
fff4
ffff
fff2
ffe1
0018
fff8
0004
0011
fffa
fff6
000e
0019
0008
ffdd
0007
fff2
0016
fff0
0003
ffe8
000a
ffff
0006
fff6
0007
fff6
0013
0010
fff6
0001
000a
0013
0011
fffc
fffd
fffa
0006
ffec
0009
fff8
fff1
fff3
0000
fff9
fffc
ffeb
0006
0003
0009
ffff
fff5
fffc
0004
ffff
0000
0002
fffd
0001
fff1
000b
fff6
0009
0018
000b
fffb
0005
fffe
fff9
0009
000e
0002
000c
fff8
ffff
0009
fff7
fff8
fff8
0000
fff2
0017
ffec
fffa
000c
fffa
0011
fff8
0004
fffa
000b
fffb
0003
0006
0008
fff8
fffa
000f
0005
0002
fff2
0005
fff0
0000
000a
0006
fff5
fffa
0006
0012
fff6
0017
0012
0004
0005
000f
0002
ffeb
fffd
fff7
fffc
000f
0006
fff1
0007
fff4
ffff
0001
0028
001b
0005
fff0
ffde
000d
ffed
0009
ffee
fffb
ffe7
0003
fff4
000d
000d
004e
ffd2
fffe
0029
ffff
fff3
0002
fff1
fff4
fffc
0021
0008
000f
0007
0002
fffa
0020
000b
fffb
000f
ffda
ffe9
003c
ffe9
0003
fff2
fffd
ffd7
0003
ffea
ffd7
ffcc
0012
fffa
000f
0008
ffff
0001
001f
ffff
000c
0005
000f
0000
fffd
001a
0001
0000
0005
0001
fffb
0008
0004
ffe4
000a
0004
ffee
000a
0006
fff8
0001
0008
ffed
ffe9
fff7
000d
0000
ffe8
0007
0006
0018
fff5
000b
ffff
ffe1
0002
0017
0010
fff5
0013
fff2
0014
0002
0008
0013
fffd
fffe
0001
fff6
fff4
fff3
fff8
fff7
0001
fffa
fffe
0004
fff2
0009
000e
fff8
000b
fffe
fff5
0008
000c
fffe
0016
000b
000c
fff5
fffd
0006
fff0
ffea
000c
000b
0003
fff4
0024
fffd
ffee
0001
0014
0005
fffd
fff4
0010
fffe
0009
fff9
000a
0005
0008
0000
ffff
0000
0002
ffe7
0004
fff9
0011
0000
fff5
0012
0006
0006
000b
0006
fffb
fff2
0008
fff5
0000
0002
0000
ffe6
fffa
fff4
ffff
fff8
0002
fff7
fffd
0004
000b
000c
0014
fff5
0004
0007
fffa
0005
0004
0002
fffc
ffff
fffb
fff8
000a
fff9
0005
0014
000a
fff9
fff3
0004
000e
fffc
0010
fffa
fff6
fffb
0006
fffb
fff1
fffc
fff1
ffee
fff9
fffa
fff2
ffe2
0003
0012
0001
fff8
000c
ffff
fff9
fff4
001b
fffd
0006
fffd
000b
0007
0006
000f
fffa
ffec
fffc
0015
0000
fff8
fff0
ffea
ffe2
000f
0010
0016
fff2
fff6
0008
fff5
000d
0016
0003
0012
0030
0000
ffef
ffeb
0021
fffd
fff0
0011
0010
0000
0002
fffc
000e
fff7
fff6
fff2
000e
fff7
000e
0001
fffd
0007
0006
ffeb
0008
fffb
0000
0006
0009
ffe9
fffc
fffa
ffff
fff6
fffe
ffee
0003
ffee
ffef
fff2
000f
0006
0019
0016
0032
fffe
001e
fff0
000b
ffff
0006
0010
0014
0008
0006
ffed
fff9
000a
0005
ffed
fff4
fff3
fffc
fff1
fff7
fffb
ffe5
fff4
fffa
fff4
0010
ffd9
002b
0000
000e
0013
001e
fffb
0004
ffed
000c
fff7
000a
0004
0005
0005
000b
0005
000c
000e
000c
ffef
ffee
000f
ffff
0005
0008
fff9
fff2
fff8
0010
fffe
fffc
fffd
000a
fff6
fff5
0005
0002
fffc
0009
fffc
000f
0001
0009
0001
fff7
fff3
fff9
fffe
000d
fff5
fffd
fffb
fffd
fffe
0007
fffa
0007
0006
0012
fffe
000a
000b
0009
0001
fff0
fffd
fffb
fffc
fffa
fff4
fffe
0010
fffe
fffc
0012
fffe
fffe
fff8
fff4
0005
fff3
fff6
fffa
fff7
fff3
fff0
0003
000e
0002
0005
fff3
0001
fff7
0009
0001
ffff
0001
fffa
0007
0016
ffff
0017
000b
0022
fffe
0007
fffc
0007
fffd
0005
fffd
000e
fffb
fff9
0005
000a
0000
0010
0004
fff9
fffd
0001
0007
fff1
0009
fffd
000c
ffec
000a
000d
ffff
000a
0014
0014
0007
0006
000d
fff5
0001
fff0
fff8
0006
fffd
0011
0010
fff8
0007
fffc
fff3
0015
0008
0001
0018
fff4
0002
fff4
0007
000c
0003
fff3
000d
fff8
000e
ffff
fff5
0003
fffc
fff9
fff3
fff5
0006
0003
0002
0013
fff9
fffc
0003
ffec
0007
000e
0002
ffd0
fffb
0003
ffe2
fffa
0010
000c
ffe6
0001
fffd
ffee
0002
0000
000f
0000
ffef
fff2
0013
fff3
0011
ffef
0009
fffe
0011
000c
0008
fffc
000b
fff0
fffe
0006
fff5
0003
000d
0003
ffff
0004
000e
0004
0000
ffff
0012
fff7
0001
fff8
000f
fffc
0006
0007
fff5
0001
000e
001d
fffb
fffb
000e
fff5
000d
0004
0005
000a
fff4
0019
000d
fff2
000c
0009
fff6
fff0
fff6
fff6
000b
fffe
0004
0003
000b
0009
fff8
0006
fff2
0007
0005
000c
fff6
0005
0008
fffc
0003
fffe
fffc
ffff
fffe
ffff
fffc
0001
fffc
0003
fffe
fffa
fffa
0019
fffd
000c
fff8
fffe
fffe
0002
fff9
0001
0005
000b
fff9
0001
ffea
0001
fffd
0009
fffa
000a
0001
fff5
0007
0008
0006
0004
fff3
0000
000f
0008
0001
000c
0007
fffe
0001
fff6
000b
ffff
0004
0011
fffb
000b
0007
000b
0005
000d
fffc
fff6
0003
001a
fff0
fffe
ffea
000f
0007
ffff
0010
0007
0012
fff8
fff9
0001
000d
0002
fffd
fffb
ffff
fff0
000b
0002
0000
ffff
000d
0003
000d
000b
fff6
fff9
ffff
000a
ffec
0002
fffe
fffd
0003
0007
fff6
fff8
ffff
fffa
ffec
ffec
0008
0010
ffff
0013
0003
fffb
0011
fff1
0003
fffc
ffec
fffe
000c
fff6
fffb
fff8
fffb
fffd
ffe1
0010
fff7
fff2
000d
ffeb
0009
0003
0001
000d
0011
ffed
ffec
0006
0007
0007
0003
fff9
fffb
ffe1
fffb
0004
0000
0007
fff3
fffa
ffed
0001
001e
0012
0021
fffc
fffb
ffe7
0027
0007
ffff
fff0
fffa
fffa
0009
001f
fffa
ffd8
0003
0012
000a
000a
0013
fff7
000b
fffe
0009
0001
000c
001e
fffc
ffea
0012
0012
000b
0010
0024
fff0
fffe
ffda
000e
000b
000b
ffe8
000b
fff1
ffff
0002
0004
000c
fff4
ffe8
fff8
ffed
fff3
fffe
fffe
0000
ffe6
fff1
fff6
fff2
0010
000e
000a
0001
0004
0004
0010
fff8
0008
fffe
000c
000b
0004
fff7
0000
0001
0013
fff4
fff9
fffa
fff9
000f
fff8
0009
fff7
0000
000d
0012
fff9
0001
000d
0001
0000
ffff
0000
fffb
0011
fffd
0005
fff7
000c
ffff
000b
fffb
fffc
0007
fffa
fffb
0006
0003
fff9
fff8
fff8
001a
fffd
fff8
fff7
ffff
000c
0008
000f
0002
0003
0009
fff6
000d
fff5
0007
fffa
fff1
fff8
fff9
001b
ffed
000d
ffff
fffb
0008
0006
0004
fff7
0008
0002
ffe7
fff7
001f
fff3
fff0
0018
0001
fff0
0003
0022
001c
ffee
0005
ffea
0002
fff8
ffff
fffb
fff7
0009
000b
0021
ffee
0008
0005
ffe0
ffef
0027
fffb
0001
0007
ffff
ffca
0009
0035
000a
0002
002f
ffff
ffed
000a
0019
0029
ffe3
0016
ffc9
ffdc
000a
0011
0033
ffef
0016
0003
0001
ffc7
0044
fff3
ffd0
000b
0023
000e
fff6
0004
000e
fff3
0000
001e
0006
0011
ffe9
000e
fffc
001b
ffd9
0006
fff8
fff4
0007
ffe6
000b
0001
0015
0036
fffe
0010
fff4
ffce
fffd
ffcb
0013
001f
003d
000e
0002
0007
0000
0018
0002
0019
0004
001a
ffec
0004
ffee
fff0
ffd1
ffeb
ffff
0006
0009
fff4
ffef
000b
ffe1
001e
0003
0016
fffa
fffc
fffc
ffdd
000f
fff6
0012
ffff
ffff
001c
ffff
001a
fffe
002c
0007
fff4
ffdd
fffe
fff3
0005
fffa
0003
0001
ffef
001f
fffa
ffee
0009
ffd5
0028
ffe6
000a
0012
ffff
fff8
000a
000a
001b
ffeb
000f
0004
0017
ffef
0001
0008
ffeb
0008
0010
0004
fffe
0010
ffed
001a
0011
000b
0003
ffff
0017
ffe9
0003
fffa
fff5
000a
fff9
fff4
0014
fffd
0002
0007
fffa
0000
0005
000a
fff8
fffb
0002
ffef
000e
fff5
fff6
0000
fff0
fff2
000c
0007
fff8
fffd
ffff
0002
0001
fffd
fff9
fff7
fff9
0004
fff0
000e
fffc
0012
ffe6
0005
0005
ffd6
fffd
0002
0002
0005
ffe9
0010
0001
fffb
fff6
0019
0008
0015
0006
0003
fffa
0008
000f
fffd
ffef
0012
000c
0017
ffe9
000e
fff8
001a
001c
0005
ffbb
0043
0073
ffc2
0008
fff2
ffdc
0000
ffc0
fff8
ffbb
0003
0009
0057
fff8
ffbc
ffc5
0037
0021
fff0
fffb
ffb2
fff1
ffbc
000c
0014
ffb5
005d
fff8
000e
0084
0019
fff2
0030
0003
ff95
fffd
fffc
000c
0006
0021
fff9
ffe5
0015
002a
ffe6
fffc
001d
ffce
0004
0008
0001
ffde
0030
0000
000e
0013
ffe3
000b
000b
ffff
ffe5
001f
ffce
0010
fffc
002b
0029
000a
000b
ffea
000f
002a
0005
ffeb
000f
fff8
0006
0006
ffe1
fff4
ffe6
ffe3
0004
ffbe
001a
fffb
0015
0002
0007
000b
fff8
fffe
000f
ffea
ffe1
fff4
0019
fff6
0024
0005
0001
0006
0003
002d
0003
fffd
0011
fff6
ffae
0001
0011
000e
ffff
ffd4
fffc
ffe0
0022
0009
0003
fffa
ffd4
003e
fff1
fff7
0002
000c
ffe3
ffeb
0020
fff9
ffec
0001
fffe
0014
000a
0006
0004
0001
000d
0016
0012
fff5
0016
fff5
0005
ffe7
0013
000e
fffa
000b
0001
fff5
0009
0008
0001
000c
0007
0014
fff9
fff5
0006
ffef
fff4
fffe
fff7
0000
fffa
fffb
0008
000a
0002
fff6
fff6
fffc
fff3
001c
000b
fff5
fffb
000a
0005
fff7
000c
fff6
fffe
fffa
fffc
ffff
fff7
fff9
0013
0018
ffd5
fff1
fff7
fffc
fffa
fff0
fffc
0026
0007
ffc0
0016
fffa
0009
fffa
001a
fff2
0005
fffa
0023
ffdf
fff4
001b
0020
ffff
0012
0008
ffed
fff5
ffd7
000c
ffd2
fff4
002d
004e
ffec
fff4
0006
fffe
000a
fff0
ffee
ffc1
fffd
fff0
000e
0005
ffe0
ffcb
0004
0027
0038
fff5
ffdb
004a
ffb3
0003
ffe8
000d
0019
0009
ffce
0031
000c
0017
0002
fff3
ffae
ffef
fffd
0046
000c
ffe4
fffa
ffb0
fffb
003c
0011
fff8
003b
ffc0
0011
0026
0041
0015
fff3
0004
000d
000b
0015
0006
0024
ffee
ff99
000c
fff6
0010
0018
fff4
ffe4
0012
fff9
0001
000d
0000
0017
fff3
0001
fffb
0025
fffe
fff0
ffdf
0042
0022
fff5
0014
0003
002f
ffe1
fffa
fff3
fff6
ffd8
fff8
ffe1
0015
000f
001f
0001
0019
002e
0003
000c
ffe8
fff4
0001
0003
0007
ffff
ffe9
fffc
0001
ffeb
001b
0012
000b
ffff
0009
fff5
001b
ffd6
0001
ffea
000d
ffd9
fff6
0014
0015
fff2
ffec
001c
0009
fff4
fffb
fff3
fffe
000a
0013
0006
0014
0004
0016
fffb
fffe
0018
0006
fff0
ffe0
0004
0005
ffee
000b
fff7
0004
000e
fffd
0000
fff8
0019
fffd
fff8
0010
fffb
fff3
0007
0000
0009
0010
0005
ffe8
fffb
000d
0008
0004
fff5
fff4
000c
ffed
0011
0017
fff8
fffc
0001
0005
0006
fff9
fffd
0005
ffec
000d
fff6
ffe9
0008
000f
fff5
ffea
0014
0004
0004
0000
fffd
0012
fff6
000d
fffe
0013
0014
fffb
0015
0027
0008
ffef
0009
fff4
ffe4
002f
fffe
0009
ffd9
000f
ffdd
000b
fffc
fffc
fff8
ffe5
0025
0015
0007
fff1
0004
fff4
0007
ffeb
0002
002b
0006
ffd9
0001
fffc
0000
0020
ffe7
ffc7
fff0
fff0
ffa6
0009
ffee
0009
ffe2
fff1
ffed
fff6
0041
002c
ffd4
0000
0002
ffd2
ffa4
0015
0009
002a
000a
0017
fff8
0001
0003
0032
fff0
0001
0052
ffed
000a
fff9
000b
002a
0001
ffff
0029
fffc
fff9
0009
0032
fff0
fffb
0032
fffb
fff8
fffc
ffc1
ffdd
0009
0001
0018
0000
0011
000b
ffde
fff8
0023
0021
0005
0016
fff3
0024
ffe8
0026
002a
000c
fff7
0019
0005
000a
0005
0039
fffc
fff1
fff8
003a
ffff
fffc
ffe8
0000
fffd
000b
0016
000b
0001
0008
fffb
0002
fffa
fffa
fffb
fff8
0007
000d
0018
0000
0014
0016
0007
fff5
fff8
0008
0009
fffa
fffe
fff7
fff1
0010
0003
000f
001a
fff7
000d
fff2
0003
fffa
001f
ffff
0000
000b
000b
fffe
fffe
0009
fff7
ffe4
fff3
0007
0003
fff1
0006
0014
ffec
fff8
000b
0008
0008
000d
ffea
fff3
0000
0006
ffe9
000d
0009
000b
ffeb
0009
0008
0005
ffec
0002
fffb
fff1
ffff
000a
ffff
fffe
0002
fffb
fff4
fffd
fff4
0007
fffb
fffb
0002
0012
0005
fff4
fff7
fff9
fffd
0005
ffe7
0008
ffff
0007
0017
000c
0003
0000
0019
fff8
0032
fffa
0001
0016
0000
fff8
ffe8
0016
0017
ffe9
0013
ffef
fff7
fff3
000d
fffb
0000
0007
0009
0012
ffde
0037
fffb
ffde
ffec
0003
002e
fffe
0002
000a
fffe
ffea
0010
ffda
ffe7
002b
ffc9
ffe0
ffc7
0016
fff6
ffca
ffea
fffe
0002
fff3
001a
001c
0002
001b
000c
0035
ffd9
0034
fff7
fff6
000e
ffff
fffb
0001
0003
000e
ffee
fffd
ffbc
0002
ffff
0000
ffd6
ffe8
fff3
ffde
fffe
000a
ffbb
0033
fffc
0009
0020
0022
0007
0026
ffef
0015
fffd
001e
001a
0003
0000
0001
fff0
fffa
fff4
fffe
ffe4
fff6
ffec
000d
0006
ffe1
ffe7
fffb
0002
ffe8
ffee
0016
ffd4
0017
fff9
001a
001a
0033
000b
0002
ffdf
002b
0003
0005
ffff
0007
0003
fff3
0017
fff5
0001
0007
ffdf
0004
fffa
fffd
0003
ffff
0018
fff4
fffd
000c
fff8
0017
fff0
fffd
0005
0008
fffe
0006
fff5
ffe3
fff1
fffe
0005
fff8
0008
0000
fff9
0009
0001
000a
0007
fff6
ffed
0009
000c
ffe7
ffee
fffc
ffff
ffe6
ffed
0009
fff4
0004
0005
0001
0001
fff7
ffee
0009
0004
ffe7
fffe
0003
0005
fffa
fffb
fffc
fffd
0005
0009
0000
ffec
000e
0002
0005
fffe
fff5
fffe
0007
fffb
000e
fff0
fffe
0005
fff5
fff1
fff4
0006
fffc
ffff
0019
0002
0007
fffa
fffa
0008
0014
fffc
fff3
000a
0007
fffd
fff3
0005
fffa
001d
fffa
0003
0003
fff8
fff2
000b
fff1
0000
fff6
0002
0008
ffe4
000a
0001
ffe8
ffee
0007
000e
0010
fffd
000e
0004
000e
fffd
0010
0005
000f
ffea
0003
0001
ffff
000b
000e
ffc1
fff2
0004
ffe5
fffe
0000
000c
ffd7
ffe2
0009
fff0
0004
fff7
fffa
ffea
ffd3
fffe
0011
fff0
ffe9
0012
0013
0017
002f
fffc
0008
ffc8
000b
000b
ffeb
ffee
0008
ffb2
0003
0006
ffc4
0018
0017
0025
0001
fff1
000b
ffe9
ffdb
0009
0002
0009
ffdc
0000
000a
fffb
fff9
0008
0018
000a
0011
fff3
fff4
ffee
fff9
0002
fff6
0007
fff7
ffe0
fff1
0004
fff2
000d
0009
0004
0008
0005
000f
0007
fffb
0006
fff4
0001
ffe9
0000
0016
0003
ffee
0003
fff6
000b
fff0
000b
fff4
000a
ffed
0018
0000
0001
0001
0008
ffeb
000d
fff4
0019
fff8
0002
fffb
fff9
0002
000c
0001
0003
0000
0001
0000
0006
fffc
0016
0000
000f
fff3
0003
fff8
0001
fffd
fffc
0002
0008
0005
0006
0019
ffff
000d
fffb
fff3
fffd
0004
fffa
fffc
0004
0005
fff8
0005
0005
ffff
0001
0002
0004
0001
0006
0004
0017
fff4
ffec
ffff
fffc
fff6
0006
fffb
0013
0004
ffff
0001
0000
000c
000e
0013
0006
fff4
fff2
0003
0015
fff8
000b
0008
000c
0009
000f
fff0
0003
ffea
fff2
fff5
0016
0017
ffef
ffd4
0004
ffe9
fff1
000f
000a
fffb
ffd6
0012
ffff
0011
000a
0010
ffc5
0001
fff0
001d
fffa
0010
0018
0010
0007
0003
0009
fffe
fff9
ffd7
004c
ffea
0024
001a
ffed
ffd2
fffe
fffb
ffff
0000
fff4
0009
0002
0001
ffe9
ffe0
0009
fffa
ffb0
fffd
001d
fff2
ffd2
fffd
001a
fff8
fffe
ffe9
0015
fff1
0008
ffbd
000e
fffe
000c
002c
ffd2
ffbc
0000
0001
0009
fffc
0006
fffe
0018
0007
fff0
ffed
0005
ffec
ffc2
0007
0009
ffef
0019
0013
001b
ffe7
fff9
fffa
002f
000c
fff7
ffcf
fffe
0028
000f
ffda
fff4
0022
0006
fffc
0039
ffff
fff9
0006
0001
000a
0008
000a
fffa
fff0
fff2
0002
fffa
001e
fff8
0002
0001
ffff
000d
fff0
0010
0024
ffe8
ffd1
ffdf
000f
0006
0010
0005
001c
ffee
fffa
0005
fff6
0001
000c
ffc3
0013
ffee
fff2
fff7
fffe
ffe7
ffe6
ffe7
0022
ffe7
0001
0014
000d
fffd
000e
0007
0026
fff7
ffeb
ffeb
000e
0003
000d
000d
fff5
fff7
0007
fffd
fffe
fff5
ffff
ffea
fffb
0017
0006
fff5
0001
fffa
0009
fff8
0013
000c
fff9
000b
0005
fff6
0008
fffc
ffff
fff1
0004
0002
0008
0007
0014
0024
fff9
0003
0003
0008
fffc
fff1
fff7
0024
0007
ffff
ffec
0012
fffe
ffe0
0002
000b
0005
0011
000c
0019
ffe7
fff7
ffee
0009
ffe8
0012
0013
0016
0014
fff7
002c
fff9
fff3
0004
0006
fff3
fffe
fff5
0006
0014
fff4
fffd
ffd1
000f
0020
ffc4
ffe5
0013
0016
ffe1
0012
0014
ffee
ffff
ffe0
0022
000d
0001
ffe1
ffd8
0017
ffb6
0053
002b
001a
0009
000b
ffe1
0007
0069
fff9
ffde
fff5
0022
ffdf
000f
fff5
ffe2
ffed
0004
004d
0025
0077
0033
ffc7
000c
ffa1
001b
0000
fff8
ffea
004f
ffea
0015
fff8
fffb
ffa6
001a
fffa
fffd
fff9
008d
000c
0028
0003
ffe9
ffe2
000b
0026
fff7
ffb4
ffd1
ffd7
ffec
0081
ffe0
001f
fff9
ffbd
ffd8
ffb5
001a
0019
0035
ff8d
003c
0028
0019
ff88
fff8
fff1
ffc8
fffe
fff2
0001
ffff
fff3
ffe2
0053
0006
ffcc
001c
0032
0005
ffd4
fffd
ffda
ffdd
fff1
0004
0013
ff90
fffe
fff3
000e
0068
ffd5
000b
001b
001e
ffbf
fff8
ffed
fffc
0008
ffd8
0003
0013
fff8
0009
0040
ffff
ffee
ffdd
0041
0044
ffd1
0010
fff4
0000
fffc
0006
fffe
ffc6
0008
0008
ffd3
0024
0005
0007
fff8
0026
ffe2
ffed
fff7
0032
0003
ffe5
0002
ffed
fff0
0027
002f
fffa
fff5
ffe3
0016
001b
0005
000c
fff9
0007
ffea
fffd
fff7
ffed
0002
fffc
ffc6
0007
0020
ffdd
0027
0005
0008
0012
0003
fffe
0001
ffec
000b
000b
fff7
fff3
ffd5
fff5
fff7
fff5
ffd4
fff3
ffe5
ffec
ffea
ffe5
fff9
000f
0007
001a
0008
fff8
001b
0004
fff3
fff9
fff0
ffdd
004c
ffff
000a
0009
0004
ffee
000e
ffe4
0003
001c
ffbf
fff7
ffd4
0022
ffbf
ffb4
005e
ffd8
0016
fffa
0020
0005
0019
005f
0018
fffb
fff1
ffc4
0025
fffe
fff1
0025
004f
0004
fffc
000b
fff9
0016
ffff
0007
000d
fff9
ff83
ffff
ffe6
0081
ffb4
ffc1
fff6
001b
003a
ffc7
004a
000f
ffdd
0033
ffc1
ffe7
002c
ffd7
0008
0041
0004
ffea
ffce
fff7
0006
003b
0010
0027
fffe
0058
0012
ffe1
ffda
0002
0045
0055
ffe2
ffd9
ff84
fff3
0063
ffd9
0063
0010
ffae
ffbf
ff9b
0014
0050
0031
ff75
004b
0020
ffd9
ffc5
fffb
0003
ffc4
0019
fffb
fffc
0036
0009
ffbd
0068
0002
003d
0047
0053
ffe4
ff94
002f
fffe
ffde
008f
0005
003b
ffc0
ffe7
0007
0055
0022
fff7
0048
ffc7
ffa6
ffa8
fffc
000c
fff7
0001
ffe3
0000
0020
0003
ffd8
0071
fff2
000b
0065
0065
0012
ffa5
003e
ffc3
ffd7
0074
fff3
0050
ffb1
0028
000c
0011
fff8
fffa
fffd
ffc7
ffee
ffec
fffb
0001
000c
fffe
001e
0000
0003
fffc
000e
0000
fffa
0009
0015
0007
fff4
fff4
0015
0002
ffdb
0003
fffe
0009
fff4
0008
fffd
ffe3
0011
0002
fff3
ffe6
001d
0016
fffb
0009
0003
0011
ffe1
0010
000a
0008
0010
ffef
fff3
fff7
0031
0006
ffd4
0008
fffd
ffc2
0002
ffef
fff8
fff8
0002
fffc
0011
fffa
ffff
0006
ff9f
ffa0
ffc5
002f
fffa
000a
0041
0009
ffc8
000a
0032
0002
000f
002c
0002
ffdd
001a
0004
ffc0
ffb0
005f
fff8
ff6c
0036
fffc
ffff
0017
0062
ffee
002a
ff92
00a1
ff8d
ffab
ff91
0047
0012
0007
fff9
000b
0029
0006
0060
fff0
fff8
0021
fff8
0026
0079
ffd2
ff8d
ff89
006c
000f
ffa0
0049
fffd
ffea
0003
0028
ffe4
0095
ffd8
003d
002a
ffe7
ff88
0051
fffd
fffb
ffdb
0011
0036
0004
fff3
0003
ffc1
0009
0000
0014
0040
ffca
ffd2
ffe5
002f
0030
ffe1
0079
0015
000a
ffdd
0027
001e
003d
ff97
001f
004f
0026
ffa4
0017
fff1
ffff
ffc2
0005
0043
0008
ffbb
ffff
fff8
ffb1
0000
000b
0010
ffdf
0004
0028
fff4
0056
0005
0058
fffd
ffeb
fffc
fff2
0018
ffc4
fff9
ff91
0020
ff92
ffdc
003e
ffff
000a
0006
fff9
fffd
000d
000c
0006
002a
ffda
000d
fff3
0030
0003
000f
fffb
0041
000e
ffbc
001b
fff3
fff8
0003
ffe4
0008
001a
ffce
0019
ffff
ffcd
fffb
0006
0007
0000
000d
fffc
fff5
000b
ffe5
0003
001a
0011
0003
fffb
fffa
fff6
ffec
000a
0002
0013
ffd8
001a
000b
0008
0007
000d
0004
0006
ffea
0015
fff7
ffe0
001d
ffcd
fff5
000a
001e
0002
fffd
ffff
0006
fffb
0012
0027
fff8
000a
ffe0
000c
0008
ffeb
002f
000e
ffed
0009
0000
fffc
ffea
0038
0006
ffee
000f
0026
003e
ffa9
0050
ffb3
0006
fffc
0045
fff1
0002
0001
000b
fff1
003a
0030
fffe
ffdf
ffcd
0052
00a3
ffc4
0053
0044
ffdf
ffc2
0003
ffef
ffae
0014
fff5
ff9a
ffc4
007c
ffdf
ffa1
fffc
0048
0009
fff4
ffcf
0006
ffef
fff6
fffc
0001
0021
0006
0016
ffb8
0047
ffd8
001d
ffea
fffe
0040
ffc8
ffef
0002
0007
ffc9
002a
0018
000f
ffe2
ffeb
ff9b
0016
fff8
0027
0020
0007
000a
0009
ffdf
001a
000c
000c
0024
ffdc
fffe
fff3
0021
ffde
fff8
0001
0007
ffe5
ffd2
0014
0005
ffc8
fffe
0002
0026
000a
0007
0034
ffd3
0033
0045
004e
fff9
fffc
fff0
fffd
ffe7
fffa
0035
fffe
ffd0
0012
fffb
fff0
002b
ffd3
ffe9
fff0
ffb0
ffad
ffc3
0004
0004
0012
0002
0018
0013
0065
ffed
ffc8
ffeb
ffc2
fff7
004a
0010
000c
0005
0000
ffe9
fff4
001c
fffb
fffe
000b
fffa
ffe6
0045
ffe2
ffd4
000a
ffdd
0007
ffbe
002a
fffa
0034
fff0
0038
0018
003b
ffd5
fff4
0010
fffd
ffff
0015
0006
fff9
0010
0002
000c
fffa
0004
0004
fff2
0005
fff4
fff9
0002
0000
ffea
0007
0004
0007
0000
0010
ffef
0012
0007
0011
fff5
0010
ffe4
fff7
0019
0003
fff3
000e
fff8
0004
ffda
0004
0000
fff5
000e
0009
ffd4
fff4
fff0
0005
fff5
0000
0008
ffe7
fffc
0013
ffe8
000b
fffa
ffff
000d
ffec
000c
fffa
ffeb
001b
0057
ffc9
0007
004f
fff9
0003
ff6d
000a
0026
000c
0031
ffff
ffbc
0028
fff2
ff9f
0038
0036
0054
ffe8
ffff
002c
000f
ffe9
0003
0014
fff6
ff93
000e
ffe0
ffbf
ffd6
009b
ff49
0021
00a4
000e
000a
ff93
000f
0027
000b
0021
fffa
005a
0031
fff6
ffe6
007d
003b
0046
0025
ffb7
000c
0048
ffc8
fff2
ffe8
fff1
ff8d
000b
ffda
ffbc
ff6e
0039
ff8e
ffe5
fff8
0010
0008
003b
fff3
0025
fffd
0010
0007
0087
001a
0001
0058
0068
0022
fff7
001d
0019
ffb7
003a
ffe0
fffc
ffbe
ffd9
ffcd
fff7
ffe5
ffc8
ffa2
0014
ff8b
0009
0017
000e
0013
0025
fffc
fffe
fffb
002b
fffd
0039
0019
fffe
001f
0043
ffed
ffcb
0013
000a
ffd8
fff5
002f
0009
ffdb
ffcd
0011
000c
0014
fff8
ffd1
ffe5
ffdc
ffe4
0028
fff1
000e
0000
0008
000b
0003
0015
0005
0003
fffd
000c
fffe
0024
ffd6
ffdc
fffe
0004
ffff
ffef
002a
0001
0013
fff0
0011
0011
000b
ffed
0007
0003
0007
000e
fff6
0009
fff8
000a
0004
0001
fff7
000a
fffb
0002
0004
0001
ffff
000a
fff1
fffe
fffa
0003
fff8
000a
000a
0007
fff3
0003
ffff
fff4
000f
ffff
ffea
0008
000a
fffc
0007
0005
ffff
fffa
0004
0001
0004
0002
fffc
0000
fffc
0003
0007
0001
fffa
fffe
0003
fffc
0000
0007
fff5
0008
fffa
fff2
fff5
fff4
fff6
000d
0001
0006
fffe
0000
0004
fffd
0005
ffef
0003
0019
000b
0000
0008
fff5
fff9
fff8
ffff
0005
0016
0005
0006
000b
000f
fff5
fff5
000a
fff3
fffa
fff0
0018
fffb
fff4
fffd
000c
fff1
fff8
ffff
000b
0008
0003
fffc
001f
fff6
ffe9
0002
0011
ffff
fff7
0003
fffe
0008
000b
000e
000c
0003
0002
0008
0007
ffdd
fffb
fff6
000f
ffea
0002
000a
0002
fff3
fff7
fff5
0004
fffb
0018
0012
000d
0005
fffc
fff4
0018
0005
0009
0006
0003
0009
0003
0008
000b
0009
000b
000a
0009
ffff
0003
ffed
0005
000f
fffb
fff8
0011
fffc
fff9
fffe
0005
fff7
0000
fffd
0005
0009
fffa
0003
000c
0003
0013
fff3
fff7
fffe
fffa
000b
ffff
0006
000f
fff7
fff8
000a
fff6
ffff
fff6
0007
fff4
ffe7
0007
fff7
0011
0003
fffd
fff1
0002
fff6
ffff
fff3
000a
fff2
fffa
ffff
fff1
fffe
0009
fffd
0008
fff8
fff6
fffa
0000
0006
fff6
0003
0001
fffa
fffa
0005
fff5
0003
000c
0000
fffc
0014
0007
0001
0002
0001
0004
fffe
0007
fffd
0018
fffa
fff9
0000
fff0
fff6
0003
fff7
0012
fffb
fff6
0000
fffc
fffb
000c
fffd
0003
ffff
0006
0013
0017
fff8
fff0
0009
ffef
fff8
ffeb
0008
0004
fffc
0008
fffe
000e
fff5
fff4
0006
0003
fff3
ffff
0010
0002
0011
000e
0017
0002
ffec
000a
ffca
fff6
fff5
0003
0005
0015
0011
ffc6
ffe7
0002
fffb
fff4
000a
000e
fff3
ffc8
000b
0000
0016
0002
0000
ffe7
0016
ffe6
0029
0009
000a
000f
0029
fff7
fff2
0001
fffd
0003
fff6
004e
fff9
0038
0022
ffd0
ffe8
000c
0005
ffec
0003
0024
fffc
ffed
0003
fff4
fffa
0002
001f
ffec
000a
000c
ffd3
ffd6
ffef
0007
001c
0009
0003
fffb
000e
0003
fffd
fffd
ffe7
0024
0031
ffd9
ffae
0002
0004
ffd9
fff7
003b
0018
000f
0000
ffd9
0028
000d
000b
ffec
003b
0021
ffdb
0009
000b
0010
0008
ffee
0019
0026
0006
ffeb
003b
0013
ffe7
000a
0040
0019
ffce
0001
0012
ffe9
000a
000b
0005
ffd9
0000
ffcd
0003
0000
ffea
ffc1
000e
fff4
0007
ffdb
003a
002b
ffd9
000d
ffff
0017
001d
fff5
000a
001f
ffd1
000e
fff9
0011
fff9
fffb
ffff
ffde
ffff
fff8
000c
fff6
fffb
ffe0
0015
fffc
0001
ffd6
fffb
fff9
0018
ffd5
fffe
0015
0000
0001
0026
0005
001d
fffd
0000
0004
0008
fffd
fff6
fff3
fffc
0009
000e
0006
000b
000e
fff1
0003
0007
fffc
ffff
0017
0002
fff4
0000
fff0
0007
0019
0003
0007
fffb
fffe
0006
ffff
fffb
fffd
fff7
000b
fffd
0014
001c
0017
0013
fffb
0004
ffef
fff6
fff0
0014
0011
ffff
fff8
fff0
fffc
0005
ffd5
000c
0024
000d
0016
fffe
001f
ffe9
fffe
fffa
0019
ffd8
0000
000c
000c
000d
ffef
fffe
ffdd
ffd7
000a
0007
fffc
0005
0001
fffa
fff8
0003
0004
0004
0000
004b
ffe9
000b
fffb
0008
ffd1
0002
ffec
0000
fff4
ffec
0010
0015
000a
ffff
0025
fff4
0009
001d
0022
ffe0
0001
0001
ffbe
fffa
001d
000a
ffb6
fffb
ffc6
0075
ffff
ffe6
ffe9
fff6
fff0
001b
0000
ffe3
0016
fff7
0004
0060
ffd0
005f
ffef
002f
005e
fffc
004e
006a
001b
ff80
0015
fffd
ffe5
ffff
ffe0
0016
ffb5
0002
ff86
006b
0003
0023
ffac
ffdb
ffe5
fffe
ff4f
ffa0
ffdc
004b
fffc
00e4
001a
0098
0009
ffc8
000e
ffbc
0081
005e
001d
ffcf
fff8
0007
ffd4
fff7
ff6f
0003
0008
fff6
ffbb
0079
0001
ffbb
ff8c
0014
003e
ffd7
ff80
ff9b
000e
0005
000d
00ea
0009
0091
001b
ffe5
ff9d
0045
000b
000f
0029
ffeb
fff0
fffc
000b
fffd
ff6e
0000
0002
fff5
fffd
0051
000d
ffbb
ffd1
0023
0041
fff7
000a
ff95
0010
ffe3
0007
0058
fff9
0047
000e
fff1
fff4
0060
0004
fff8
0015
0005
0000
fff8
0001
0006
fff2
ffec
fff5
001c
0005
0008
fffd
000d
ffec
fff8
ffff
fff9
0005
ffff
ffef
ffff
000a
fff6
fffb
000d
fff6
fff8
ffec
000b
ffd8
0056
002b
ffda
0002
fff7
ffea
000c
fff1
0000
ffee
0009
ffee
ffe8
fff9
0003
ffae
ffd4
0021
fff1
ffe7
fffa
0032
ffe7
fff6
fff7
0004
0008
fffa
0008
0046
ffd9
fffa
0014
0015
ffdb
fffa
0010
0001
fffe
0035
000d
ffb3
0003
fffd
001e
0006
001f
001b
fffe
ffc2
0077
ffbd
000a
0033
fffe
fffd
0031
0011
0026
000b
000f
0042
ffb5
0061
0001
0038
ffdd
fffe
0005
ffde
0008
ffaf
0008
fff9
0014
ffdc
0013
0010
fff4
fff8
0017
001d
fff2
ffb4
ff9b
004d
000f
000d
0033
fffa
0007
0000
ffd2
fff2
ffd4
006a
fff3
ffbf
0010
0021
0009
ffca
000e
fff8
0008
0071
0009
ffbf
ffe9
0013
002c
0046
ffc9
ffc8
ffb1
ffa1
ffe4
ffcb
006a
000d
0058
003d
fff8
003f
0013
ffb2
ffd5
fff8
0035
fff9
00a7
0014
fffa
0015
0004
ffa5
000a
ffae
fffc
000e
fff0
0006
ffa3
ff4b
ffa8
000a
001c
ff9e
ffe8
ffb8
004e
0003
0071
00d6
00b9
0016
fff7
ff0b
00fe
ffa3
001f
fffd
003f
fff9
000e
0043
000b
ffc6
0009
0031
0008
0047
ffdf
000a
ffed
ffbe
ffd8
ffee
0003
0025
ffec
000a
ffce
0002
0009
0056
0041
fffc
000e
ffe4
0064
fff8
0004
0003
fffe
0001
fff7
0003
fffc
000e
ffe8
0000
fff8
001d
0003
ffea
ffff
0004
fffc
ffff
0004
fffe
fff7
0003
0018
0001
fffe
0001
000b
fff0
0006
ffdf
000f
ffd6
0033
0039
fff1
0007
fffa
ffe7
0009
ffeb
0016
ffd0
0001
ffeb
0003
000e
fff6
0002
ffc7
ffc0
0021
ffcb
ffd3
0001
ffec
0003
000c
0006
fffb
0013
0016
003f
ffbf
ffdd
0069
0041
ffed
fff4
0001
ffcd
0000
ffe2
fffd
0006
fff8
ffa2
0041
0014
ffc8
0020
0026
ffc4
fff4
001b
ffb6
fff6
0004
0006
002a
0003
0015
fff2
008d
002c
fff0
0021
ffd0
ffb9
0018
000b
0010
0039
fffd
ffee
0007
007d
000e
000f
fff4
fffa
0063
003b
0002
0011
ffb4
0003
ffbf
0051
ff9c
000f
000d
0008
fff6
ffb5
0043
ffdd
fffb
001c
0009
ffef
fffe
0006
0017
0020
0008
004f
0011
004e
ffe5
ffdc
ffdc
000d
000b
0032
fffd
0000
ffa2
0043
0079
ffdd
002e
0005
001a
ff9f
ffd3
0026
005b
ffd8
ffc0
ff9d
fff4
0080
008d
000e
0010
0019
0002
ffd7
fffb
0042
fff8
ffea
ffd5
0006
ffbc
0015
ff35
ffc9
ffda
ff91
0013
ffd0
ffec
0002
ffd6
0006
003d
000e
ffff
fff6
ffa0
ffc5
004c
0026
005b
fff8
fffd
ffd8
0001
000e
0002
004c
0003
0001
fff8
fff7
0003
001b
ffb9
ffb4
000e
ffde
ffd7
fff2
0017
0014
0007
0037
0006
fffc
0056
001a
ffda
fffb
ffed
0003
0008
fff9
0008
fff7
0004
fff9
fffb
fff6
fffa
fff9
fffc
fff4
000f
000d
fffe
ffff
fff5
fff4
0009
fff1
fffd
0005
fff7
fffa
fff5
0005
fff8
fff6
000e
ffef
0002
000d
fff1
0004
0000
001a
0005
0005
000d
fff8
0007
001c
0008
0013
0013
000c
ffce
ffbc
0007
0003
ffea
001f
ffe5
0006
ffeb
000b
001e
0023
0016
0015
ffd6
ffa4
0067
0016
ffc1
0002
fffe
ffee
fff8
0005
0001
ffe9
fffe
ffc8
fffe
0009
fffe
ffea
ffd1
ffcd
000e
000e
fffe
ffcf
0032
ffff
ffe4
0015
0048
ffd7
0054
002c
0024
ffd2
0050
ffa1
ff83
0003
fff9
001f
0007
ffdc
000c
001b
fff7
ffc8
ffe7
000a
0041
ff9f
fff4
ffde
ff5b
002f
0083
ffc8
0035
0000
0054
fff8
008c
0003
005f
002b
0066
001d
ffff
003c
004c
000a
000a
ffd9
0007
003e
0020
006c
000a
ffca
ffeb
0005
ffd1
0023
fffb
000a
ffa5
ff8e
0002
ff7c
0041
0009
0011
ffc3
001b
0025
00a7
001c
ff7f
ffe0
0009
004b
0010
0003
0002
0007
0007
fffa
fffa
008c
000a
ffe0
ffe3
fffb
0002
000a
0007
0013
ffda
ffd8
ffcc
0050
ffa4
fffc
ffc9
fff7
ffd1
ffec
0038
0024
ffab
0025
0005
0049
ffe8
fffa
0005
ffdc
0001
fff9
0001
0012
fff5
fffa
0023
fff6
000e
ffdf
0007
fff4
0013
ffea
ffe4
002d
ffcf
0009
fff6
ffde
ffd2
000e
0009
0017
ffc9
fffc
fff5
000d
ffff
0006
000a
0005
0008
fff8
0003
fff5
000b
fff9
0000
fffe
fffe
fff6
0008
0010
0005
0005
fffe
000f
fffb
ffef
0004
fff4
fffe
ffff
0002
0009
fff3
ffdc
002b
0011
fff9
ffff
0006
fff3
0000
0003
0007
0029
fffd
ffe5
fff1
fff5
0009
ffee
fff1
fff8
0004
001c
0019
0014
fff1
0010
ffe8
0012
fffc
fff9
0015
fffa
0007
ffe3
ffff
0027
0025
fffa
fffc
ffee
fffe
0002
0006
ffe5
0007
ffeb
ffe5
fffc
fffd
001e
ffe3
ffe4
0032
fff3
004e
ffd6
001b
000d
0019
fff6
0006
ffed
000e
0018
ffe4
000e
ffee
001f
0041
0007
000a
ffc6
0005
ffe2
001a
0005
0001
ffb9
ffdf
0006
ffaf
ffdf
ffdc
0056
ff9e
ffc9
0069
ff9a
0022
0006
002f
ffdb
ffe0
002f
ffef
ffad
ffd1
005b
ffff
003d
0042
0005
0004
ffd5
0009
ffc0
0005
0042
000b
ff95
0009
0010
ff99
000c
0069
00f0
ff8c
ff9a
003d
ffad
ffb4
0000
0026
0015
ffcb
0008
ffbb
ff9b
fffd
0063
ffe7
0022
fffe
ffef
0004
0005
fff5
ffe1
fffa
ffee
fff0
ffdb
0007
0005
ffce
ffef
002b
0064
0002
ffe1
0011
0035
ffd6
ffff
0006
ffe9
fff1
0002
ffaa
ffe5
ffd1
0016
fffa
0000
fff8
0013
fffa
0000
ffec
000c
0009
fff3
fff7
000a
fffa
fffd
fffc
0005
ffed
0014
ffec
0001
0000
000c
fffe
0006
ffff
fff6
ffe8
fff7
ffe4
000d
ffd0
0001
0006
0009
ffed
000c
fff5
0003
fff2
fff3
0005
fff3
0004
fffe
0007
000b
fffe
0007
ffea
fffb
0006
0005
0002
fffe
000b
0001
0003
0003
0001
0003
fff2
0005
0000
ffed
0006
0007
001e
0001
fff4
ffe9
000c
000f
fffc
0014
0005
ffde
ffe7
fff6
0001
000b
fffb
0001
000e
fff2
0011
ffef
fff9
fffd
fff1
0015
ffd1
0000
000c
0006
0010
000b
001d
0001
002c
000f
ffff
ffd5
0000
000d
ffff
ffea
0002
ffda
fff5
fffe
fff9
000b
002e
000e
fffa
0011
0030
fff4
ffe5
ffff
000a
fff0
ffca
001a
001c
fffe
fff0
0015
003d
000f
003b
0000
0002
ffc5
0006
0029
000b
ffd1
ffff
ff93
ffcd
fffe
ffd3
001a
002d
004e
0011
fff9
0057
ffd9
ffdc
0016
ffdd
fff8
ffdb
0004
001d
0009
fff9
001e
0037
002d
005e
0012
0001
ffa9
0006
000e
ffff
ffdf
fffa
ff7a
ffcd
0001
ff88
0027
0041
0079
ffe4
ffd3
0054
ffe0
ffcf
0010
0004
0007
ffdc
0006
0039
0010
ffc2
003c
0009
001d
0011
fffa
ffff
ffd9
0006
0022
ffec
ffe0
fffc
ffd8
ffe2
000f
ffbd
0013
fffc
002d
000b
ffe0
000a
0010
ffed
fffa
fff9
fffe
ffe9
fffe
fff6
fffc
ffd7
fff5
000c
0008
fff5
000e
fffa
0002
fff9
0006
0010
0000
fffb
ffee
fffd
fff3
fff2
0005
0014
000e
fffc
0002
ffff
fffb
0008
0005
0003
0001
ffff
0001
fff9
fff9
fff8
fff5
0008
0000
0004
fffd
0006
fffc
0001
0005
fff0
fffc
fffc
0001
0008
000d
0001
0014
0008
0000
fff1
fff5
000b
0000
fffe
fffe
fffc
ffff
fffd
000e
fff7
fffb
ffff
0003
0009
fff0
000a
0005
000c
fff9
fff7
0004
0009
0000
fffe
0008
fffd
fffe
fffa
fffe
0009
fffb
0002
fffc
fff4
0003
fff8
000b
fffd
0000
0002
fffd
ffff
000a
0013
fffe
0008
ffef
000b
ffff
000c
fff4
0004
fffd
000d
fffa
fffa
fffd
fffc
0004
000a
0010
fffc
ffed
000a
ffff
ffe7
001b
0000
0003
0008
fff6
0005
fff8
fff6
0009
fffe
fffd
ffff
ffeb
0010
0004
0009
0013
0018
0017
000a
fff1
000f
001b
ffe7
ffec
0030
0009
0001
ffea
0013
0002
ffea
fff9
001c
fffc
001c
0012
0004
fff6
000e
ffee
001b
fff4
0003
ffd5
001e
0005
0009
0015
0009
0021
fffb
fff9
fffb
0018
ffee
fff6
003e
0021
0014
ffe1
0012
002c
0001
0010
0001
000d
0015
0029
0005
fffd
0014
fff7
001e
0011
000e
ffda
fff4
0000
fffe
ffed
000b
0023
0000
ffff
0011
ffef
0006
000a
0024
0010
0024
0000
0016
0026
000d
0022
0001
0007
0010
0006
fff2
0004
0032
001f
fff7
0012
002a
ffeb
ffeb
fff8
fffb
ffdb
fff1
000a
0003
ffe4
fffd
ffda
0014
0003
000b
fff6
001c
0006
0018
000d
0006
0023
0007
fff7
0007
0006
fff1
0008
0011
0039
ffe9
fff6
000d
fff8
ffec
0000
fff7
fffa
fffa
fff7
ffef
0000
0004
fff7
fffb
fffb
0006
fffd
0018
0000
0005
fff4
ffff
0008
fffd
fff4
0007
fffa
0001
fff7
ffeb
001a
fff8
0006
000b
fff5
000a
fff8
000c
0000
0003
fff2
000c
001a
fff2
fffa
fffa
0001
0009
0007
0006
fffe
0008
0002
fffd
000d
fff8
0000
000f
0018
ffe8
0005
0004
fff4
0022
ffec
fff3
ffdb
0035
fffb
0003
0008
fff9
fff1
0005
0030
fffc
0002
ffe2
0009
0010
001c
0016
0018
ffe1
002d
ffea
fff5
0007
0006
ffe4
0029
ffe9
0009
0017
ff95
003e
ffe2
fff3
ffd4
002c
0003
0000
0012
000c
001c
0011
0041
fffc
0002
ffc1
0002
fff6
000c
0035
002b
fffa
0034
001e
0004
ffe2
0000
ff97
0030
ffc9
0000
0027
ffd3
004b
ffd8
fff9
ffe3
001b
0006
0011
0017
000f
007a
ffff
ffdc
0003
004d
ffa0
0018
0009
ffe2
000b
0000
003a
0028
0072
0022
ffae
0018
ff3a
0016
ff8f
0012
ffbe
0020
ffce
ffe6
0012
003b
ff9f
0010
0010
0022
0011
00c6
000b
ffa5
0002
001c
fff9
000d
0013
fff6
fff1
fffd
0031
0019
0066
0022
ffac
000c
ff27
ffc1
ff8b
ffeb
ffc8
0083
ff7a
fff0
0009
004e
ffc1
fff8
0005
0041
0004
002b
0025
ffee
ffe6
0003
002a
0008
0012
ffea
0016
0002
0000
000b
001c
fffd
ffe9
0000
ffd6
ffc3
ffed
fffe
ffe2
005a
ffe3
0008
fffc
0037
ffe7
ffed
fff8
0010
fff3
fff0
fff6
ffe8
fffe
0009
001e
fff9
fffc
ffeb
0019
000c
0006
000e
ffdc
001c
ffe7
000b
0008
fff0
0021
fffc
ffd9
003a
0002
ffff
0015
0006
0008
fff6
0003
ffdf
000e
ffff
ffee
000e
0001
fffe
ffe1
0001
ffe8
fff6
fffc
000c
ffe1
000a
001c
0011
fff0
0001
ffea
ffec
fff9
ffec
0012
0006
0009
fffa
0001
0003
0029
fffe
fffd
ffcf
000d
fff3
0010
0046
000a
0000
ffd4
fffc
ffe3
001f
0007
0009
fff4
0035
0014
ffe9
0005
0002
ffdf
000c
ffee
fff8
0034
ffb3
003b
000d
0003
ffe1
0033
0000
0009
fff9
0010
fffa
000c
0033
0011
fffb
ffba
0010
fff0
002d
001f
0028
ffeb
000f
0032
ffca
ffed
0003
ffbb
0020
ffe1
0003
0008
ffd1
fffb
0003
fffb
0003
0010
001a
0005
0036
0001
0009
000f
0041
fff4
0019
ffc2
000f
ffe7
001f
002c
0047
ffcb
0043
0045
ffe5
ffbf
0010
ffd1
ffd7
ffc8
000c
fffe
ffea
fff3
0013
fffc
fff1
ffbd
0004
0006
000b
fffd
0015
0019
fff5
0001
002b
0018
000d
0027
0000
0032
0031
ffdc
0029
0021
0002
fff8
000e
ffd5
ff8b
ffb4
000e
ffbb
001a
002b
0008
003c
fff1
ffaa
fff5
0002
0006
fffe
0016
0005
ffe7
000d
0024
fff9
fff5
002e
ffdb
002a
0025
0008
002e
0023
0008
ffed
fff8
ffd4
fff1
ffe6
0000
ffe0
0062
0002
0005
fffe
000a
ffda
0003
000d
0039
0005
0017
0004
0003
0002
001b
0014
fffe
001a
0009
0014
0014
000d
000a
ffe8
000a
ffe2
fffa
ffe8
fffe
fff6
000b
fff0
0035
ffea
0004
0004
0003
000c
fff8
000b
fffe
fff2
ffed
fffe
0001
fff9
0015
0004
ffe9
0000
000a
ffff
fff0
ffe9
ffef
ffe7
000d
0001
0005
000e
0004
0000
fff6
fffd
fffe
fff8
ffdc
ffd7
000b
000a
0001
000f
000a
fff8
ffd5
000a
0044
fffd
fff4
000a
0010
ffd1
0020
0014
001c
ffc7
0029
ffcb
ffd2
fff5
0004
0015
fffe
0004
fffc
002b
fff2
0030
fffe
ffb7
fffa
0052
0011
0000
0023
0011
ffeb
fff7
0003
ffec
0025
fffd
0007
ffdc
fffa
fff2
0050
002e
ffdd
ffaa
ffcc
ffb0
000b
fff0
0020
ffdf
0028
ffc5
ffc8
fffa
006f
ffc7
ffc6
0028
001a
fffc
ffb8
0014
ffd2
000f
ff1c
fff7
ffec
001a
0011
ffc0
ffe5
0065
001c
00d1
ffcb
ffb8
fff0
001b
fff8
002d
0030
0005
002a
ffad
fffd
0031
000b
0023
ffcc
ffe1
0013
000d
ffd0
0003
ffad
0016
ffa8
0000
0007
000c
001a
0002
ffea
0062
000f
0025
0030
fffb
0043
fffe
0001
0047
000a
0028
fff3
ffdf
ffe7
0057
ffda
0031
0017
fffd
0008
0013
ffcf
0006
ffca
000b
fff7
0000
0008
0034
0001
ffe8
ffe3
000d
ffe0
fff0
fffc
ffe4
0001
ffe0
000f
0031
fffa
0044
fff5
fff0
0004
0042
ffeb
fff6
0006
ffef
fff8
0017
fffe
fff8
0003
0000
0005
fff2
0012
0003
0010
000f
0005
ffd7
ffe8
fffd
ffe9
fffd
ffe0
001d
fff5
000a
0004
0024
0008
001e
0005
0004
0002
fffd
ffe6
000a
fff6
0003
0018
0000
fffa
0009
000b
0007
0018
0005
0006
000f
0005
0007
fff8
0005
0006
ffe2
0009
fff8
fffd
fff3
ffed
0002
0001
000c
fff1
0007
0026
ffc9
000b
0017
000e
fffa
000d
001b
fff8
0003
ffc6
fffe
0008
0027
0007
fffd
001d
0007
002c
001f
ffe8
ffe0
0001
fff9
fffb
ffde
ffe8
fff7
0017
ffb9
ffdb
ffef
004b
ffcd
003c
0016
0008
0009
ffd6
fffd
fffa
000a
ff9d
ffe1
0004
0010
0014
ffc6
ffe1
ffe0
0069
0047
ffb4
ffff
0017
ffd0
0005
ffce
0000
ff97
001a
ff8d
ffda
ffba
0042
ffc1
001a
0025
0013
fffa
ffef
001c
ffaf
0009
ffc2
0001
ffff
001f
0017
ffed
000f
ffe4
001c
003a
0006
ffcc
0039
ffe3
000d
000d
fff0
fffc
000b
ffd8
ffd1
0035
ffdd
ffe8
ffcc
fffe
000b
001e
ffec
fff7
ffcb
000a
0003
ffe1
fffe
002f
ffff
fff6
002a
001e
ffd8
000d
0024
ffc2
0011
0001
000e
0021
ffe9
0005
0007
0064
ffec
003b
ffd1
ffc2
ffdd
0008
fffc
fff2
0003
fff7
ffde
0009
001e
fff3
ffec
0043
0008
0003
0025
ffe2
ffdc
fff2
0024
ffcb
ffb9
002d
fffe
0042
fff9
0050
0013
006c
ffcd
0043
ffe4
ffec
000e
0008
0004
0009
000a
0007
fffb
0007
ffed
fffa
0008
0026
0004
0007
0004
ffea
ffdc
0016
ffff
ffe6
ffd8
0027
ffe6
0014
0000
002e
0005
0026
ffeb
001a
0005
fff5
ffe2
0009
000b
0006
0007
000b
0002
fff7
0022
0016
0012
fff0
0006
0005
0007
fffe
fff7
0002
000f
000c
0001
0005
0013
fffd
0012
0008
fffe
0009
ffe0
001c
0032
ffcd
0007
0000
0000
0001
0048
0011
0005
0015
0052
fff6
003d
0002
0006
0027
0000
0014
0020
0002
0030
fff2
000f
fff3
fffc
ffde
001d
0001
0009
ffce
ffbc
0006
003c
ffc4
ffeb
ffe4
000c
0011
0034
000e
0038
0008
000e
fffc
005c
ffee
ffff
005f
0016
0006
001a
0036
0020
ffcd
0028
ffd6
0016
fffc
000d
fff5
fff2
ffcc
0021
ffcf
0001
0029
ffce
ffcb
fffb
0004
001a
0010
0044
0013
fff7
fffa
0042
ff93
0008
005a
ffd3
0022
ffd9
002e
004a
ffed
0027
fff8
0016
ffe8
0048
001c
fff7
ffe7
0051
fff3
ffe8
0028
ffdd
ffa7
0006
0008
000c
0002
0004
000c
fff3
fff4
0017
ffec
000a
003a
ffdc
0013
ffd6
0029
0018
000b
fff8
0035
000d
0022
001f
0048
0011
fff1
0009
0020
ffeb
ffef
0009
0020
fff7
fff5
0006
000d
ffef
0004
ffd4
fff1
0018
0008
0009
000f
0014
ffd3
ffdb
0010
ffe4
0021
ffc0
0064
fff3
001c
fff6
0043
0003
000f
ffd3
0007
fff2
ffe8
0007
0011
fff7
fffe
0011
0002
001b
0009
ffda
fff8
0005
fff0
0006
0002
000f
fff5
fffd
001a
000f
0005
fff7
0018
ffed
ffff
fffb
0002
000b
0004
0004
fffa
0014
fffb
ffda
0002
0004
0007
fff1
ffff
000f
0003
0005
0011
fffe
ffff
0002
fff5
000c
0000
fff3
0004
fffb
0004
0006
fff3
0000
0004
fff5
ffde
fffc
ffff
ffea
fff8
0017
fff3
ffc9
0035
000c
0009
ffc4
000a
000f
0002
fffc
000d
fffe
ffed
0004
fff7
0016
0024
0021
000f
000a
002b
001b
ffde
fff9
ffdf
fff4
ffb6
0004
0011
fff7
ffe2
ffff
0001
ffbf
fff7
fff5
000c
fff9
000f
004a
0005
ffec
000c
0025
fff2
0004
004e
0016
0045
ffff
0011
0030
0039
0035
ffd0
fff2
ffdf
0003
ffd0
0003
0007
0011
fffa
fff7
ffee
ffdb
ffcb
000e
0017
0001
000b
0045
0008
fff0
fffe
0038
fffc
fff4
0030
0029
001c
ffef
fffd
0022
001d
0030
fff2
0009
ffe3
000a
0005
000a
0035
002f
ffe4
0001
fffd
ffef
ffe6
0006
0005
ffe1
0004
0043
000c
ffe9
ffff
001e
fff3
000e
000a
0021
fff9
0006
0003
0010
0014
0017
0011
ffff
ffe8
001e
0009
000c
0026
0013
ffe8
0017
fff5
000a
0013
fff1
0006
ffee
0009
001c
0010
ffde
ffe7
ffef
ffec
ffff
0009
fffc
fff3
fff4
000a
ffee
0014
0002
0008
0003
0007
0006
0004
0006
ffee
0009
ffd6
fffc
0004
0002
0002
fff0
0000
0006
0009
0000
0006
fffc
0007
fff1
fff4
0004
0006
0002
ffeb
000b
0014
0004
fff6
fffc
fff6
0005
0000
0000
0006
0004
fffc
000b
fff7
000c
fffe
0004
fffe
0007
0009
0007
0006
fffb
0004
000e
fff4
0006
0001
000b
0006
0004
0007
0000
0000
0009
0007
fffc
0015
0006
fff2
fff7
fffc
0000
000c
fffe
0013
0003
0012
fffa
0002
ffe8
fff6
fffb
0003
0007
0002
0009
fffe
fffe
0010
fffe
0005
fff6
fffd
fff6
0009
fff2
ffef
0001
000d
fffc
fffe
000b
fff2
000b
0003
fff4
fffd
fffe
0016
fff9
ffff
fff8
fff6
fffa
fffd
fff3
0001
000d
0007
0007
0013
000b
0009
0002
fff3
0005
ffe6
0013
0005
0000
000d
0001
ffef
0009
fffb
fff7
0003
0018
fff1
fffa
000a
fff4
fffd
ffff
fff0
ffef
000f
0002
000d
fff4
0007
0006
fff8
0001
0004
0000
fff5
fff2
0002
0009
fff7
fff8
fff9
0005
ffff
0024
0001
fff0
ffe3
0004
0005
ffed
fff9
fff1
0004
fff7
000a
fffe
0000
0008
000a
fffc
000b
0013
fff6
0004
000a
0006
ffee
fff3
0008
ffff
0002
fff5
0001
fffb
0002
000c
0005
fff4
ffe7
fff2
fffd
0003
fffc
0002
ffff
fff8
fffe
0010
0002
0003
ffff
fffc
fff2
000e
fff7
0003
000e
000b
fff8
0002
0007
0013
fffd
fff7
0008
ffea
0006
fff5
fffa
0004
ffff
fff7
000a
0007
0007
000f
0000
fff5
0009
fff0
0010
fff6
0007
0000
fffe
0003
0012
fff9
ffff
fffb
fff7
0002
ffff
fffc
0006
ffed
0004
0003
fff5
fffe
fff9
fff4
fff8
0010
000f
0003
0007
0003
0004
000d
0004
0006
0003
fff7
000a
0000
ffeb
fffc
0004
fffa
000c
000a
000c
fff2
0011
0004
fff3
0003
0010
0007
0006
fffd
ffeb
000d
fffb
fff3
fffb
ffff
fffe
0003
0010
0003
fffc
0009
fff7
fff6
fffa
0000
000b
ffff
fff7
0004
ffff
0004
fff3
0002
0004
0008
fffd
0006
0003
fff9
fffc
0007
fff7
0004
000c
fffe
0005
ffe4
fff1
ffe9
0016
000c
ffed
0003
0004
fff5
fffc
000b
fff5
0011
ffda
0009
fff9
0015
fff8
0007
000d
0006
0002
fff4
0017
0003
ffed
0006
fff4
000c
0009
ffed
000f
0000
fff4
0000
ffff
fff5
0000
ffff
0013
000d
fff9
fff2
fffe
001e
ffdd
0010
ffeb
fff4
001d
0012
0018
001d
0008
0009
fff8
0008
fff7
0008
ffe9
fffd
fff2
000d
ffdc
ffee
0009
fffe
ffcb
0000
0015
000f
fffc
0026
0009
fff4
0007
fff0
001d
0005
0004
fffc
001f
0009
0010
0013
0008
0006
ffee
0003
fff0
ffca
fff3
0002
fff7
0035
ffce
000e
0005
fff6
ffe2
0007
ffff
fffa
fff3
000e
fffd
ffe6
0009
fff9
000b
fffe
000b
0006
001d
fffd
fff3
0014
0000
0003
fff4
0005
fff7
ffde
0000
0019
0002
0017
fff3
0016
000f
000e
ffec
fffd
fffd
ffe9
fff5
000d
ffee
fff9
fff9
0005
0012
fffc
0004
fffb
fffc
0002
0008
fffe
0001
000c
ffe6
0009
0002
fff9
fff6
fffc
0002
000d
0002
fffa
fffb
fffc
ffff
fff6
0008
fff8
0006
fff7
ffff
fff4
fffd
0007
fffc
fff3
000d
0000
ffff
0003
fffe
fff8
0005
fffb
fff9
fff8
0007
ffff
ffed
fff0
fff7
fff0
0002
ffff
0012
ffd6
0040
fff7
0001
000e
000e
fff5
ffff
0031
0003
0008
ffdc
fff9
fff0
001a
fffe
ffef
fffb
000f
ffe7
ffe2
fff7
0001
ffec
0026
ffe4
0004
0011
ffbb
002f
fff5
ffde
ffd0
0038
0004
0004
0003
ffff
003d
fffa
004e
0002
fff9
ffe2
0002
000b
0040
fff0
ffe7
fff9
0014
0019
ffcb
0004
0002
ffc4
000e
ffe5
0001
003b
ffc9
0009
0031
ffcf
0015
ffcc
000a
0001
0010
0000
003b
0014
ffe0
fff1
fff6
0028
0006
000d
0036
0021
0018
0011
0011
001c
ffeb
fffd
ffeb
ffe8
ffd2
fff0
0005
000b
0024
fff6
0029
ffdb
0032
ff96
ffff
000c
0011
0003
0036
fff0
ffcc
fffe
0005
0067
fffe
002b
0020
002c
fffa
000d
000c
0003
000f
001a
0000
ffd1
ff93
fffd
fff1
ffdf
005c
ffe0
002a
fff3
0005
ffab
0005
0005
000c
0000
0012
fffd
ffe5
0008
0000
0051
0006
0019
fff9
0021
0018
ffff
fff4
ffee
0023
0019
0017
0008
ffb2
fffd
fff5
ffd0
0035
fff2
fffc
fff8
000f
fff0
fffd
0008
0007
fff2
ffeb
fffb
fffa
0007
0004
001e
0000
fffe
0002
000a
fffd
000e
fff8
0000
fffb
000d
fffc
000a
fff9
fffa
fff6
fff6
fffd
0003
fff3
fff7
fffa
0001
ffff
000a
0006
0006
fffc
0005
0009
000c
0016
fff0
fffb
0011
fffa
0009
ffff
fff4
001d
0007
fff8
0005
ffed
fff5
0009
0003
ffff
0011
fff7
0006
ffe3
ffbc
ffe6
0009
0001
fffd
0006
0001
fff5
fffc
0011
fffd
0019
ffe5
0008
000d
0001
001b
0003
ffe1
003f
0015
ffd9
0026
ffea
fff0
ffe3
fffb
fff7
fffd
ffdb
0035
0006
ffc8
0014
0025
fff9
0005
0012
fffa
ffe4
fff1
000f
0004
000a
0004
fff7
ffe4
0013
0001
000e
0016
0014
0010
ffd8
0002
0008
fff4
ffea
fff5
fffc
ffe2
ffe6
fff6
0048
ffe5
0011
000e
fffb
0002
001e
0001
ffdc
0008
ffe1
fffe
0002
000c
fff7
000c
0023
0017
0021
0013
fff7
ffd5
ffff
fff0
0005
fff3
ffec
ffd5
0006
ffc0
ffd8
fff5
0014
ffe9
fff8
0009
0005
fff7
0008
0001
fffe
fff6
0000
fff7
0010
000d
fff4
0025
0021
0025
0011
0025
002f
fffd
0036
fff5
000b
fff0
fffa
ffda
fff9
ffe0
001b
fffe
fff8
0010
ffd3
000f
fff9
fffd
0010
0007
ffef
ffef
ffe9
0003
001f
ffef
0007
fff7
ffdd
001a
003e
0013
0023
0003
001f
ffdc
0012
0009
000c
fffc
fffd
ffd7
ffe4
0029
000b
ffeb
0006
fffd
0001
0006
0016
000c
ffed
0002
ffeb
fffb
ffff
fffc
fffb
fff1
fff0
000c
fffc
fff8
fff6
fff9
0008
ffe6
fff3
fff0
fff2
0004
0014
ffd7
fff2
0019
000d
0003
0007
0003
0007
ffeb
fff4
0006
fffe
0003
000a
fffe
0006
0007
0011
fff9
0007
0003
0003
fff6
001e
fff4
0000
ffff
000a
0008
0000
0000
ffff
fff1
0002
fffa
004b
ffdb
001f
001d
fff3
0009
fff9
fffd
0001
0016
0017
ffff
0000
000c
0014
fff4
001c
002d
0048
fff0
ffff
ffe2
0005
ffd4
fff5
fffa
ffd4
ffe9
0017
ffd8
fffa
fff5
006f
ffb5
0017
0024
000c
0001
ffed
0005
0004
0008
0010
fff9
0006
fffe
fffa
ffce
0013
0016
0062
0015
ffdb
ffe8
0028
ffc5
fffd
ffee
ffe2
ffd9
0023
ffd8
ffcf
ffe1
0026
fff0
ffe0
001e
fffd
0004
ffe6
fffb
000a
0003
ffe8
ffe9
000f
fffb
0006
ffd8
ffec
0014
0028
003c
0014
ffd4
0027
ffe6
fffe
000c
0025
ffef
fffc
ffcc
fff2
0037
ffe1
0035
ffff
ffe7
0000
fffc
fffc
ffec
ffc2
0005
ffe3
0001
0018
fff1
fff9
fffe
ffc8
0009
001a
0001
0036
ffee
0008
ffe8
0011
0024
0012
0023
fff9
0005
ffdd
0048
ffc5
0022
0004
0022
0006
fff7
fff6
fff5
ffdb
fffb
fff3
0006
0008
0006
0005
fffc
ffe8
fff3
fff2
ffe1
fff6
fff9
ffd4
0013
ffff
001b
0010
0040
fff1
001f
ffd2
003f
fff5
ffff
ffff
fffe
fffb
fffa
0006
0003
0005
ffef
0003
fffc
0009
0005
fff6
fffb
fff0
0001
ffdf
ffff
fff6
ffff
ffee
0016
fff3
fffa
fffe
0006
0001
000b
fff1
0006
0008
000d
fff6
0003
fff7
000a
ffed
fff9
fffe
0008
0010
0004
fff0
fffb
fff2
fff0
000f
fff7
fff2
fff9
000b
0007
000a
fffb
0001
0019
0010
000c
fffc
0007
0017
0006
001c
ffee
ffee
fffb
fff2
000f
ffec
fff0
0001
ffff
ffec
fffb
ffff
000f
fffb
fff9
000e
000e
0013
fff6
fff3
0006
fff9
fffa
0013
000a
fff9
ffea
fff5
ffef
ffed
fff4
001d
ffe7
ffdb
000a
fff2
000c
ffee
0004
0018
fffa
ffd7
0000
000d
0012
0001
0016
0020
000e
0025
002b
ffff
0001
000c
fff2
fff8
000d
0008
ffe0
fff6
ffe9
fffa
ffe8
0011
fff4
ffd9
fff5
000b
fff6
ffe4
0004
001d
0007
ffde
fff9
0021
fff4
0003
0014
0027
0013
0005
0018
fff6
0001
0019
0009
0012
fff6
002a
0013
0004
fff9
0005
ffe7
ffed
ffff
fff0
0027
0003
0002
ffea
0010
0015
fff8
ffdc
ffff
fffe
fff9
0005
000f
0024
fffc
ffd1
0018
0008
ffec
0000
0027
fffd
fff6
0022
001d
ffef
0042
0009
ffeb
fffb
ffdf
ffe7
000d
fffc
0009
fff5
0007
0000
0000
000d
fffb
fffb
0002
0000
0005
0025
ffef
fff5
ffe6
0008
ffec
ffe0
001f
fff9
000f
fff7
0011
0009
002f
ffe5
0004
0007
fff9
fff9
ffe6
fffa
fffd
0011
fffe
0005
000d
0007
0002
000a
0006
0014
0003
fff7
ffff
fff5
0002
ffff
0001
0012
fffa
0008
0004
000a
0001
000b
0019
fffc
fffe
ffec
fffd
ffee
fffd
0005
fffe
0004
fff2
0008
fff0
fffb
000b
0000
fff0
fff3
0002
0002
0007
fffa
ffeb
fffe
0000
fff0
fffa
0000
0006
0004
0008
0002
ffff
0003
fffe
0012
0003
000a
0004
0014
0006
001f
0006
0007
0005
0009
fff9
0018
0001
fff5
0027
0004
fff9
0005
000d
0002
0003
0006
fffc
fffa
ffee
ffff
0004
fffa
0000
fff9
0000
0011
ffdf
0003
fffc
000e
000d
0021
fffc
000a
000d
000b
000a
0024
fffe
0002
0044
fff5
000a
0009
fff9
fff7
fffa
0002
000e
fff2
fff3
0011
fff8
fff2
ffe8
000c
000f
fff7
0022
ffdb
ffd6
fffc
0006
0015
fffb
0001
fff7
000b
ffff
0000
ffe4
0000
0012
ffcd
001c
0011
ffec
0004
fff8
0024
fff9
ffff
fff0
000c
fff6
ffd8
0001
001c
0021
fff3
0009
ffde
fff0
0006
fff3
0007
fffc
fff9
0007
0002
0005
0008
ffe7
fffc
0014
fff0
fff8
0006
fff4
0004
000f
fff8
0016
0003
0008
fffb
fffa
fff4
fff8
000b
0028
0011
ffff
fffa
0009
fffb
0007
000d
ffff
0000
fffa
ffea
fffa
000e
fff6
fff5
0006
ffe6
0000
0007
0006
fff7
000a
0001
fff9
fffd
fffe
ffef
fffc
0017
fff4
000f
0003
000f
000d
fffe
fff7
000b
fff6
0000
fff7
ffec
fffe
0001
0004
fffd
0002
0000
ffef
ffea
0009
fff5
000d
0003
fff0
0007
0009
0000
0005
fff5
0006
0005
fff7
0002
0002
fffe
0009
0005
fffb
0007
0006
0001
0005
000b
0006
fff9
fffa
0004
fffb
0006
0004
fffa
0000
0002
0002
0002
0004
0004
fffe
0006
fffb
0004
0004
0005
0005
0004
fffd
fd7f
011b
fcc5
01c1
000d
012b
00bb
fe73
fdd6
00b1
018f
002c
fd66
fcc6
0073
fd3a
00a5
007c
0222
000d
01f4
fe1e
fe5e
fcce
015c
00e5
fd5b
0062
ff02
01d7
0060
fd79
01b7
01e4
009b
fd2e
fda9
00d5
fcbf
013d
ff5d
fff9
ff5f
fee7
ff64
ff28
ff40
ff7b
fea9
ff6c
ff52
ff56
ff2c
ff14
ff66
ff47
ff18
ff7c
fe6e
ff68
012c
01b3
00a8
0057
fe08
00dd
fdb5
fe4d
019a
fd5f
ff3c
ff97
ff57
ff19
ff51
ff5a
ff36
ff64
feb0
ff82
ff85
ffd7
ffbc
ff01
fc18
0058
0045
ff53
ffbc
01d5
ff39
ffb3
ff91
ff14
ff84
ff11
fef1
ffa3
feaa
ff14
01ea
00ce
fef6
0128
febe
ff6d
fe46
0294
fdb0
fd4a
004f
0022
0000
0043
ffce
fffb
000e
0030
0001
fff2
0066
ff17
01eb
019a
fe09
017c
fe0b
fdb1
01a6
fed7
ff0b
fef1
0052
fdb8
01d9
026d
020d
ff32
fe9b
fe2f
ff18
ffd1
ff31
fed5
ffba
ff33
ff21
ff44
fedc
ffaf
0159
010f
0043
00d0
fce8
00e2
0148
fcb3
00fb
fd4c
fff6
fd45
017a
00b9
fe63
00f5
00bf
0148
fcef
fed1
fc0d
feef
fd95
019d
ffec
0132
008f
0115
0115
ff2b
fc9e
010f
fd85
00b0
00e0
0151
fc4b
0147
0031
0061
005b
fd28
007b
009e
007f
ffa0
008d
fc1a
009c
0205
fee9
fce9
014d
0040
fe01
0041
ffa5
018f
0262
fdb7
fd85
017a
0032
fecd
fd98
fe40
fdcc
01c2
015a
0283
00c7
fda7
fccb
01bf
00a1
0002
00f3
fe4e
00ae
00b6
fe4d
021b
01f1
fe54
fe60
feca
022b
fe84
fe64
ff0d
ff4d
ff96
ff07
fefa
ff47
ff77
ff03
ff73
fed7
ff5b
fe28
0230
ffb8
fe80
0292
fe69
0195
fe66
fed2
fd37
0016
fff0
ffc5
00f0
0075
fc35
ff67
fe6b
0103
0085
ff7f
0111
01b3
fd4a
01d5
fe47
0081
fe60
0152
fd86
fef8
ffc6
ffa6
ff03
ffdf
ff60
ff01
ff97
fe60
ffd6
0201
feb4
0057
fdad
fef3
fd9f
01b2
021c
fdc2
fd03
019d
fd91
fd8b
fcb8
fee7
01f9
01dc
0002
01f8
0079
fd6c
fee0
01cc
0128
0174
fda2
fe17
00f3
025a
fe05
ff40
ffa6
ff59
feec
ff7c
ff36
ff2b
ff66
fecc
ff7b
