bd58
be2b
3e70
3edf
3ef5
3f88
3f82
3fa3
3f7f
bed8
be55
3c59
bf46
bd95
bed5
be7a
be3a
bdd8
3ef5
3f40
3edc
3f86
3f46
3fa5
3f53
3f7b
3f6a
bebe
be82
3ca1
bea8
bd10
3d2f
3ebd
3e8d
3eaf
bee7
be64
3e1c
3f97
3f49
3ffc
3fb9
3ff8
4007
3f14
3fad
3ffb
3fd3
4010
4023
3e0d
3fb3
4015
bed8
3d8a
3da0
3e4f
bedd
be48
be3c
bebf
3f2f
3da5
3ef8
3edb
3f72
3fb1
3fbb
bf17
3f40
3fb7
38ac
b6d4
396b
39ea
3991
3938
393e
3a10
3e1e
3d5e
3e6a
be55
3dc4
3e03
bc80
3e00
becb
bd99
bd37
be04
be1a
3d98
3d8c
3e1c
bdb7
3e4c
be31
3ea6
bc7e
be1c
3e96
3e86
bd58
bdde
be9f
bda8
3d46
baba
bd01
be57
bdeb
be08
be15
be2f
bdb1
3ebb
bda4
bd4d
3e85
bdff
3d5e
be91
bf2b
3ddf
3eda
3bb5
3e6f
3f31
bd9f
be85
3da7
bf17
be1f
bd06
be37
bdd8
bddc
bdb0
3d59
3e0f
be01
3ea1
3ee1
3d9f
be65
3eae
be17
bd82
bc2c
be8c
3d80
be31
bf18
3ea6
3e54
3c56
beba
3c9f
bbd5
bd76
ba91
be33
3d11
bc4d
be0f
be91
3d79
bd0f
be43
beb1
be80
3ed4
3eab
beb1
bd8f
3e6d
3e9b
3e22
3e5d
3d87
3da7
3bb6
be32
3d89
be84
bdc8
3d70
be9b
bf0d
3f22
3f09
bdbb
bf20
3e57
3e02
bf51
bf84
bf97
3f61
3f33
bf13
be35
3ee7
3e26
bded
3c92
be0b
be2a
be78
bca8
3da5
bdac
bdb4
bf0a
bee6
bebb
3eff
3f42
be99
bdac
3ecc
3e84
bd0f
3d74
be6a
3ee4
3d86
bf31
bda7
3eca
bda7
3e24
3df2
bc94
bd64
bdf3
bda9
be32
3e11
3e40
be75
3d48
be82
bc69
be5d
bf0e
3e4e
3ebc
bd86
bdbe
3e2b
bd27
bd97
3e64
bdef
be2d
bc66
3cd2
3da9
3d3d
be09
3e85
bd36
bf3b
bd91
3f38
bdc0
bcab
3e29
be76
3ee8
3e79
bf86
3f06
3ee3
bf2d
3eba
3ddb
bdda
bdc0
be0c
ba4e
3d89
bd9a
bdec
3e4e
3e18
be3b
3e87
bc74
bf53
3eae
3e27
becd
3d29
3e5d
be0a
bc79
bc0d
bd9d
be63
bdc3
3e01
3d11
be18
3dc9
3e11
3d9a
3d87
bee4
3cfa
bb4b
3cc7
3b61
3d74
3e61
bd91
be8f
3dba
beac
3e57
3db3
bd22
bd1c
bdb2
3d94
3d5c
bda8
bdf2
3dcd
3e97
3e36
3d2f
3e41
be21
be97
be2e
beca
3ec3
bcd1
3e42
3dbf
3ea2
be8d
be93
beca
bf0b
3e81
3e4a
3d16
bd1f
be3a
bcef
3cb7
3e4a
3dc9
be0b
3e79
bbef
bda5
3e90
be0b
be85
bdde
bd8e
3e79
3df9
3ed6
3ea2
be8b
bebc
be4b
3c67
be62
be1c
3dc4
3d30
bd3e
3db2
3e25
be04
bd91
3de4
3dad
3ebb
3e90
bd20
be71
be8a
bcf8
be2b
bebb
be93
bd65
bd83
3e0d
bbf5
bdc9
bd53
bd3c
3de1
3d87
3f29
3e80
3ee7
bebe
beee
bdcb
be15
3dbd
be68
3f39
3e1b
3e99
be49
be13
3cec
bebf
bf37
bf52
bdf6
3d28
bd16
3d59
3dec
bd86
be49
3e36
3e11
3e9d
3ef7
3e06
be6d
bd81
3e08
bead
bd31
bea2
3de3
3d84
bbd5
3e03
be49
3e31
3cd3
bd85
3dab
3e00
3dba
3e71
3e02
3e1b
bd82
3c4e
3d88
bb05
3d09
3d4d
3ddb
bc78
bd78
bdaf
bd91
3e03
bc92
3dbe
be1c
be65
bdfa
3e07
3e02
3d39
bdb9
bc71
bd18
bd24
be8a
bdd5
bd5f
3e50
3d8c
3e25
bd71
bce8
beec
3d9f
3d43
3e2f
bc40
3d67
bdf7
be19
bdac
bd26
3e29
bb40
bdc1
3cb6
3cd7
bda2
3e0a
be63
bcd2
3dc0
be2f
3cc1
3e34
3d93
be5f
bdc5
3ec5
3e14
3e19
3deb
bd3f
bded
be1e
be2f
3b29
bc82
3e1c
bdea
3e68
3e63
be4f
bc89
3d26
bdb8
3dbe
bd3d
3e3f
3da9
3de4
3d73
bd9d
be11
3e0d
3df6
3d64
3e84
3d67
bd3d
be8b
3c01
bdec
be42
3eb3
3eaf
3ec7
3d8f
bd59
be88
be6f
be42
3e3f
3e0c
3e09
3d60
3dc2
3cff
be23
beb9
bef6
be4f
3dae
bc74
be34
bdd5
3d37
3db7
bd57
3dc7
3e18
3e08
3e63
3d3f
3d28
bcf0
3de3
beb0
be8d
3e14
3e0a
3e28
bde4
be73
bdde
be93
3e3e
3ec2
3ebc
bdc1
bdd1
3d4e
bdf8
3d9c
be38
bd86
3b89
be17
3e56
3e7c
bdef
beae
bf02
be9a
bd9c
3ca1
3e69
3eac
3d8e
3d55
3cb9
3deb
bdb7
3d58
3e33
3def
3e7d
3e81
be85
bebc
bf3b
be9e
3ee6
3f4f
3f5d
3e88
3f35
3dd9
bedf
bf63
bf27
be4e
3e61
3efb
be39
bc37
3dcc
3cdc
3d4e
3db8
3e81
3d8e
3e22
3df7
3e3f
bd06
be92
bee4
bebd
be71
3e07
3c1a
bcff
3e84
3d8f
be85
3e2a
3e8f
be17
befc
be56
bda6
bda4
3d8f
bd90
3dba
3e90
be4b
bdb5
3e08
bdeb
3de7
be8d
be0e
3d78
3ec5
be94
bf23
bea9
3e52
3dd2
3dbf
bd2e
bc75
be51
bdf0
3dd2
bd7e
3e4d
3e85
3efe
be8c
3e2b
3edf
bf0b
bf71
bf1d
3dab
3e17
befe
be98
3f2c
3f5c
bf7a
bf25
be22
bea2
bd85
bd2c
3caa
3c91
be1f
bd3f
3c83
bda4
3ddf
3ecf
bd15
be12
3e11
3f26
beab
beb0
3db7
3e4b
3e1b
bbf8
3eb0
3c8f
be2a
be6b
be70
3eb0
bde8
bc45
bda6
bd39
3bac
be16
bd07
be31
bd89
be09
bcce
be4b
3f04
3cc6
beef
3be9
bed9
bd99
bda1
3e0b
bd75
3dfa
3d15
3e55
be78
3e3a
3e62
3e9a
3ecb
bd37
3f2a
bebb
bb4b
be09
bf19
3f0b
3c3a
3dcd
3e19
3f1a
be91
be31
3e0c
bf8d
3eda
3c8e
be1b
3dff
3d79
be05
3ec4
be12
be4a
bd18
3e53
bd62
bc0b
3e87
beb7
be5c
bddf
be9e
3e9b
be0c
3d47
3e76
be43
be12
be34
be09
3b13
bde5
3d98
bb69
3d47
bd0d
bd99
bc2c
ba13
bdaa
3d4e
3d95
3cc5
3eb6
be0f
bca9
bd92
3cec
be08
3d6d
3c8d
3e14
be07
bd82
bdf4
bd9b
bd8d
bbaf
3cab
bc9f
bc81
3e93
ba87
be86
bdbc
3d08
3d26
bcf5
bcbd
bda8
3ebd
be6e
bdcc
bb85
bb92
be80
bdc6
3da5
3dd1
3e89
bbf6
3e01
bc9e
3d57
3d2b
3d31
3d99
3b10
3e49
3aa9
3ddd
bde3
be54
bdf8
bd91
3dce
3c4e
3cfe
3de2
3d80
be4e
be9c
3da3
3d55
be3e
bd5f
bd4d
bcb6
bcf6
3da2
bd7f
bd53
3d83
3d2c
3cb9
bccd
3dd8
3dd5
be2d
be25
3e53
3d38
bd25
be26
be0f
be8f
be14
3df0
be1a
3d2c
bd19
3d04
3e1c
be0b
be39
3e86
bec8
bed6
3eaa
3d68
3e81
3d14
bef5
3e02
3e4d
bf0b
beab
3f2d
3c79
bddd
3c77
bdc7
be31
be1f
bb25
bd14
bc2e
be49
3d2b
be0e
be8b
3de6
bc5c
be10
3e44
3ee1
bdf5
bec8
beac
befe
bdc1
3e33
bcf0
3e11
3e5b
3f05
bda8
bdd0
3be1
beb1
bd80
bd03
bd5e
be3f
bcea
bef0
bd45
bf07
beae
3d44
3d85
be8b
3dc7
3ed0
bd4a
be32
3c6e
3dec
3cc3
bd40
bcda
bd41
bd74
bf46
beb7
bf38
be76
3e28
3e9a
3ea1
3ecc
3f1a
bf4b
bf1a
bf7e
bf09
bdf6
bd8d
3d98
3e96
3f45
3d78
be64
bdbe
3d12
be59
3e56
bd17
3e0d
bd8b
be9b
bd03
bef9
be71
3a0a
be52
3b50
bcd3
3eb4
bd92
be8f
bdbe
be3c
be65
3e9a
bed3
bdb7
3edc
3d35
3d8d
3e26
be0f
3d73
be02
bd23
3d66
3e42
3d30
be81
3dee
be95
be82
3e92
becc
bc51
3f0e
be16
bc90
bdb6
be2c
3e1f
3d94
be1b
be0e
bd52
be25
bf23
bd87
be7f
bda4
3f1d
beb0
3eb7
3e79
bd4a
bed4
3e8e
bf0d
bf2d
3f4f
bf51
bda3
3f7f
bde1
be3f
3e4a
be17
bd19
3d2d
3c8d
bd9b
bc41
bda9
be94
bd1b
befd
be91
3db1
bee0
3e07
b97b
3dd3
be18
bd1d
3ea2
3e47
3ea6
beb9
bec2
bec4
3dfc
3e50
3e3f
3d8d
3d58
3eac
3e87
bdb8
3de0
bca8
be9b
be4d
3eab
3ed7
3ea6
be7c
be85
be56
3e30
3e77
3ea8
3e3f
3d84
3cde
be79
bd1b
be4b
3cd4
3d67
3de8
3f07
3f17
3f29
bf31
bf21
befb
beb9
bf57
bf07
3f1a
3f5b
3edd
bf09
bf00
be40
bd91
3d66
bdf9
bd88
bda4
be01
be13
bd43
be8c
bc97
be48
be7e
3e27
3ed8
3edd
be8b
be53
3cff
bc97
bcdd
3e28
be7c
be95
beea
3e91
3e46
bc92
3d91
badd
3d07
3de4
bdb2
3dac
3da5
3db8
3e45
3e8f
3c40
3ea6
beb0
be9f
be87
3e0b
3e51
3e88
3d55
bd5f
bd1e
bddd
3dd5
bde2
3e15
3d4d
3da2
3eb1
3d4c
3ec3
bf14
bee8
bef1
3e90
3ec0
3edc
3ecc
3e79
3dec
bf26
bed1
bdf9
3dac
bd76
bd74
bddc
3e44
bd12
be11
bdaa
bd93
3ce2
bd5a
bdc4
3e17
3e3d
3e4d
be3c
be81
beb2
bb16
3de0
bd81
bb1a
3a5f
ba33
3a80
3acf
395b
3a4f
3a79
b9a4
3a8a
3907
ba6a
3a3c
bb28
3a48
3a4d
3c8c
bcb5
bce4
3d4c
3bfc
3d49
bd10
3d26
3d06
bddb
bb13
3d62
3cdc
bcba
bc09
bd31
3c01
bd79
bd0d
3d26
b95b
bc7a
3afa
3dc8
3d17
bcf4
3d83
bc25
3cd8
bcd8
bd23
3d12
3bf1
bd08
bd05
bcba
bd52
3ca9
bdca
bcd1
3d06
bd3d
bdaf
3cc0
bb92
bcd4
3c91
3e17
bc97
3ba3
3a94
3d84
3d11
bd49
3b59
3da5
3cba
3d36
b9e5
bd4f
3bb9
bb87
3d25
3ce4
3c9c
3b8d
bdbc
3ca0
bcac
bcde
3d4d
bc99
3e46
3d85
ba72
bb4a
bc48
bd60
bd08
3e66
3db1
3c91
bdfb
3df4
3cd5
bd0a
bcbb
3e10
3d36
3d15
3d57
bc93
3b66
3dc2
3db2
3c91
3d9f
3d96
bdd5
bd71
3ce0
bd84
bdb6
3c0f
3e37
bc54
3d22
bd41
bd62
3d79
bb82
3e1e
3e72
3d93
bd20
3b14
3dba
bd3d
3de9
3dc2
3d29
3dab
3cfb
bd69
3c08
3e71
3d82
bce8
3e08
3df3
be22
bd6c
bd8d
3d82
be87
3c9f
3e36
3d42
bcde
bd67
be0b
3da4
3c94
3dd0
3e34
3e64
3c38
3d01
3e18
bd0f
3d9c
3d2b
bda2
3d76
3bf4
bd5c
3b18
3e2c
3e50
bbc6
3d1d
3d28
bded
bb81
bd45
3cfa
be06
3d8e
3da9
bb54
bdab
3d48
bd9b
3cbf
3cec
ba0e
bc97
3c1f
bbf8
3c75
bbef
3d6d
3d5a
3da9
3ce5
3c32
bb19
bcea
bd0b
3d70
3e18
3cbd
bd06
3bc3
bbdc
3c60
3ca8
3c57
bd2c
3c69
3d03
bc97
3d89
bc11
bcf4
3c6c
bc11
bd48
baba
3d8a
3d92
bc92
3d05
3b3e
3c3a
3d3a
3cfd
3bb4
bd0b
bd22
bb0b
3c4d
3cca
3cd4
3dc8
bdd0
bc76
3d93
3d1e
3c60
3d24
bc9f
bc50
bd7f
3df4
bc30
bda6
bd46
3d6c
bbb4
3d8b
bb2b
bd84
bcfe
3d60
bcb2
3d60
3b27
3c03
bc6d
3d0b
bd88
bc48
bd89
be1b
3d95
bc27
3d0f
be24
bd22
3c32
3d1a
bd68
bd75
bddf
3d2b
3d87
3c22
bd83
3dbe
3d1a
3dd4
b817
3d0f
bdb8
bd01
3e74
be1c
3d8a
3daa
bce6
3d78
3de6
3da8
bc44
3d67
3c7e
3cc3
bd59
bcd2
bd8a
bdef
3cfd
3b4c
bb4f
bc48
bd23
3c62
be42
bd96
bceb
3e10
3c5b
bbd5
bdb3
3e75
3d3a
3db9
3d48
be18
3cba
bcaf
3c1d
bd8b
3c83
bc19
3d2e
bd6e
3e10
3e67
3e27
bd45
be54
be61
3db0
3d37
bc82
3d7e
bbcc
bb27
be17
bd6d
3d43
3d3c
3ce4
bd38
bcdf
3db8
3db7
3e2a
3d10
bddf
3e30
bd98
bcc9
3dc9
3e42
3dd2
3cd1
be20
bdab
be02
bd0a
bde0
3dc6
bdb0
3d96
bb9a
3e76
3ce1
bd30
bcce
bdfc
bceb
3d62
3ebf
3db2
bbf4
3d23
3e25
3dea
3e37
3e5d
be4a
bca0
bbdf
3d67
3db4
be71
3e5a
bda0
bdec
bd91
3e50
3c4b
3d1c
3e27
3ba2
3daa
bcff
3dcc
3dbc
bd73
3c9f
bde5
bd13
bd56
3c5b
3d1f
3d30
be2a
bd89
bdc4
3d14
bdd0
3e25
bccb
3df3
3d32
3e11
bcc2
3d66
bb0f
bd64
3d5f
3d90
3de8
3d3d
3d49
be1e
3c9a
bcfd
3d88
bc4c
3d7f
3b70
bcaa
bd3b
bd32
3dad
3c2e
3d0f
3a43
3d9b
3ba3
3d86
3d8f
bd8d
3d42
bd86
bd85
bc5e
bcc0
3b8c
bd83
bd8b
3e0d
3dd7
3dba
bc70
bdcc
3d16
ba38
3c4f
bc57
bc1f
bdc0
bd3b
3de8
bcbc
3d1f
be82
3d5e
bcfb
3b90
3d9f
3d0f
bd98
3cd8
3dcc
3d85
be22
bba5
bd60
3b25
be4a
bc72
3b9f
bce3
3e51
3e54
3d9e
3d5f
3df7
bdd6
3c4e
be82
bc8e
3df8
3c63
bd23
3d31
bdea
3c45
3c69
3e8c
bdc4
3caa
3cef
3e0c
bd05
3e35
3e40
3df1
3b87
be01
3d05
bdef
3cbe
bda5
3cdf
bd46
3c8d
be1c
3eb7
3d5e
bb60
3c82
bea9
3d5d
bcd6
3c9b
3e6e
bc8b
be26
3eba
3d20
beba
3ea8
3df6
bdea
be8f
3e06
3d0d
baaf
bd0d
3b9b
3c36
be20
3d07
3d95
3ebf
3e62
bdb5
bdb2
bdad
be52
3d51
3d78
3d59
3e9f
3c2b
be48
3d84
3f1d
bd09
3d8c
be4f
3d77
3e5a
3e8e
be17
bdd3
bf0d
bb15
bd81
be8a
3c30
3cd8
3dd5
bd79
3d4c
3dd9
3e97
bea8
bb97
bea5
3d96
3e4e
3eb3
3bc2
3dcc
3cda
3cb9
beb7
bd0c
3e4a
bb73
3c00
3c73
3d50
bed4
3e39
be4d
3dfc
bc5f
3eb4
be8e
bda1
be4c
ba64
3e1e
3d63
3e5c
3dd7
3e77
be32
3f3a
bd80
3ded
bd9f
3be9
3d90
3d53
3e74
bba8
3de5
bc8c
3dfe
ba30
3d9a
be38
bcc5
3e20
3d82
bde0
3d46
bd89
be41
3e3c
bdb5
3d97
bc7f
be72
3e0c
be20
3cfa
bd07
3d23
bdba
3d9a
bdd0
3e49
be21
3ba1
bce9
3e6d
3b8c
3bea
3d2b
be28
3d5a
3e32
3e56
bd20
3e29
baff
3e37
3def
3d46
3cbe
bdb2
3ce3
be33
bba6
bdcf
be3d
bd4e
3cad
be8b
3dfb
bdd8
bd9f
3d6f
3e09
3da8
3bd9
b958
bd8c
bcbe
bda7
3b43
3d37
3c82
be0c
bd3f
3c97
bdf5
3ca9
bdb8
3ca4
be14
bbc1
bdbb
bc2a
bd75
3b34
3d85
bda0
3dac
3d7d
3d92
3db8
3d51
bc09
3e7b
3e40
bdba
3afb
3d09
be02
3cb3
be4d
3c8f
bd97
bd92
be2d
3e56
bcd1
be6c
bda2
bd84
bce4
3cda
bdf0
be5a
bc06
bd83
3d47
3e37
bd03
3e0a
3cfc
3e19
3e4b
be65
bc40
3da8
3ee7
3e1d
bb26
3dbb
bdd4
3c0f
beac
3d30
3e66
3d0a
3d84
3e5a
3bb8
bccc
3d95
3e62
3d76
bec5
bda5
bf28
bca7
bef8
3d60
bb12
bece
be22
3ccb
3ea6
3e31
be48
3e62
be0d
be30
bde8
3d28
bcc2
bdc9
3d79
3ead
3d0f
3d4d
bd80
3e18
be81
3b92
3d18
be18
3e63
3ea1
bd63
be95
3ec2
3d9c
bd2c
3db1
be46
bd8e
bf0a
3dee
beaf
3d91
be5c
3c92
3e5c
3edb
3eb2
3d3c
3d46
be9c
3d28
bcc1
bd0b
beba
bca1
bda2
3cc5
bd5e
beb7
be75
bddf
be5d
3eb6
be95
3e51
3e02
3ca3
3d72
bc20
3e64
3e44
bc1b
bdee
3de9
3d47
be27
3e81
bd6e
bcba
ba88
3d10
bdba
3a30
bd87
3b51
3dee
bc6c
be2f
bd65
bd93
3d90
3d38
bda5
bdb5
be86
be1b
3e58
bbc8
3d71
bc11
bc8f
3dff
3dd6
bd64
3daa
3e05
bdcd
bc80
bd58
bda9
bdc2
bd4f
3d68
3da7
3d82
3e18
bcb2
bdac
bd1d
3e50
3dac
bd70
3e2d
3db6
3d9a
be01
3d09
3e0a
bda5
bd2b
3d84
3c7f
bd57
bdd6
3dc6
bd4b
bdb5
bc10
bd02
3c0c
bd8b
3d19
3dfb
bcd2
bd19
3c7a
3cf9
be0f
bd18
3d13
bcf1
3cb0
bd37
3c8b
bd7c
3e12
bd85
bd69
3c8c
bdc0
be5f
bdd1
3d33
bcb6
3e1d
bca0
3d43
bc40
bda2
bda3
bc99
bd35
3ea7
3e27
be09
bc66
3cd9
3c86
3cdd
bda7
bc00
becd
3cfb
bbe1
3da0
bc2d
bdee
bea4
be18
3d7e
3ca9
bdaf
bc96
bd95
bd11
3b96
3df4
3d36
3e2b
3d28
be36
3db9
3d37
becb
3e47
3d07
bea3
3cb3
bc55
bd30
3db0
3def
3bb2
bead
bce2
3dd5
bd54
3d76
3da3
bea7
be7d
be2a
bbc5
bd16
3ded
3cfe
3d81
3df6
bdae
be01
3e5d
3d45
be2b
3ec8
3e0f
3d8f
3e29
3c55
be44
bb31
bbf1
3d82
3d1a
be47
3d12
bedd
bd8b
bde9
3bd8
3d95
bde5
be82
3dd1
3ecd
3e3a
3d12
3e29
3d0f
3df3
3c8a
3e88
3df5
3ec0
3e18
bea9
be20
3e3a
be00
3eba
3de2
3ea3
bc91
3d64
becd
bd1f
bdb6
3d94
3cb8
3d78
bea1
3e22
3b6d
be32
ba45
3d75
bea6
3d42
be06
be78
3e8e
be63
bc2b
be83
3cb0
be67
bd87
3e96
3eb7
be80
3caa
3d04
3d04
bdc3
bcd6
bca8
bd7b
3d50
bcdc
3ce7
3ddb
bc12
bd21
3e14
bc95
bdbb
3dfb
bd04
3d49
be0d
3daa
bde6
be0a
3d4d
bc53
3e6b
bcf1
3d9f
3d25
3e8c
bde1
bde1
bc52
bd8b
bd74
bcc4
bb92
3d64
3d7b
bd3c
3c87
3cda
bc53
3c57
3e0c
3e19
bd77
3d67
3d58
bdf5
be1d
3c88
3da2
bd81
bdb2
3e30
bbc3
3c9e
bdad
3e78
bd25
3e03
be04
3ca3
bc99
bdc2
be5a
3e39
bc15
3c1c
3e36
bb14
bb91
3cb9
3e49
3c48
3d8c
bd93
bca2
3dc3
3e12
be29
be45
3d3a
3d9f
bd85
bda5
3d36
3d1d
bb60
3dfb
3d9e
bd37
3c45
be51
3dc4
3cbf
bd33
bce4
bdb2
3d6b
3d15
3e41
bc3a
3d8f
3ddd
3df8
bd06
3d54
bd9a
bc1e
3dc0
3d90
be30
bbef
3d56
3d3d
bce6
bd26
bb34
3da5
bd6d
3d2d
3d09
3bda
bdc8
be62
3e39
3da5
be22
3cf1
3cba
3d69
bc8f
bcdd
3cce
3e01
3c8d
bdf2
3d24
bd38
3e71
3d83
3e1d
3e52
be85
be45
3d8c
be92
be2d
3d1b
3e42
3d43
3dae
bd8a
3d7e
bbdc
3d86
3d81
be4d
3e24
3dec
3c2b
3d93
3d29
3d74
be06
3ca7
3e38
3dcc
bd80
bb25
be64
3c0a
3d6d
3d7f
3e10
3eb2
3d83
3d73
3dde
be2b
3cff
bc92
3d0e
3d27
bdc2
be05
bd5e
3d80
3db1
be8d
3dba
bea3
bed2
bdbb
bcb3
3d9e
3e5f
3ab3
3ccc
3d16
3e54
bc8c
3d43
bce6
bc62
3e70
3e55
bd3d
be00
be11
3db8
3dd9
bcfb
3d81
bb61
3e4a
bd0b
3e67
3c84
be26
be55
3d8b
3bdc
bd3d
3db4
3cc0
bc9a
3d03
3e0f
bab2
3dfb
bcc7
be92
bcd7
3d5f
bce6
3d42
bd99
bc9f
be00
bcfe
3e89
3c5d
3d04
be27
3e33
bc97
3e53
3cb0
3da9
3dee
bdcf
be08
bd30
bd6c
bd5d
3b09
3dae
3d08
bc39
3d3b
bbb2
3e03
bc1d
bda9
bd09
3dc6
3d44
bcb6
bd5f
3ccb
bdca
bd70
3cf6
3c7a
bcbe
bdb8
3d9d
3d9f
3dcd
bc3a
3e0c
3d89
bd25
be04
3cd6
bba9
bc6b
be1c
3dd0
bc48
3d2d
bb0d
bc9c
3d2f
3d73
3e2f
3cee
bdc6
bd45
3d35
3c9f
3cee
bd74
bb96
bcec
3d35
3b88
bd91
3b99
bbc5
bc4b
3d6a
3bb9
3d6a
3dab
bd93
bc9a
3bb2
3d9c
bd11
3d9c
bca0
bba9
be62
bbe1
3dcf
3d6c
3e3b
3d3b
be03
be3a
3d5e
bccf
3d80
bcce
bdbd
3cae
be36
3d87
3e24
bdc3
3c75
be39
3da2
be18
3bd1
3c64
bddf
3de5
3dd8
bd8a
3dca
3ab2
3c46
3ddc
3be8
3d15
3d28
3d19
3d4b
bcea
bd18
bc1d
bb94
bc79
3c82
3dc5
bdbe
bd9a
3ce5
3c39
3d9e
be3b
3d22
bded
bda5
be10
bcfc
be12
bd83
be0a
bd58
bcea
bb16
bd88
3bbb
3b8d
3df0
3c14
3ddb
3cd8
3d81
bd70
3de2
bab6
3d89
3d25
3de3
3dbe
3c32
3c18
3e6a
3dd7
3d87
bdb9
3d07
bdba
3d9d
bdff
bd52
bdab
3d62
3e0c
3d37
bdd3
3e3c
3c2e
3d64
3d1c
3dcf
3d0a
3ddd
bb02
3ccf
bd19
3b91
bda3
bd4c
bd40
3ca2
bd9c
3e10
bd22
bd51
3e84
3ddd
3db7
bbcc
bcac
bd95
bb83
3dd8
3c1e
3cff
be74
bced
3c8d
3e08
bd4b
bdc0
bd52
bd96
3cb9
3d9e
3c32
be6b
bd02
bd79
bd06
3c55
bdd8
bd80
bdd5
3dac
3e4a
be03
3e01
bc85
3d52
bd92
3b80
bc9f
bcf3
3d4c
be97
3df0
be2d
3aee
bcdf
3ce9
bba2
3b90
3cba
bcd2
3cf7
3d3e
bc23
bd2f
bb76
bc32
bcfa
bb8c
bced
ba1c
3ced
3cae
3d47
3b0a
3cac
bd2f
3cbb
3d2d
3cf8
bd69
bd9d
3d7f
3cd6
bd4f
bd36
3d59
3cd3
bcff
3cfc
3c21
3c34
3d2d
3bb3
bd2d
3d05
bc61
3cfe
3c9b
bd26
3c15
bc20
3c47
bcda
3d19
bc86
bc29
bcd3
bba8
bbf5
3bfe
3c9c
3ce4
bd88
bd64
bb82
bced
3c5d
3d4c
3d84
bd91
bd9a
3c53
3d49
bd05
bd72
3c89
3d8e
be21
3ce0
bd18
3d07
3c05
3d54
bd80
bcf4
bd08
3d50
bcb2
3dea
3d91
3d80
3c3a
bd13
3c60
bdf8
bc2d
bdfa
3ddf
bdcd
3d0c
3dbe
bdf9
bc88
3cf5
3d33
3d8b
bd21
bd6f
bcd9
be54
3c86
3c63
be0f
bd0b
3db6
be21
3d5b
bd90
3db2
bd3c
bd5d
3da5
3de7
bd1e
3c25
3cf7
bd66
3d45
bd58
3ded
bcff
be14
3d56
be84
3dfb
3cd8
3c55
3db4
3da5
3d9c
bbc9
3a8d
bc1d
bc6a
be1b
bbbd
3e51
bb8c
3d57
3bbf
3cea
3d73
3d3e
bdf4
3c8e
3d05
3d3c
3e07
3b9f
bd98
3d40
be4e
3dbd
3c0b
3e16
bda3
3e04
3ae7
bbce
3dd4
3cb4
3e26
3cd3
3c77
bca9
bdc7
be0c
bd64
3def
3d16
3e2e
3e1e
3da8
3e1e
3d75
3d4e
bd8b
bc93
bcbe
3dcc
bd52
bdf7
3d8c
bd0d
bdaf
3d27
3e2d
bd12
3d9c
3cc5
3d1a
be07
3d03
3dad
bbcf
bda3
bc9a
be68
bd33
3cda
3d6a
bce9
3e4b
3dc2
3da4
bd1c
3dae
3e07
3cb4
3ccf
3dd9
3d62
bbf5
bd3c
3e05
3d1f
bc92
3d2d
3ca9
3d50
3bfb
bbeb
bcb5
bd52
3af8
3cec
bcc0
be05
bd72
bd9e
bd26
bd8e
bda1
bdaf
3d8e
bd78
3bed
bd08
bd43
3d8f
bc94
3d4e
3dac
3b7b
3d85
3d27
3d8a
3e18
3b74
bce1
3d62
bcf4
3db2
bc1b
3d38
3daf
3a4d
bd2f
bb38
3dca
3da8
3c5f
bd87
3d16
bdb5
bd37
bda2
3d4d
bdd6
3d55
bd6b
3e08
bdcc
bc36
3d75
3d16
bd3f
bb97
3c7f
bd37
3da8
3c88
3e71
3d9f
3df4
bd51
3d69
bdde
3d81
bd19
3c2a
3e19
bd2d
be21
3d10
3b62
bdd1
bdb8
3dca
3e4f
bda1
bc02
bd86
3d87
be35
bd10
bd88
3c5e
bd21
3b3d
3da1
be41
3e47
be38
3c49
3e74
3e10
3c68
3cf2
3c2d
3bb8
beaf
bca7
3eb0
3d82
bda1
3e13
bda6
be55
bb59
3e18
3e8e
be5a
3da2
bcfa
be21
beb9
bc87
be1a
bcde
bd52
bdb4
3e53
be7c
3e7b
beaa
bde4
3e7a
3e01
3d60
3dae
3e4f
3d93
bc5e
3d3f
3e9c
3d3a
3e31
bf07
3d9c
be2d
be25
bea4
bd50
3d08
3e86
3e6e
be43
be59
3d15
bee9
3db1
be45
3dd2
bdb8
be01
3d23
be7f
3dfe
3dc8
3e94
3d58
3d8c
3dd9
3d88
3e5f
bb3e
3e03
bd90
bc1a
beae
3c72
be2b
bd97
beb8
be09
3e0e
3d31
3dc0
bd72
be6f
3d93
beba
bd12
bd7e
3cfd
bd82
3d8d
bd4b
be07
3e1b
3d9d
3d40
bca3
3cad
3e96
3cfd
3e6c
3cc0
3d82
bcaf
bb6b
be98
bb95
3dbd
bc55
bb18
3e00
bd03
3d5a
3d93
bdb5
bdfe
3d20
be00
3e11
bdfe
3dbf
3d36
3c0b
3d76
be02
3e73
3e58
be1b
3d22
3c89
3e40
3ca7
be20
bb09
bda3
3bdc
3e1a
3c87
bc2a
3c4b
be44
3d3d
3d13
3d7f
bdb4
bd9b
3e0b
be2a
bc77
3b3d
bd88
3d27
3c18
bdaa
3d86
3dc8
bcb0
3cef
bbef
3db5
3cf3
bb2d
bd8e
bc03
bc85
3cf7
3d81
3ddd
3d14
be0a
3d0c
bd94
3d15
bc21
3d56
bdf6
3cbd
bdce
bde1
bcc4
bced
3ccc
3b77
3cb6
3a2e
3da5
bd1f
3e31
bdba
bd25
bc85
3e55
bd37
3d96
bd2a
bd08
be6c
3c56
3e56
3cee
bdb2
bd8b
bc58
be39
3e5b
bdba
bd53
be56
3d70
3bb1
be55
3d3c
bd0a
3cf0
3d04
3c35
3af5
3e0b
be1a
3e8f
be50
3e36
3e0f
3e06
3cf3
bd43
3dee
3d14
be92
3b73
3e30
3dba
3d97
bde6
ba27
bea2
3e46
3d17
3dd9
be63
3ec4
bdcb
beb4
bd71
bd07
bd88
bdef
3ce9
bdbd
3e1f
bcaa
3eb7
bef0
3e74
3db1
be35
3c32
3d93
3ecb
bcd6
3dab
3cd6
3e14
bcbf
3e9e
beb1
ba96
3c9e
3db5
be0b
bcc4
be60
3f04
3f07
be62
3d3d
3d17
bf1c
be22
be62
bc22
3da4
3e9a
3d39
3e1e
bdcf
3e7e
beda
3d3a
3c9f
bd5e
3def
3eb3
bc6e
be59
bd19
bc9a
3ef0
3cc9
3df5
3e08
3db2
beae
3e1a
3dc8
3cb5
bbe7
3e49
3c67
be85
bece
be52
3ced
bc9a
3f11
bf07
3e5d
3ea8
bd98
bf06
3d3d
3d84
bec6
bc9e
3e3b
bc2b
bdd9
bd0f
be4b
3e83
bd3a
3e1a
3c1b
3edf
be2b
3e3d
bde7
3e25
3e0e
3e06
3d02
bd9e
be6d
bd7d
bc29
3c88
3f30
be41
3d3a
3d90
bb1d
be38
3d52
3c9c
3d6a
3d14
3e27
bd30
3dcc
3c42
3def
3df2
bce6
3e8d
bccd
3e16
bd08
bd32
bd1e
bd91
3d9e
bd01
bca3
bdd0
3bcb
bda5
b888
3ca1
3e1f
be25
bd75
bdfd
bd92
bd00
bbe6
bcbf
3d6e
3bfb
bd94
3d5e
3d97
3acd
3dda
bc9a
3c56
bbaa
3d9e
3d61
bdb3
3d2f
3d74
bdda
bdba
bc86
3c57
bc96
3cdf
bcb6
bcc0
3c81
bd04
3db8
be8a
bf1d
be94
bcc8
bd03
3d22
3ea0
bbe1
3cc8
bc5b
3bd0
bb25
3e95
bd04
bc86
3e02
3de3
3e61
be51
be0e
3e87
3d8e
be9c
3ead
3ccf
3cb8
bd21
3d81
bc78
bcaa
be64
3ee0
becd
be0f
bd4d
bebf
bcc7
3b95
3ea5
3cb1
3e44
3a25
beda
bbe1
3e8b
be19
3c5c
3d1b
beed
3d3e
3d77
3db6
3e12
3dd8
be90
3db3
bc84
be39
3e77
3e09
3d5a
be82
3dfe
3e77
3bba
bea0
be03
bed4
bc13
3d0f
3e32
3d4f
be15
3d22
bf67
bd6c
3e18
3f1a
3d4b
3e82
3d9f
3dcb
3c71
3f13
bce6
be8a
bec5
3ee0
3ca6
3eb6
bab3
3ea7
3d5e
beb5
bc51
3e2f
3e02
3c7f
bed4
be78
bc57
3c7a
be86
3cd7
bd9d
3d73
be3f
bd43
bd75
3e44
3ce2
3ee5
3ef1
3ee5
be26
3e52
3ef1
be83
3e95
3da8
bc72
bd94
be3a
beab
3cd8
3dc0
3ee6
bd90
3e8b
be8c
bdde
be8b
3daf
3c03
bd32
3cad
be88
3bb2
3d8b
bc6e
3d71
3ec0
3bcc
3c57
3e7c
3f0d
3e89
bd9c
3ec0
bf01
3e78
be5d
3d21
3e8b
bea9
be59
3d1c
bdfe
bdb0
3ea8
3d67
bdc4
3dcb
bd92
bcda
bc61
bd5a
3cdd
bd63
3b25
3d10
bbf0
bd0b
3e40
3c12
bd95
3cd5
3c33
3bec
bbc1
bccf
bd8e
be17
3d89
3cce
3d88
be13
3d44
bc01
3e2c
be4b
3cc9
3db7
bdfa
bd09
3aab
bd95
bbea
3dd3
3d19
bccd
bb75
3da7
bd06
3d5a
3dc0
bd1a
3da7
bd20
3c1f
3ce7
bc51
3d22
3bef
bd9b
3d57
3c7d
3d00
bcc6
3d3c
bc31
bd1d
bd4e
3e31
3f05
bf11
3c82
3c8f
3d05
bc13
3e8a
bd39
3e1b
3c75
3de5
3995
3e87
3df6
38f4
3e02
3e6d
3ed0
3ed2
3d2f
3e2d
bdcf
3e2b
be15
3d7e
be72
be8d
bea3
bbd6
bed0
be77
3ea9
3f34
bf45
3e0a
3f31
3c8a
3d01
3d4c
3c41
bde2
3d52
3e10
3c26
3ce4
3e18
3d38
be45
3f24
bce3
3ee3
3e8d
bf07
bec0
3e4b
be75
3dad
be48
bea9
bf24
3e19
bec9
bf33
beb7
3e8f
bee8
3cbf
3e9d
3d4f
38cd
3c8e
3db0
bea2
bc0b
3e77
3d27
bd61
3ea2
bb53
3d51
3ecb
bd1d
3c5d
3e47
be46
bf1b
3d9d
bdad
bb8b
bb16
be46
be3d
3d8e
be05
be9c
bcb3
be5f
bd96
bead
be4e
bd87
3cc5
3ecc
bd20
bcf8
bd1d
3d6c
bb57
3e98
3e84
3bdb
3efa
3e1a
3e83
bd0e
bd3c
3edb
bdf7
3e14
be3a
3c91
3d89
3bfb
bdc1
bd45
3ea5
3e32
3e80
be44
bdd3
beb5
be4d
bd40
3d88
3ec1
bcb1
be5d
bc27
bea1
bd54
3e4e
3e7b
3d94
bda4
bd17
3dd4
3e24
3c93
3ed3
3e2f
be49
3d06
3d2f
3e3f
3ca6
3eaa
3da3
3e2b
be12
3ef0
3bc1
bdfd
3d1b
3d87
3c1a
bd2b
3de7
3cb1
3b9c
3d4b
be63
3c2e
3df8
3dca
babd
bc82
bd89
bdf8
3d95
3dfe
3e14
3dc3
bde1
3d15
bbfe
3cf2
bd3c
3e0a
3d54
bdfc
bdbd
3e05
3d29
3c85
bd9a
3da2
3c8a
bcee
bdde
3b62
bb6d
bd2b
3ce0
bc87
bddb
bc6c
bd37
bcb7
3b40
3b15
3df1
3a17
3d64
3d39
3c5e
3c99
3d2d
bd68
bb39
bd62
3c8d
3c0d
bde9
3d65
3ee5
bea5
be0a
3ea1
bc4f
3d25
be0e
3cb8
bc90
bccc
3e96
bc8b
bd82
3e96
3ce5
bd4a
3e85
3eb2
3e3c
bd5c
bd78
be6d
3e95
be3d
3cd4
3b82
bd11
bec4
3dd6
bd00
bdef
bd16
3ee6
becf
3e10
3dce
bcbf
3dc1
3d33
3c22
3e3e
bcb3
3e2f
3c5b
3f08
3a99
3b53
3e17
3e69
3df3
3d08
3eb7
bc04
bf12
3e6b
be52
3d5a
be69
3dd0
be60
3e21
bea2
be6b
be02
3d06
bdd0
3d94
bdbd
bb5b
3d31
3b99
3c6a
3e44
bca9
3da4
3c8a
3e7d
3ab9
bcbf
3ed3
3d9f
bd5f
be57
3ed2
3e25
bef3
3da0
bdac
bc30
be87
bd66
be2f
3cfc
3da1
3e58
bde6
be27
bec6
bc4b
bd32
bcc6
3d2d
3de2
3c6d
3de5
bcb9
3cee
3c8b
3e63
3dbe
3d1e
3e69
bcfb
becc
be7b
bdcf
be07
3e01
bf3d
3f16
3c05
3c60
ba78
3f0b
3d84
bccd
be3d
bd5f
be29
bea6
bdfd
3ec8
3cf4
3d82
3ac0
3d19
3cff
bca6
be2a
bd08
3d86
bcde
bcda
bd68
3dad
bee9
beb0
bd73
be96
3e6a
bf0d
3f2f
bd8f
3e3c
3e19
3efb
3e06
3dfb
befa
3d9b
bd31
bd17
bcce
3d52
bb11
38ac
3d46
3cc6
bc15
3cfd
bdcb
3d40
3d38
bcf2
3d22
bd2f
bd3f
bdf2
bd97
3dea
bcfd
3de0
bd34
3e39
3d6a
bd6b
bd18
3d74
3d50
39a6
be0a
3c5f
bd13
3d40
3d0d
3d79
3d37
3d20
3c95
bc35
bb10
3a06
3c39
bc9d
bd09
3d45
bd2b
3d06
3d94
bd0c
3d55
bb57
3d42
bc8b
3d3f
bcd2
bd3f
3d7f
bcf2
bd47
3ac2
bc29
3d2f
bd06
bbf7
3cae
bd31
3d8d
3d1d
3d92
3d37
bcd3
bb5f
bd05
bb03
bb87
bcaf
bd82
3d3d
bd8c
bc62
3d36
3cf9
3c54
3d1a
3c41
3da0
3cfa
bcda
3c4a
bbf6
bc35
3d32
bd00
3d41
bccb
3d9c
bcd0
bdd8
bc5a
bd34
3c39
bd34
bc90
3d12
bcb8
bd56
3cbd
3d91
bc0e
3cb1
3d6f
3c7e
3d1d
bd80
3d5b
3baf
3d9c
bd18
bd4a
3da7
bc85
3d20
bdbf
bd5b
bbe8
bab2
bb47
3dc0
bd11
bdb6
3d36
bda1
3cab
bd32
bd39
3da2
bd1e
3c7f
3cda
3d48
bcec
3d04
b979
3ce5
3d9e
bd01
3d1a
ba9f
3d79
bca6
bcf4
bd01
bd94
bcfc
bd0a
bcaf
3d4a
3bb1
bd60
3c61
bd33
3cba
3e01
3db2
3d65
be07
bd39
3d29
3d0f
3b8e
3d97
bdb5
bd85
bc46
bc5a
3db4
bd55
bc95
3ce8
bd5c
bd2d
3a5c
3d94
3d3e
be0f
bc82
be15
3d43
3dd6
3b16
be07
3d57
bd26
3c7d
3d8c
bcbb
bc07
bd21
3cb3
3d4f
bca4
bbd9
bdc2
3aa0
bd2d
3d8d
bdbc
bcc2
bd6d
3d5f
3db4
bc03
3dcf
bd41
3d84
bd9e
bd28
3c3f
bd86
3c37
3d90
3c16
be00
3d8b
3c69
3c84
bbb5
bd3d
3d51
bd06
3acc
3bf7
bc4e
bcf3
bcd1
3b8d
3d62
3c11
bd35
bc1e
3d8d
3ca9
3bf0
bd4f
3c9a
394e
3d41
3d1f
3c6d
bb1a
3c8d
3c3b
bc6e
3d45
bd3c
bc87
bd75
bbe8
bd62
3cdf
bcec
bcf5
bda6
3c1d
bc31
3ce0
bd07
3d15
3ccc
3d70
bc53
3d23
bced
3c13
bc2f
3d4c
3c9e
3d96
3c45
3bd3
bb9b
3c08
bcef
bd1a
bcdf
bc68
bc96
3e01
3b95
bd2f
3d26
3d05
bcd1
3cef
3d16
bc79
bb8e
3c85
3cf6
bd06
3d80
3ca2
3af1
bc66
3d71
38e5
bd83
bd25
3d3c
3b74
3cdf
bd29
3dbf
3bd0
bd43
bc12
3ddf
3b82
3b99
bd0d
bd9f
be22
bd03
bcc0
bc83
bd9c
3c5b
3d80
3b19
bcca
bcee
bdc9
3da6
ba87
3d86
bd14
3d93
bdf9
baea
bd60
bd89
bd3c
3e3f
3cb1
3cdd
bb19
3c9d
bce7
3d1f
3dbe
bd66
3d9a
3d9a
bdd6
be38
bd76
bd02
bdfc
bd95
3df9
bb59
bd60
3cde
bd9e
bd76
39b0
bd09
bdba
bd2b
bc81
bc86
bda5
3d58
3dd9
bce1
3d63
bd95
3e06
bc87
3d71
bdc7
3c41
bdae
3bf8
bc12
bde6
bdf7
bd6a
3d2f
3d82
3cbf
3df8
bc15
3de2
bc63
3db2
bde1
3bad
3e28
bd67
3e11
3e06
bd48
bca0
3e0c
3d49
bc8f
bc07
bd96
3cb7
3b84
bdfa
bd9e
bd8d
be23
3d53
3a6c
bc2b
3dea
bdb9
bd1b
3dac
bd24
3d98
bd80
3d1b
3d7a
bcd5
bd90
3cef
3ccb
3d77
3d9e
3cef
bcda
3c09
3d80
3d76
3d4e
3cf3
3d18
bafd
3ca6
3c3b
3bd1
bdb9
bd73
bc74
3d6a
3c5d
bd39
bd0c
3ca2
bd91
3c71
bcce
3d48
be15
bbcf
bde6
bcc9
bd09
bc57
bd43
3cc5
3c9f
bccb
bd33
bd08
3df7
3a0d
3c3f
3d5b
bc90
3d95
3b14
3da6
3d42
3d2d
3c53
bd3b
3d34
3d22
3ccc
bc23
3a0b
bd1c
bc93
3d93
3b7f
bc9e
3b80
baf6
bd1b
3c81
bbac
bb67
3d25
3b6d
3d57
3cb1
bce9
bd1c
3b65
bd1f
3c24
3d3a
bbe9
ba80
3d8d
3d25
3b69
3e01
3c5b
3d99
3d0f
bda9
bd02
3c80
bda0
3d31
3daa
bc99
be45
3e0e
3987
bbe6
3db0
3d97
bd3f
be2c
3dd5
be2b
bd7b
3c26
39ba
3e1d
bcf9
3b79
bbf4
3e28
bd4c
3e01
bd6a
3e0c
3d80
3e00
bbad
3ce7
be91
3d36
bf46
3d0d
3e43
3d00
beb5
3f2f
bc8c
be50
3d08
3e2b
3bc5
becc
bd4d
bf26
3bc8
3e17
3d41
3f43
be95
3eed
bd34
3ed0
bda9
3eb7
3e6c
bd7b
bdbc
be1c
3d3c
3c33
3cfe
3bbc
beec
3cd3
3e90
bcbf
bdf9
3e30
3d53
bc97
bdd6
be52
3bed
be92
bec3
be9d
be04
3e33
39a0
3f07
3d4f
3ea6
3e2d
3ce7
be8b
bd2a
bd52
3e4a
bcf3
3e75
3d2c
3ce3
bd23
3d82
3d53
bc95
3e26
3bce
3d6e
be19
bd30
be22
be63
be02
3e0b
bd21
be3c
bd9d
bdf9
be80
3d34
3c81
3ee4
3e1b
3dee
bd8f
bea2
3e27
bda3
3e04
bd00
3e69
3d61
3ccc
bd93
3db9
3de6
3c66
3de8
bc82
3bb6
be32
3cc1
be06
3d58
3e0d
3d73
3d83
3e03
3b47
bd3a
bdc7
3ca8
3c46
3e5e
3d54
bc19
3d7c
bc69
3e5f
bdaa
3dea
3dfb
3d16
bd6f
3c84
3d20
3cc7
be33
bc78
bd5e
bd57
3cf8
bd84
bc81
3bd2
be18
bce8
bdbe
3d49
3d61
3c77
3daf
be3f
3d05
bd64
3d8e
3db1
bb92
3d51
3d4f
3d3f
3d75
3cb6
3d4d
bc7f
3c99
3b15
bc0d
bd30
3ba1
3da4
3d96
bb92
3d87
3bfa
bce9
bae9
3cd5
3cd1
3b97
bbd3
3cd2
3c07
bd28
bbb5
3a04
bca6
3c25
3ab2
bcb6
3d61
bc55
3c8c
bcc1
bc8c
3cf9
be1a
3cd8
3d8c
bbff
bbee
bdae
3c99
bd31
bca2
bde5
3e2e
bc3a
3da6
be02
bcda
bdb3
3c6d
bdc5
be01
3cce
3db4
bcc2
3e2d
bd67
3db8
bd4a
3e21
3e3a
bde2
be86
3f14
3f06
bec1
3c3b
3d24
be6f
bc32
be25
bd6c
bef0
bcd8
bdea
3e95
bcfa
be95
bf0c
3df0
3ddf
3db2
be86
be41
3dd3
be1f
bd05
3e92
be0f
3eb7
bd0b
bd07
3f5a
be37
be11
3e81
3dc0
beb7
3db1
bcb5
3d9d
3b0d
be94
bc01
3a29
3c8a
bda8
3e63
bd11
3d46
bd93
3ccc
be3d
be8d
be43
bde9
be9c
3ea6
3c59
3e91
bd58
3ec7
bd3e
3e52
3e2f
3ca3
3e5d
bd5e
3e93
3d0f
3b82
3d22
3b8a
3ccc
3ddb
3d5c
3da4
3cb2
bd9d
3d84
3d85
bdf4
be80
be5a
3d04
be16
bed1
3cb0
beb5
3e17
3ca6
3e13
3e5e
3e3d
3e29
be3b
be75
3d15
be20
3e36
bb58
3eb1
bc60
3d28
bd30
3c63
bce3
3d78
3e06
3ddd
bcf8
be9e
3d95
be5d
bdc5
be0a
3cdf
3d8a
3c1b
3de0
bd3f
bdf3
3d1d
bd9e
3ec9
3e05
bd3b
3d81
bdbd
3e6b
be87
3e9f
3c61
3ce8
3c96
3cbd
3d6f
3d1b
bd7b
3d0f
3d95
3cf1
bcda
be22
bd8f
3dea
bbbe
bdba
be1d
3c44
bdd1
bd0a
3d43
bd31
3ca0
bd08
3e00
3e15
bd9c
3dda
bcc9
bda4
3ccf
3cca
3cdc
3cca
bd43
3d1e
3c52
3c2a
bd44
ba92
3cad
3c80
3c03
3ce3
bd1a
bd2e
bd8c
3c42
3c88
3be0
3bbf
bd9b
3c86
bc79
3d7e
bd39
bd00
bb23
bd89
bcf5
3d36
3cbb
3e13
3da6
bc8f
3d21
bca4
3d3d
be11
3d37
3dab
ba85
bdb4
3cf7
be13
be0c
bcab
3e0a
3cda
3d90
bdf9
3e39
be89
bdf7
3e48
3cc6
bc2e
3d8a
3df9
bddc
bd99
be2f
bbef
bea2
3e50
3ee7
3eb3
3df2
3cbc
3d86
bcd1
3da7
bec2
3c6b
3ea1
3d95
be86
be0c
3d7e
bcdf
be53
3dd5
3e0d
bdbc
bec4
bec3
3f0c
bf07
bca4
bd19
3ddc
bdb2
3da6
3d9a
3eaa
be5f
be44
be8b
3df5
be37
3da5
bcf4
3edd
bc4f
bd85
3d0e
3e26
3db1
3e1d
3d04
bce2
3e85
bd05
be80
be55
3ce1
3e23
bdbb
be33
be01
bd17
be55
bea9
bd78
bc11
3e6c
3e06
be96
bb3d
3ec0
bcd6
bdb4
3c3c
3d26
bd83
3d1c
3e36
3d91
be0b
bd5e
bdd7
bd0a
3c99
bd93
be88
3d23
3e4f
3d95
3da9
bca6
bc46
bdac
3d90
be13
3d35
bba3
3dfc
3d6e
3dfc
bd43
bd19
3e26
3ea4
3ed6
3cb5
3c54
be4f
3cfe
3dec
3b4f
bca1
bca6
bdbc
3b12
3d8e
be0d
bc9e
3d20
bded
3c9a
3e44
be4c
3e2e
beb2
3ce1
bda6
3c47
bdfc
bd2f
3dac
3e87
be6c
be09
3e47
3e2a
bd9a
3b20
3bab
3d89
3c25
3cea
3d4f
3e18
bca6
3d47
be1c
bbc3
3df2
bdd8
bda4
bde3
3cfd
bddc
bd5e
3e55
be15
3d2b
bd4a
3da2
bdad
3cb0
3d6d
3bf9
bd8a
bc50
3d05
bceb
bd53
3b97
3c8d
bcee
3b94
bd35
3b95
3b95
bdb6
3c93
bc42
bd10
3d90
3c93
bc73
bcb7
3c2f
3d01
3b46
3c9d
bd21
bbfa
3d06
bba2
3ca2
bc07
3d34
bc9b
bcef
bdaf
3e22
bd81
bc4f
bc84
bd60
bd2b
bcfb
bc07
3d20
3e38
bc20
bd65
bde1
bd4c
3bd9
3df2
3c0f
be44
bd81
bc21
be4a
3dbd
bd4e
bbc3
bd92
3c84
be0b
bc43
3dd4
3de3
bc8f
be7b
3f2b
bdbe
be56
3d8f
bbfa
3df9
bc55
be53
bd51
3e49
bc4b
be66
be55
bcbf
3ddf
beab
be11
be3c
be9c
be40
be97
bda0
bd73
bca8
3d80
3e13
3eaf
bd23
3ed0
3e87
3dea
bbf2
3e64
3df8
be05
bcdb
3d39
bc92
3ceb
3e88
bcdb
bd92
bcbb
be3f
b95e
3d40
3bb1
be5b
3c20
3d10
bdd4
bdad
3e1a
be75
3de2
baff
3d73
3b81
3e03
3de5
3e08
3d6c
bdb4
3d82
3d91
3ca4
bd9b
3dc7
3c7d
3cf1
3d32
3e01
3ce3
be81
3b45
bd61
3e18
3d3f
bd70
bd3d
3b5b
3db5
3d13
bde7
3dc2
3cba
3d84
bc00
bdf4
3b22
3cea
bd50
be3d
bd7c
3dd5
3dcb
be17
bd8a
3e2a
3de9
bdb0
bd86
3b13
bd01
3c54
3b2b
3e08
bde5
bdf1
bbcb
be19
3dee
3e66
3e1c
bda7
bd71
3d18
3e07
be95
3ccf
bc8f
3df8
beb1
bb5c
3b3b
bc88
bd7f
3d89
3db8
3e26
bd8b
3bc8
bb2e
bc33
3d4a
3d67
bd29
3dc5
bd27
bb31
bd0e
bd4f
3ad3
be1d
be13
3b1f
3d84
3d3c
3d44
3dc7
bd3d
bd2a
bd39
bd19
bd60
3db0
3d91
3d98
bd85
bd55
bd04
bace
3c03
bc01
3c29
3d84
3bfc
bc3e
bb82
bd8f
3ca4
3c14
3be3
bd02
bcd3
bd4c
3ae1
3dd1
3c9d
3d97
bceb
3bbc
3d0a
3d31
bd84
bc91
3d0a
3d71
bcdb
bce3
bd52
bc5f
3d22
3cb5
3cfb
3bd9
3d44
3cda
3adc
3cfc
3cd8
3d15
bcbb
3c5a
bb02
3d43
ba94
bd2e
bc5b
bc3b
3ce0
37e9
bd13
bd30
3d6e
3b50
bcf4
bd6f
3d9e
3a99
3c2b
3d80
bd88
bd73
3efd
3dbc
be31
3c98
3d2e
bda2
3cc5
3d55
bba7
3cec
3d07
becf
be86
bd09
be17
be9e
be04
bda7
bea6
bec2
3e4a
be80
3e32
3c6b
3d8a
3e0e
3d2a
3e25
3d8c
bd38
3d53
3e7d
3ebb
3e63
3e07
3d48
bcdd
be95
3cf0
3da2
3c0d
be17
bd21
bf24
3cfd
3d9a
bf04
bde7
3e23
3e8a
be5d
bed8
3eab
be8b
3d54
3ada
bd17
3d8a
bd4f
3cde
bd79
be91
3d09
bdcb
3c9b
3e25
3e26
bd33
3c41
be00
3cac
bd27
3ca0
be69
3d03
bde0
3e13
3d89
be1b
bca3
3da9
bcb8
bd61
3c4a
3db5
3d0d
3c0b
bcd3
3cfa
3e5c
3dd2
bd54
bddb
bdf4
3dbf
3c95
be33
bdbd
bd8a
3cb9
bca4
3db9
bcb5
3d59
bd56
3ce4
bd63
3b68
bdbc
bd2c
bde1
3dc4
bd20
bcae
bdb2
bd98
3e28
3d37
3d0f
bd34
3d66
3ddb
3a0f
3da5
bc37
bcba
bb9e
3d9c
bcf2
3df7
bdaf
3d02
bbe0
3d2b
bcff
3d65
bd5e
bd92
bd3b
3d7d
3b4c
3cb9
bcdd
bde7
3ca7
3d5b
3e09
bcd1
3da5
3b29
3d3f
bc29
bdca
bb98
bcba
3d34
be0f
3c9b
bd4b
badc
bace
bd95
bd20
bd92
3b1d
bb8b
bd86
bb0a
bd03
bdb3
3c98
3d8c
bcbe
3cb6
ba9b
bc6f
3d9c
bd2d
3cc2
bd3e
bd21
3cd2
bd12
ba1f
bc9f
3bff
bcd4
3c8d
bd08
ba9f
bc51
bd0a
bd0a
bb69
bd8d
3da9
3d06
bcad
3d7a
bd82
3ccd
bd1f
3c44
bd35
bd85
3cc3
3c8d
bafc
ba2d
3ccf
bd71
bceb
3d0b
bbbc
3d54
3be2
bcae
3b62
397a
bc13
3cae
3c29
bcf3
3de3
3e44
3ddd
3e1a
3cfa
3bfc
be43
bc59
3d44
3be0
bbb5
3bf8
be99
bd23
bc28
be76
3d27
3def
3e23
be13
be52
3e22
bb16
bd90
bcbb
bd10
bdab
be99
3e34
3e22
bdc6
be38
3e42
3e95
3e11
3e32
bb45
bd04
be9e
3b7a
3dbe
bd22
be03
bc29
bee6
3d7f
ba8b
be8f
3c72
3e66
3e6c
3d65
be17
3e17
bdd2
bdd2
3cb8
3d56
3ce7
be22
bc9d
3c77
3da0
bd99
3d6e
3d6c
3df6
3db1
3d18
3ce1
bded
3cf8
3de2
bb4f
bdb6
bcef
bd8d
bdd4
3cba
bdb3
3e22
3d4e
3e06
3dc7
bce8
3dcf
bd13
bd5a
3c61
3d1a
3d1e
be18
bc89
3e18
3c11
be2a
3d11
bd01
bcbe
bddc
3d13
bc09
bbb2
bd3a
3e47
bcc9
bcbb
bd36
bd80
3c04
bd18
3b85
3d9a
3c4f
bc39
3db1
3d61
3d9d
3d5e
3d82
bcfc
bd67
3c3a
3c96
bd15
3dac
3dec
bdbd
3d33
3d48
3b0b
bcde
bab3
3cde
bda3
3d00
3d12
bca8
bc8d
bd92
ba85
bd1d
3c79
ba80
3dcc
bdfc
bd07
3dd6
bd70
bb5e
3c34
bc0a
3d8f
bca7
bd1b
3d38
bc6f
bd4c
bc4c
bc6a
ba78
bd60
3ca4
bd14
bcca
3c2f
bc45
bd37
3aad
bd26
3b5c
bd32
bc65
3d83
bcfd
3c10
3d12
3d22
3ccc
3b55
3d2f
bc6f
3d9d
3bfd
bd65
3dbe
bc1a
3b54
3d01
3cf1
bcb5
bc85
bc1f
3dce
3ba4
bcb0
3c11
3d0d
3d92
bb81
bcba
bca8
bcd2
3cf9
3cb4
3ca0
3d80
3b8b
3d33
3cad
bce5
bbda
bc00
bc0f
3cd7
3cea
3c3a
3d03
3cfd
3cf2
bbc2
3d83
3d7b
bc81
3cbd
3caa
bc5c
3ba8
3c10
3bd2
bca0
bb1a
bd98
bcba
3c06
3d04
3d3f
3d6b
bd29
bd26
bc9b
bc17
bd24
bcd4
bbae
bc8d
bcb7
392c
3cc1
3d97
3cf5
3d4e
3be9
3d83
3c14
3d8f
bc98
3db8
bd2f
bd25
bca2
bc2b
bbd1
bca9
bdc5
3d92
bd1f
bd49
3c4a
3da5
380a
3c89
bd87
3c01
bd27
3d6d
bc9d
3c56
bd32
bb99
3c75
bc58
3d4c
3cbe
bbb2
3732
3d4d
bd8e
3ca4
3cd7
bd90
bd64
3bbc
bd20
bd03
bdc7
bbe7
bd09
bd5b
bcf6
bd1f
bb55
3c4d
3ca2
bc1a
3b88
3d31
bd24
bd64
bdfc
3c87
bc4e
3d27
3c94
bca7
3dd4
3c4c
bd07
bd49
bd52
3d3c
3bea
3cb0
3bf2
bcc3
bcab
3cd8
bc23
bbbe
bc24
bb0e
3d41
3c34
3d08
bd19
bd05
3d38
3cbc
3c80
bb85
3d70
3be6
bbdd
bc69
bc21
3d09
3ccd
3cc0
3d8f
3c8f
3c3f
3cd6
3cc4
bd69
bd1f
3cc6
3d00
bc0e
bc88
bd3f
3c25
3c42
3cc2
bc64
bcac
3d14
bb82
3c29
bd65
bc7b
3d3e
3d45
bc09
3c88
3b56
3d98
bdbb
bb29
bdec
3cde
3d65
b95f
3bf7
3c6f
3d11
bd8e
baaf
3ccf
bc62
bcbd
bd20
bc27
3bc0
3d2e
3d02
bd01
3b98
3cf1
bca3
bc10
3c77
bcfe
3af4
bc4e
3ceb
bd6a
3cb5
bc16
bb39
3d06
3c89
3da8
3ca1
bd81
bcb4
3c9d
bcae
3d68
bded
3d2b
3b90
3c27
3c8a
bc02
bd3b
3d89
bd40
3d0f
3c9c
bda2
3d89
bac9
3c86
bc76
bb51
bbab
bcab
bb94
bc37
3ce1
3c60
bc3e
3da6
3d35
3aee
3bf4
bdd2
3d04
be15
bd58
bd44
3e58
3d55
3cc0
bdd5
3cd0
3d5e
bd12
bde8
bdd3
bd32
bb64
3d96
bbc4
3d3c
bcbc
bd6e
3e0e
3e31
3c28
3da5
3d22
bc9b
3d0d
3dfe
3ca0
3ce3
3e03
3ceb
3e3c
bd81
3c2d
3c14
3cc1
bb99
bcdb
3d7e
3db0
3e38
3d59
be21
bc60
bcc5
3d3f
bb74
3d4c
3a6f
bd90
bd50
3e04
3e01
bc8b
bd84
3d10
39ae
bdd4
3c12
3d02
3d55
3da2
3e38
be21
3df5
3d36
bd70
be57
3d11
3c14
be2c
3cd6
3c96
bc6d
bdac
3a59
be14
3e74
bcd5
bdc1
3e07
3dc9
3d9f
3d1d
3c54
bd46
bd47
3d83
3c18
3dc5
be88
3d84
bcd4
3df2
3db2
bdf3
3e11
3dc4
3da0
be4a
3a31
bcb2
bdf0
3caa
3cf1
3c6f
be2f
3c56
be33
3e80
3d1e
bcf9
bcd1
3e41
3e31
bd4b
3c83
bd53
3de6
3c0d
bd35
3d3f
be54
3d02
bccd
bc9a
3e47
bdee
3d65
3d1e
bc1a
bc45
bcb5
3c14
bc35
bd13
bc80
3c83
bcbe
bd00
ba93
bc53
3c1e
bd8b
bd20
3d6f
3bcd
3d47
bd0f
3c74
3d14
bd28
3d72
3c2c
bd3c
3c95
bd89
bb56
3c74
bcb7
3bb8
3d07
bb4d
3c6c
bd45
3c81
bd29
bc75
bccd
bd47
3b0a
3d6f
bc5c
3c41
bceb
3d09
3d40
3c26
bd3c
3c35
bd17
bcea
3d92
bcce
bcde
3cab
bbb3
bd4c
bd97
bd93
bc85
bd07
3d5f
bcfe
3c81
3e89
bc1b
3c1e
3d2d
3c2b
bd3f
3d5b
3db0
3cf7
3d35
be1d
3d62
bd02
3d73
bc61
bdc9
3dcd
3cc2
bdb2
bc24
bd0c
3d5c
bd1c
3e71
bd57
3c8f
bd22
be4f
3e19
3e7e
be1d
be8d
3e9d
bbf3
3dab
be32
3c27
3dd2
3d09
3e78
3c97
bd83
be6d
bd1f
3e5c
3e4a
bc84
be2d
3df9
bdb9
3ce5
3d10
3e0e
3c6a
bd4a
3e19
be01
3ac9
3d35
bea9
3d78
bc83
bda8
3d0c
3e92
3ce5
bc52
bd28
3d53
3d36
3d86
3e51
3d19
bdd8
be47
bd3b
bd20
3e88
bd2b
be50
be70
3e0d
3dea
bdc5
3d59
b9f3
bd6e
3d80
be3e
ba86
3e83
bd54
3d4a
bcb3
3d9b
be22
bc4b
3d01
3cf6
bc39
3c45
bc89
bc52
be5a
bcaf
3cde
bdab
3d7c
3e57
3d91
3ce5
bd49
3e18
3d4c
bd15
3df6
3d51
ba87
bdaa
3e2a
bd4a
bc8f
bd77
3d97
bd13
3def
3cab
be66
bda1
3dbc
3c41
bc9f
3d47
bda3
bd0b
3d2a
bcf9
bb88
3dff
bc1e
3c41
3d88
3e4f
3dc0
bd81
3e9b
bd90
3d7c
3bd2
38ef
3e5f
bdac
3d35
3cfb
3d27
bca7
3e6a
3ccc
bdb4
3d48
bcc3
bb69
bd65
3c5b
b9e8
bdf0
3d6d
bd29
3d82
3b7b
3d4e
3da5
bd26
3ca7
3e14
3dd7
bbb0
3d84
3c3f
bb7a
bd99
3d38
3d5e
be0a
3d8d
bd17
bd59
bd82
3d8f
bc8d
bd34
3d40
3c8c
3cc5
3d41
3d36
3c02
bc5a
bc9a
3ccc
bc32
bd64
3bb2
bd17
3d28
3da6
3ce3
bd27
bc9d
bc78
bd1c
bd34
bc80
3b94
bcae
bae5
bcd3
3d44
3d4e
bcc1
3d11
bda8
be65
bda9
3d96
bbf1
3c63
3dd5
bd3b
be32
bd48
3e04
bcf0
3dba
bd8f
3bf0
3ddd
3dd2
3d6c
bd88
bdac
3e18
3c8c
bdcf
3cbf
3c4a
bd64
bd77
3dbd
bc26
3c75
be1c
3e75
bdc5
be2a
be6a
3e18
3ba7
3d2e
bc0a
bd3b
bdcc
bc1a
3e64
3b9e
3a15
3d6c
3d60
bd64
3e8f
bdb9
bde2
be24
3e7a
3e0a
bea9
3e05
3ccc
3e02
bdd0
3d72
3d2e
3e5c
be24
3d7a
bdad
bcb1
3cea
3e04
bcec
3ca6
be37
3bf8
3d86
3d53
3dac
3d0c
bd9b
3dca
bd1c
bc1e
3e14
3b89
bdcb
be28
3cd0
bded
bd41
bcee
3b06
bc8b
be54
bd68
bd57
3e8c
3def
3cca
bd9c
3d8d
bde2
38df
3cfa
bd77
bd5e
bc2b
3c74
bd0d
bca8
bcb2
3d40
bdf7
bd18
ba70
bc86
3d3a
3dce
3da5
3e55
3da4
3d78
3d8d
3a23
3d26
3d57
bc1e
bc8f
bcc7
3da6
3e49
bdcf
3dc3
bd46
3e07
bd95
bd20
3d57
bc97
bde5
bcd5
be5a
bdd1
3ddd
be3b
3d75
bdae
be40
bbc9
3d4b
3de7
3e01
3e4f
3cb6
be23
ba6c
bd93
3e08
3d99
bc9f
be5e
3d8f
3e58
bdfe
bd18
3d65
bddc
3d39
3d65
3dcb
3ca3
3d68
bcff
bca5
3ce3
3da6
bc0b
3cc1
bc7f
bb8e
3cc6
bbd3
ba57
3db1
3d97
3cb2
bd86
3d25
bdfc
bc75
3de4
3b97
bd05
3d41
3c7f
bd4c
bd02
3d0c
3c5e
3dac
bbb5
3d47
3dac
3ca2
3db0
3d28
bcbc
bd18
3cb3
3d0e
bc07
3ce8
3caf
3c3d
3b89
3c12
bca4
39bc
3c51
bd39
baf7
bd28
bd29
bc15
bdc1
bd72
bc27
3d02
bda0
3de1
bd8d
bd20
3d17
3cbd
bd2d
3c84
3b7e
3c7f
bc8a
bc92
3d4d
3ad8
bda0
3c8e
3df9
3e08
be08
3c8a
3c2f
3d3c
bdaf
bc2e
3c95
bdff
bc1f
3d99
bd7b
3d07
3d92
bd8c
3c92
3e17
bd89
3c95
3bfc
3c87
3cf3
bd5f
3d54
3d96
bce8
3d27
3d56
3c9f
be13
b9c7
bd43
3e36
be19
3d8a
ba2f
bc96
be05
bc85
bd7e
be2f
3dc7
3bf5
3e0c
3ce9
bbba
3c8b
3cef
bd37
3b5d
3cb5
3da7
bc90
3cb7
3d83
3c56
be33
3ce9
bddb
3c87
bc0d
bdb4
be3c
be2c
3bbc
3dc4
be0a
3d99
be1b
3d3f
3d50
3b5a
3d15
3dc5
3d9e
beae
ba97
3e10
be13
3e01
3dd2
3dec
bcda
3d7f
bcd1
3cf3
be24
3d06
bb30
bcc5
bd9e
bb68
3d18
bd8e
3b48
bdea
bd8b
3db6
be14
be2e
3a95
bd59
3b41
bd61
3dcc
bdc7
bc56
3d4b
bd99
bd9a
bdda
3e1b
3d09
3de6
bb0a
bc1e
bdc5
bbe8
bda4
bd3c
3c27
3cf4
bdcc
bb98
3c75
bd84
3da3
3d9c
bdb5
be24
b896
bda5
3bfc
bd5e
3ca7
3e34
3d87
3d9b
bdba
3e04
be02
3da6
bcc4
3c3f
bd23
3e0c
3d8e
bd1c
bd4c
bcb9
3a01
bc3d
3d8f
bd30
3d70
bc7c
bb5b
3d8f
3d8f
bd96
bdcd
bc0a
bc2b
3bec
bdad
3d6f
bc83
3d26
3d1f
3d73
bd0a
3e1b
bcef
bc84
39c6
baa3
3cb7
bc47
3a52
3cb9
bd02
bc19
bbe4
bd40
3d3e
3c82
bc11
bd14
3c52
3c49
bbf3
bd8d
3c25
bc20
3ced
bd37
bdca
3be4
bbd7
bd21
bc56
bced
bcc1
3d1b
bd9b
bd4c
bd3d
bd49
bda0
bba8
3c79
bac3
bc0c
3d00
bcc4
3b8d
3cae
bc82
bcdd
3d99
3c4c
bd30
3b02
bd8c
3d11
3c2d
bd04
3c64
bd3d
bc5c
3c60
3d79
bd70
3d58
3c7d
bd8a
bddb
bb33
3d89
be26
3c84
3e30
bc49
bd1e
be33
3c59
3cae
bb8f
3e02
3d12
bd8a
bb34
bd92
bdbe
3e19
bd7c
3e20
3d33
be60
3d72
bdeb
3c09
bbe8
3d81
bd8b
bd9f
3d98
bd85
be06
bde3
3df3
be30
3de3
3e96
3d75
bd08
bddd
3d02
bd8e
3cbe
bdb4
3d80
3cae
3c7b
3dd0
bdae
3d77
bd8a
3cb3
3e28
bdc0
3cf4
3dff
bd9a
b9e4
bd84
bc94
bde4
3c89
be2b
bd17
be24
3c45
bd1b
3c8d
3c62
3d88
3d62
3d34
3d6f
3dbe
bb97
be0a
3cb3
3def
be36
3c3b
3e5e
bd58
3e01
bdca
3e43
3def
bd39
3e6d
be1d
3cf1
be1e
3bbf
bd11
bdb7
bccf
3e19
bda4
3dce
bdd4
bda5
bdb7
3c83
bd60
3dd6
3cd8
bddb
3d96
3e00
bd31
3ca8
3cb8
bcc3
3d8d
3d59
3d8c
bd1d
bd3d
3d6c
bbb9
3a08
bbf8
3c7f
3dec
3b7a
3bff
bd07
3e15
bd1f
3da4
bcff
3a19
3cc9
bc3b
3cb9
bcd7
3e04
bd0e
3d0c
bc19
bb7b
3d5c
3daf
3d33
3c5c
3bfb
bd79
3c2f
bcfe
3d9a
3dcf
3bd3
bd1a
bcba
bd3e
bccd
bd2f
3d19
bc47
bc9a
bd08
3ada
bca6
3afd
3cd2
3bab
3d63
bd8b
3ceb
bc34
3d20
3d37
3d05
bcf3
bb82
3cd6
bcc6
3ce1
3d39
bc52
bd37
bcc1
bc1a
3d12
bc75
bcb3
3d34
3cbf
3d44
bd19
bd2e
3d0a
3b77
bd9e
bd21
3c00
3d4f
3d34
3c93
bd24
3b59
bd96
bbef
bd7c
bd49
bceb
bcaa
bda0
3d23
bcdd
bd21
bdb4
3c3d
bd08
bcab
3d75
3a6c
bdcc
3ae8
bd86
3d1f
bd61
3ced
3b34
3d2e
3d1c
3c91
bd4d
bd59
bc0d
bd3a
3d1a
3c56
3c47
bbc5
3c64
3dee
3c93
3dda
bd9b
bd4f
3dc4
bd27
3c62
3ddc
3c34
be14
3cdc
3cb6
bda6
3d31
3d1f
bca5
bd40
3d05
bd8c
bd77
3cff
3d88
bc53
bdbe
be24
3ca4
bcb4
3e39
39ef
be2a
bde1
bd65
3cfb
3dbc
3c38
bca7
3da3
be11
3df1
3d2c
3d8f
3dfc
3cb7
3d9a
bcc8
3d5d
3daf
bc84
bd94
bdeb
bdfe
bda4
bd1c
3dc2
bd11
bdac
be12
bcfa
bcfe
3df9
3d08
bdf9
3d47
bd6e
3d22
3dca
3d53
bcae
3db2
bd6f
bcdc
bd7c
bd47
3d65
bbb6
3d44
3cf4
bcc0
3d18
bd99
bd81
3d23
bcbd
bcd9
3db9
3cae
bc65
bc21
ba1a
3da5
bd0d
3d86
3cb1
bcc5
3c36
3ca6
3c1a
3df4
3dca
3d04
3d8b
3d5f
bbd1
3d30
3c30
bbf7
3d74
3d59
bca6
bc89
bd08
bdaf
ba90
3c78
bda4
3db1
bd63
3d45
bd52
3cda
3d3f
bcbe
3d78
3d66
3c6c
3cac
3cd8
bdee
3b87
3d05
b9e2
bc0e
bb29
bd25
bd44
3bd0
3d0f
bca6
bcc2
3d72
bc6b
bce4
bc62
bc53
bd5b
bc7d
bd61
3d1b
bd95
bd0c
3bf0
bc9f
bd0a
3c8e
bbbc
baa9
3d20
3b09
bc83
bd64
bd36
bc8a
bc90
bd3f
bc70
bc54
bd71
bcb7
bd66
bd70
3d1d
3ca6
bd99
bd2c
bba0
bc93
baf2
bafa
3c5e
bd69
bb6f
3c01
bd41
3bcd
3d30
bca0
3c23
bae5
3dc6
3d11
bc2d
bd89
3c8a
bc10
3d81
3d83
3d57
3c69
bd3b
3d17
ba02
3d45
bc38
bd70
bd83
bd23
3d0c
bd58
ba19
bcd0
3d47
3b06
bd0a
baf7
3d3a
3c68
3c1f
bd62
3d10
3c18
3d0c
bc28
bca8
3d57
bd27
bccc
3bbb
bda7
3bb3
3d46
bd50
bd67
bc75
3d2a
bca3
bd7e
3d0c
bbcf
3bd7
3dc7
bc11
bd83
3d11
3d45
3bd1
3c5b
3c6a
3ccb
3d87
bd71
bbe1
3c9b
3d27
bd6e
3b78
bc00
bd0e
3d61
3cba
3d37
3d4d
3c60
bd40
bd73
3bf4
3abc
bd12
bb08
bc9e
3c5f
3d99
3b99
3caf
3c8f
3d8a
bc52
bd19
bc81
bd16
3cff
3ab4
bd5b
3ca4
bd69
bcfa
3cc1
bd70
3ce5
bd1a
bd9a
3c8e
3cce
bc0a
3c4e
bd33
3ccd
3d8d
bd1f
bd1e
bc88
3d3f
bcf8
bc1e
bc9e
bcca
bce6
3cbf
bc5a
3d8a
bcad
3d6b
3d0b
bd15
3d1f
3ce8
bc27
bc08
3d16
3b13
3cc5
3caa
3d45
bc80
bd04
3d61
bcba
3d48
bb02
bccc
3cdf
3cc5
3d5c
bd19
3d9d
bc2b
bc00
3acc
3c87
bc64
bbfd
bc8c
3d54
bd59
bd14
bc1a
bbb6
bd3a
bce2
bc9d
3cea
3c77
3d10
bcae
bd2a
3cdc
bcb0
bd2e
bcc7
3a26
bd8f
bc7c
3d21
bc96
3ccd
3d4c
3c3f
3a12
ba08
3da1
3c35
3cbe
3d0e
bc81
3d7b
bd86
3b80
3d62
3bc1
bcbc
bc2d
3d4a
3c93
3c87
3b9d
bd2b
bd24
bd5a
3c76
3d42
bdad
bd25
3ce7
3d86
bd59
3b93
3d5a
3ca3
bd98
bdab
3c6f
bdc3
ba81
3cb3
bd52
3cea
bdea
bd7a
bdca
3e6d
3d18
3cad
3d04
bd61
3c90
bdb0
3d32
3d92
bd17
be42
bb6e
bdf4
3d5b
3bf0
3982
3d0f
3d30
3b89
bcda
3c0c
bd34
bd81
3e2a
bd9e
3c55
3d2a
beac
3e56
be58
be64
bdff
3eca
3bc4
ba88
3d87
3d81
bd7a
bc00
3d9a
bd52
bc84
be13
3ce3
bd9b
3e8f
bd0c
bdc7
3ddd
3e97
3aaf
be08
3df3
bd66
bd25
3df1
bc9f
3dbe
3e91
be17
3eab
be3a
3d43
3dc2
bd24
bb40
3d0f
3dcf
3d38
3e2a
bbbd
bdf2
3c15
bd27
3e99
bcb5
bd69
3e55
be2d
3ce3
3cdf
3e5d
3d06
be7f
3d0f
3cbf
bddf
beab
3d1f
3e0b
3e8c
3e17
beb3
3d87
3cb4
bcdc
bea4
bcef
bbf0
be86
bbd2
3e67
bacd
bdf2
bca4
bea1
3efb
bcb0
3d8b
3e82
bc91
3b6f
3c7d
3dac
bd3a
bde7
3e43
bb1f
3be0
bec3
3d2c
3de0
3e8c
3ed4
bef2
3e53
3db7
3e30
beac
3d44
3d13
bea4
3d15
3e08
3cac
be44
bc9a
be85
3e8a
3d0c
3a4d
3d15
3e8e
3d8e
3df4
bc1a
3c7c
3e2f
bba2
bc53
3e3d
be88
3ca9
3ac0
3da1
3ec3
be6f
3c00
3bc9
3dbb
bd4b
bc1d
3cda
be06
3d58
3dbe
bcef
bca0
3ce6
bc12
3cc4
3bcb
bd2a
bce6
3df9
3db2
bb47
bd83
bcb8
3dad
bb04
3b9b
bc27
bd8d
bbeb
3d57
3d6d
3dc5
bc15
3cf9
3d04
bc3c
3e09
bd4b
3d48
3d68
3d78
bd7e
3d22
3db3
bc28
bc30
be20
3bf6
bb8e
bbd9
ba2f
3d08
bd7f
3d60
3d04
3dac
3c5e
bd26
bdd4
3dbb
be6e
3d07
bd8c
bce0
3dec
bcb8
be12
beba
3ed7
3d3e
bd27
3d4a
3d03
be2f
bbb7
3ecc
bce5
bd36
bddb
3d11
3caa
3e2c
3e14
3b8a
bd5c
3d9f
3d8e
bd86
3c08
3cc6
be01
3e85
bde4
3b30
3d74
bec0
3f03
bd94
3b84
3d11
3da3
3d2a
3d16
be69
bced
3e9a
3ca8
3e45
bd21
beb4
bdaa
bceb
be36
3e4f
3bb1
be34
bdcd
3d70
3edf
bdb2
3e02
3c7e
be8d
3cfd
bde6
3cf1
3e9f
3e02
3d6d
3cf2
3daf
3ed0
beb3
3cbf
3d1c
3e1e
3a3c
3ec6
bc24
bd89
bc57
be6a
3e63
bc8a
3e22
3ed6
bd9e
bdd6
be84
3d8c
3e30
be00
3e4f
bc6f
be98
beda
3d09
3e31
3eb1
3ece
be8d
3e4d
bd1f
3e13
beb2
bd0f
3c59
bb2f
bd4a
3ead
bc1e
be85
3b9d
be51
3ee9
bcae
3ecc
3ec2
3e89
bddd
3e01
bcfa
bdcc
bcba
3eab
3d50
bdb8
bef0
be87
3d93
3e19
3efa
bee9
3eaa
be83
bcf4
bec0
3d03
3d4f
bd01
bd1a
bc39
3cd9
bd0d
3ca1
be13
3f04
3d80
3e34
3e62
3eb2
3e27
3c81
3cc7
be44
3d4f
3e55
bc05
3ea9
bed7
be0f
bc30
bd23
3e1c
bd9e
3ddc
bdb6
3e33
bd5a
3c66
3b70
3dad
bceb
bd98
bc29
bda3
3ca5
ba9e
3e3d
3d29
bc14
bbd7
3d93
3e26
bd18
bd61
bd63
bcc9
3c84
3ce4
3d4d
be32
bd14
3d3f
bd81
bc07
3dd8
bd07
bd90
bd80
bdd9
3d69
bba4
3dba
3ca5
bc86
3d30
3e09
3bd0
bce2
bcc2
3c0b
3cfb
bdd0
3d3a
3cfa
bdbd
3e34
3d11
bd59
bc54
3d22
bd93
bd5d
3d0a
3d1f
bc64
3de2
3e44
bd07
be8f
bdac
be26
3ce6
3d0f
3e81
3d64
3d0b
3be1
bd88
bc82
3e56
3d31
3cd1
bc7b
be88
3ea4
3e28
bc0e
3ecb
3ea1
be8e
bd2a
3cfa
bd85
be07
3e09
bc62
be85
3ce9
3e9f
bdaa
bcc0
3d9b
3e2f
3c3e
3c8a
bcf4
3d8a
bde8
3cd8
bdee
bc6f
bd19
3e02
3c37
be72
3e3d
bd9a
3d60
3dd3
bdde
ba3f
be6f
bda0
3d56
3d04
3c5a
3d99
3e39
bd01
3cf4
3cfe
3e2b
bdc6
3d8b
be1a
3d53
3d5f
3d89
3c28
3d48
3bb8
bcca
bccc
3cc6
3db3
bc4b
3d26
be4b
3e14
3e17
bd23
bcff
bebf
3dec
bdad
3d82
be1d
bd81
be6f
3dfb
be87
3d51
3d8a
3ab4
bdaf
bde7
bd97
3c12
3c70
3e12
bd6f
bdaa
bbab
be7d
bb58
3c84
3de6
bc14
3db5
3d43
3eaa
3e84
bd4f
3ee5
bd93
3dea
bde5
bd8f
3d22
be5b
bda5
3da1
be8e
bd27
3ebf
bdb7
be0f
be6e
3d39
3cbd
bc18
3e9e
3d14
bddd
bd11
be8a
bd20
3e5f
bd87
bbcf
bcef
be20
3e5f
3ea6
3e3d
3e8f
3e01
3e11
be95
3d24
3bc5
3d80
bb4d
3b23
befc
bd8f
3e5a
bddc
be64
bc2c
bcff
3cb8
3c6f
3e5f
3c46
be02
bc3a
be49
bced
3daf
3bfb
3c87
3b31
be33
3e2c
3d60
bdbc
3d66
3d45
bd08
be50
bbb9
bda4
bd87
3d41
bd2e
be4a
bdac
bc7d
bc07
bb2d
3dbe
bd9d
bd71
bd84
bb2c
3d2f
3be5
bcaa
bdcd
bcd8
be0f
3df9
3d03
bd55
3a6e
3c6d
bc2e
3cb7
bde3
bd6a
bdb2
bdaf
3cd5
3e09
bdc0
3ddf
3d9b
bcfe
3dac
bcbf
3edf
be71
3e6a
3db8
3c08
3d51
be37
bcb5
3d56
bc99
3de9
bc84
bdc4
3e81
3cac
be2d
3d99
3e73
3eb6
bdda
bda0
bd42
3d74
be40
3c5f
3dce
be70
bda6
3de9
be56
3c05
bd30
3eca
beb3
3ecc
3ebe
3d8d
bc35
bd78
3da6
bcb4
3c92
3e27
bccc
3e41
3ce2
3bd4
be64
bb99
bd55
3e9e
3e2c
be98
bd9f
3d0c
bec2
3bf1
be4e
be59
be2a
3dd9
beee
be8c
be5d
3e0c
3d32
bba9
3e2e
bcb9
bd58
bd9b
3b83
bdda
3d81
be26
bd05
bd31
3cb6
bc2d
be17
be1f
bd8c
3bde
3e4e
bd92
beb6
bc49
bd0a
bc8b
3dba
3d60
bc36
3d4d
becb
bde3
3e31
be9a
3e83
3e1f
3d8f
bc2f
3d16
bc28
3d14
beb8
3cd2
3df8
3c8d
be05
3e20
3cb8
3d59
be0e
3c98
3d9d
bebc
bcd1
bdc1
be18
bd22
3daf
3ddb
3da1
3e0f
3d84
3e47
be91
3e24
bead
3e4b
3d79
3ed7
bc59
3da4
bd5b
bc91
be9c
3ccc
bc49
3c7c
bd47
3d8a
3a42
bc54
3bbd
bcab
be61
beb6
3d52
be1a
be7d
3bd1
bd39
3e55
3e31
3ebf
bdb8
3e98
be86
3ead
bdf8
3cb9
bc03
3d75
ba2a
3c74
3c86
bd64
3d19
3caa
3cb0
bc85
3d82
bbd1
bd24
3b56
bb9f
bda9
be11
bc93
b947
3df9
bdc3
3e89
bcdb
bc6d
3cef
3e2e
3cd1
3e5c
bdc0
3e09
3c18
bd11
bd29
bc46
bc3d
3c5d
3ce0
3cd3
3cf6
3d03
3dc2
3cda
3d74
bd87
bcd7
3d18
3d35
be06
bd8d
bd43
3da9
bc4f
3d8e
bd06
3d9d
bd43
3db9
3d2a
3d1e
3da3
3d8c
3daf
3d91
be59
3d88
3d96
3ba1
bd12
3d7b
bc06
bd59
bd0d
bcda
bccf
3e32
bd6e
3cc7
bce3
3e32
bd68
3dd6
3df7
bda4
3d10
3dfb
bca2
3cb3
bddd
bb77
bcb2
3cf1
be18
be51
bdf0
bbe6
be81
be0a
3d84
3d04
3d0c
bc35
3d95
3dd0
bbd6
bdb4
3d0a
3e90
3dba
3c40
3e6c
3e7c
bddf
3dfe
3e9b
be15
bd7b
3e19
3df6
bc5e
bd18
bcbd
be8b
bd73
bdda
bca0
be8b
3d9c
be23
beb8
3d99
3c79
3c7e
bd56
3c13
3e84
3cb4
bdb6
3ce5
3e1a
bdea
3b4c
3eb7
3e5a
be3a
be46
3e54
be3b
bdc8
3d06
3e87
3b29
bd71
3cb0
bbb0
3b61
3d76
3dfd
be8d
bc8c
bded
bde4
3e0f
3bb6
3d6a
bd63
3d16
3cbd
3cca
3d9f
bc93
bd8c
bdde
bd1d
3e74
3dc2
be0a
be4e
b965
be4a
39e2
be11
3e1b
3b95
3c43
bd5a
3e0e
bdb0
3ebe
bd42
be27
bc39
be3e
bde3
3d86
bc91
3ce4
3de0
bd90
bd80
3d8d
3e2d
3c98
bcdf
3c9e
3d12
bd93
3e2f
be03
bdf6
bdb7
bc14
3d08
be6b
3e97
3d18
3dde
3bd7
3df4
3e09
3eb4
be72
3dad
bd4f
bc3c
3d7a
bd86
bcc4
3d8b
3d0e
3a9d
bc59
bce9
3bb2
3c84
3a90
3d2f
bcaf
3b0c
bd0a
bda1
bd32
3db3
3d10
3c75
3d27
3d08
3d6f
3c23
bb13
3dbb
bc01
3bac
ba9b
3dbd
bcb7
bbf0
bd20
3a64
bd18
bc31
bd5e
bd0e
3d4a
bdad
3d81
3d14
bd91
bd8f
bd52
3d12
bca5
be21
bc9b
3cf9
bd1f
3d35
bd2c
3d7b
bd1e
3cf4
3d54
3d38
3db1
3d70
bd93
3d92
bd73
3c3f
bd58
bbd7
3d73
3d40
3df4
3ac4
3d82
3d26
3e19
3c51
3e82
bdfb
3c6f
3e87
bc07
bdb4
be44
3e28
bb10
3d96
3ce7
3b43
bd68
bda7
3e2b
3d2f
3cd3
bd15
3dac
3d92
3db3
be88
bd4d
bdee
3d94
3c91
3eb7
3d87
bd36
3d1a
3e98
3bd4
3eea
bd8c
3d95
3ee7
3c3f
bd2a
be49
3dea
3cec
be62
3d0b
3e17
3d99
3bc0
bd49
3cc6
be07
be11
bb86
3dbb
bb43
bcf6
bd4e
bdfb
3d74
bb6e
3e94
bc15
be08
3b2e
3dc5
3dd2
3de1
bc1b
bcb5
3dd8
be6a
3e1c
3b03
3ce3
3d77
be00
3e30
bd2b
3ccf
bcd6
bdd5
bdc8
bda5
bdeb
3e13
bcb6
bd22
bd90
be17
bd0f
3cce
bd89
3de3
3d50
bdce
bcf0
3dd4
3ca8
3d04
bdf0
3d80
3da3
bcb6
be02
bc20
3cac
bce7
3db1
3c93
3dcd
3c6f
3d91
bd16
bc98
3dea
bd9d
3c0b
bb9a
3d9c
3ce2
3b15
bd37
3d0d
3cc9
3e0f
3c6c
bd51
3d09
3bbc
3cf8
3e23
bd8e
3cf5
3d96
bd3b
bd0e
bcff
3cca
bda0
3e03
3d4e
bd5e
bc03
bda4
bd1e
bdb0
3db0
bd99
3e43
bd48
3d82
3bfb
bc60
bcdd
3d06
3d31
3d1e
3c22
3daf
3d53
bcca
bcd0
bbd1
bc0e
bcbc
3a91
3cfb
bd60
3d8d
3d0b
b9b8
3d7c
3d14
3d8f
bd05
bd60
3d8b
bd5b
3d17
bd9f
3cba
bd90
bd24
bce4
3d19
3d42
3d17
baa7
3c3e
3cca
bd00
3d09
bd60
3d60
bc35
3d05
3cd3
bd53
3b4b
bcb7
3c4b
bd3e
3d10
3d20
bc14
3dcf
bd2c
bcae
3ad8
bbd6
bcb6
3d2f
3bb9
bcc7
bc83
bdbe
3d85
bd06
3bb1
3c1a
bc66
bcbb
bd27
bdab
3d04
3c8f
bccf
3be5
bc41
bc8b
bbed
3d23
3c07
bd21
3cf6
bce3
3cb3
3cb2
bde3
3c2c
bcd3
bbb4
3d8c
3c96
baa7
bd91
3d5d
bbb3
3d0a
3c23
bc6f
bd62
3c2b
bd0e
3d0a
3d5c
bd16
bd39
bd38
bcad
bb6c
bd12
bd8f
3bf0
bd6e
bd2f
bc0a
bd78
3b89
3cdc
3c98
3d2c
3d3f
39ed
bca3
bd18
3d02
bd33
3c8b
bcde
3a9a
3cb5
bd70
3ce4
bcba
bd08
bcfa
3b73
3cf7
3d17
3c51
bc9a
bbb3
3bc5
bd40
bcc9
bb7f
be03
bc52
bcfd
3d2e
3cb6
bd7b
3c89
bd89
3d79
bd0a
bb98
3d07
bc4f
bce2
bc96
3d2a
3d98
3b4a
bca9
bb99
bbb9
3c78
3c1a
3c31
3c1b
bcb0
bd87
bcfd
bbd1
3c42
bce2
3c72
bc9f
bc85
bb7c
3d81
bcc1
3ca4
bc86
3c0d
3d49
3ceb
bda7
3d31
3c8e
bd43
bbf9
bc27
bb87
3d06
bcf3
3cd6
3c75
bbfd
bcbc
3d21
3cd8
3d3a
bb84
3d2f
3d8a
bc56
bcab
3d21
3cc4
3d51
3cbd
3c10
3bc8
bbcc
3c24
3a7b
bcba
3d4f
bcb4
3c83
bd2f
bc33
bc83
bcdf
3ad3
3d01
3b39
3d4c
3bd2
bc8f
3ccf
bce0
bd37
3c9a
bd2a
bc92
bd56
3c73
bd37
3ce3
3b8c
bd26
bd58
bc13
3cb5
3cb2
3db6
3da4
bb8e
3ad9
bd4c
bccb
bd37
3c18
bb60
3d19
3ca0
bd11
bb45
bd6a
3c01
3af5
bd37
3ca2
3c98
3d84
bcd5
3c91
3b5d
3d89
3d30
3cd5
3c7e
bc82
bcb1
bd53
bcc4
ba2e
3b26
ba8c
3d81
3d0c
bd6f
bca9
3d0a
3bb7
3c9c
bd1b
3c55
3dd1
bbdb
bc8b
bc3d
bc6a
3d55
bc1f
3d08
3c1a
bd14
bd14
bd02
3d06
bd05
3e00
3cd9
3cf9
3d1c
3b4a
3d0f
3afa
3d3a
bd66
3bb5
bd42
bc9f
3ca6
3d2d
bce7
bc87
bd1b
3d18
bc0b
bd47
bc6d
3cc0
bc34
3c7a
baeb
3ca8
bd30
bd61
bcbf
3cff
3d05
3cb4
3cf6
3c8b
3dc5
bc60
3d93
bb62
3c1a
bcff
3c9a
3cca
bd33
bcab
bcc7
3b82
3c64
3cd0
3a1b
3d1f
3cd6
bb88
bd2c
3d89
bc8b
3d19
3d91
3cce
3da6
bd12
3bd7
3d66
bcef
bd27
bc0e
3d0e
3bfb
3b48
3cce
3bf1
bd4a
bd25
3cec
3c51
3d28
bd2a
bd21
3bc9
bd8c
bbdc
b823
3d69
3ca4
3cf0
bcda
bd6d
3cef
3c84
3d51
bc23
bccf
bce5
3d1f
bbd0
bcf3
bd13
3c0a
bc4b
bd2f
3ce5
3d9e
bc74
3d3d
bd6d
3b41
bd7d
3c9a
bd1e
3d00
3cbe
bc54
3d7b
bd30
3d5e
bcf0
bc2e
bcfe
3b60
bc9d
3cf2
bb95
3dda
3c9e
bac2
3d35
bce4
bd1d
bc85
bdbe
3cbe
bd1c
3d88
bd46
bb04
bdcf
bdce
3d22
3cdd
bce5
3d09
3d18
3d94
bcdf
bac9
3cee
bb8e
3db1
3d2d
bb1d
3d7a
bc3b
bd5a
3d00
3ca8
39ce
3ccc
bd67
bcb0
ba63
3ccd
3c68
3cc3
3bc8
bd21
bc2a
bcd1
3c86
3cf7
bcd4
bca5
bb18
3d4c
3cb9
bce3
3be2
bd30
3d21
3d4c
3d03
bca2
bac5
bced
3d73
bbe9
3cab
3ca4
bc4c
3c66
3caf
bc85
bc1d
bc98
3d08
3cf3
3ce9
3d10
3cc9
3c9d
bbba
3cc5
3cc5
3c86
3d17
bca2
bd90
3c8f
3ca5
bc98
3bb0
bbcb
3cac
bbcf
3c2e
bc7f
3d4d
3d77
bc9f
bdb5
bd20
3c12
3cc9
bb3e
bc53
3c4d
3cd8
bac6
bca3
3af1
3b09
3cb7
bd1f
3d30
3c3c
bc3f
3b5f
bd27
bb9d
3d4c
bc78
3d99
bcb8
3d40
bca3
3c90
bcac
3c3c
3d86
bd3d
bd6a
bcea
3ce4
3c8c
3c21
3d1e
bab0
bcda
3c14
bcf2
b9c3
bc06
bd35
3d14
3ca2
bd85
3d11
bca3
bc83
bc6d
bcc9
3d68
bd05
bd64
bce7
3bd4
bda3
bd2a
bd31
bda5
bbd2
bc84
3ba8
bbc7
bd0d
bd0c
3d01
bd07
3ce7
3b59
bcde
3c09
bce9
3d1f
bd88
3a5f
bcff
3bfb
bcc3
bca4
3c7a
bceb
3d3a
bc1b
bacc
bc48
bd9f
bb86
bd80
3cc2
bdb9
bd19
3c9a
3d73
3cfd
bc06
bc92
3c73
3c43
bd41
3d96
3cdb
3bf1
ba8d
bcd1
3d09
bc55
3c88
3ccd
3c8e
3ca9
3bae
bd13
bd83
3da9
bc8e
bd1a
3cae
bcef
3c8a
3c40
bd1a
bd1c
bd2e
3d04
bd1c
bab2
3ceb
bc58
bc24
3cb8
3c99
bd4a
3cca
bd48
3d24
3cbf
bce0
3d14
bd0f
3d6a
bd52
3c9d
3b42
bd76
3d90
3ac9
bd4a
b9b6
3c9c
3cb8
3cad
bd62
bbc4
3d71
3caa
ba41
3c54
bcd9
bc25
bb30
bbe8
3d28
bc92
3d27
3cea
3d2a
bd4a
bb06
3c93
3d0b
3a2b
bd67
3d79
babc
3c95
3d16
bcbf
3d86
bd20
3d30
bc97
bb90
bd4e
bc26
3d11
bce7
3c33
3b42
bd3e
bd20
3b87
bcf2
bd44
3d64
bd8e
bc68
bcf5
3bb6
3d82
3aab
3bd4
3cf3
baa5
3d53
3cd0
3c9e
bd47
3d02
bd20
bc9e
bc97
3d54
bc44
3ce7
3cfd
3d31
b719
3d0d
3caf
3cae
3c82
3d30
3ce9
3c58
bd8e
bc21
bb70
3cf8
3cd7
3d34
bcfc
3c86
3c75
3c5c
bbe9
3ca5
bd10
bd31
bd6c
3d9d
3d11
bd1e
3cf6
3d08
bd6e
bb8b
3d62
bd1c
3d29
3bf5
bc0a
bd83
3d6c
bc8c
bd3c
bbf3
3c45
bdb8
3d56
bda5
3bfe
bc3f
3d89
3d44
bbab
3d11
bcec
3d34
bbe7
3c87
bc65
3ce4
bb31
baeb
3da2
3b4c
3d63
bc9a
bc9e
3c95
bcbb
bc03
bdc2
bcb2
bca8
3d9b
3bf0
bb08
3be1
bd16
3c5d
3c89
3cdd
bce9
3ca6
bc7d
3cd9
3c4c
bd35
3cee
bd63
ba86
3cf0
ba8f
bd10
bc97
bc8d
3d16
3c9d
bd3d
3cad
3cf4
3bd9
bd9e
3d04
3ca8
3cf8
bdab
bcc1
bbbe
bc8d
3dba
bd07
3d12
3d51
3d73
3cd3
3cbf
bd04
bc0b
bd96
bd15
bc7b
bc95
3ccc
3c93
bcc6
3d41
bb9c
bd85
bd8a
bc76
3d20
3c0b
3cb6
bd11
3a6d
bcd7
3c12
3c97
bd65
bd8a
bd9b
3ae0
3d22
3c78
3ca5
3bc7
bcd2
3d55
3c2f
3d5d
3d5e
3bda
bd26
bc06
bc75
bcff
bd2a
3d05
bc43
3bed
bd10
bc8a
bbe7
bccc
bcb5
bda8
3d0f
3a38
3c5c
ba8c
bcd5
3d47
3c9d
3c95
bb5b
3b5a
3cc8
bb00
3a39
bd5d
3c8e
3c8b
3cb5
bd76
3c09
baaf
bcf4
bc71
bca9
bca7
3d07
3c38
3c95
3ce3
bc4f
bc50
bd01
3c7b
bd22
3ccf
3d04
3bd0
bd0e
3c5b
38a1
3d05
bca3
3cbd
bd33
3cb7
3bfd
3cb6
bcdb
3cda
bc10
bccd
bd10
bcbd
bc99
3d76
3b31
3b17
3c61
3cd9
bcc3
bc3c
3d61
bc82
bc6a
bd71
3d18
3c96
bd43
bcb1
bc8a
3d5f
bcd8
3db2
bc40
bc83
bcb7
3d2a
bd82
3b25
3bfb
bd2f
bbbb
bd2c
3c9a
bd1f
bbab
3d47
3d3d
bbcb
3b4f
bc8d
bbad
3cf8
3cd2
bd17
3d4e
bcce
bd29
3bea
3d07
3cb6
bd9f
3cd2
bcdd
3a8b
3d1a
3d58
3ab9
ba1e
bb43
3d07
bd57
bc8f
bd9c
3d46
bba8
bc6f
3ce7
bca9
bbf6
3ce1
bc8f
3d17
3d1d
bc03
3aee
3c99
bca7
bd3f
3c10
bca1
bcbe
bc67
bd10
bc73
bd91
3d0e
baaf
bcd8
bce5
3c84
bb13
39d3
bd80
bd22
3c85
3b6a
3d8e
bc9f
3ca4
bd4f
bd6c
bc92
bd0c
bcf8
3b2d
bb89
bc03
3d35
3c02
bd35
3cfa
3ccc
bcb4
3cc5
3cc0
bc9a
bc81
3d02
bd4d
bc65
bd3c
bd45
3bac
3dc9
3dd1
3d97
bb9d
bd75
3d88
bd0a
3d79
bbca
bc2f
39ab
3bc8
3bfe
bda0
3cc1
bbf1
3c83
bb21
bc32
3cf2
3ca7
3c9c
3bb6
bd03
3bba
bd2b
3d02
bd6a
bc8e
bdfc
bd42
bc02
bcc2
bc7c
3d3a
3bbb
bce9
bc9c
3caf
bc3b
bcaa
3ce4
bbe8
bd02
3cb6
3c10
ba9c
3d0c
3d51
3cf2
3cc3
bc16
bcd8
3d6c
bc84
bc24
3cfa
3cfa
3c42
3ccf
3cc1
bb4a
3bc4
3d3a
3cd2
3cea
bd5d
3c0b
3c93
bd67
3ce0
3a8c
3c3c
bc95
bd8e
bd00
3c75
bd40
3cc8
bcd7
bcc2
3c03
3d3a
3b3f
3cf8
bd53
3d5e
3be8
3d58
3cf5
bba1
3d88
bcd8
3cc0
3d9b
bd47
3bdc
3d7b
3d9a
bd61
bc46
3b58
bc78
bd00
3cf9
3d50
bcb0
3cf4
3d14
3cfc
bc01
bcb0
bc35
3d80
3c14
bcdf
bd35
3cbb
3c56
bd00
3d29
bca8
bc84
bc0c
bd69
bcce
bd5b
3cab
3d48
3d4b
3d2b
3d00
bbe6
3cce
3d3d
bd8f
bceb
bc71
3dda
3c0f
bda7
bcfc
3d26
3c9f
3cc3
3cc6
3d6a
bd2f
bcad
bd3f
b941
bdaa
3d1f
3c1a
3d36
3dd0
baa0
bd40
3c1f
3d15
3cda
3c85
bda5
3d0b
bce2
bd7e
3c00
3d49
bc9e
bd15
bd5e
3d04
bd63
bd12
bcc1
3c87
3d49
bcca
bd0f
bc4a
baf5
3cef
3c75
bd4d
bd54
bcd5
bb2a
3c17
3d29
bbe9
3c84
3cd8
bd3f
bcfa
3c76
bc01
bdd6
bd42
bbfb
b9aa
bd0c
3d11
bc79
3d66
bc8a
bd5e
bc80
3c6c
bd3c
3dd6
bd8b
3c24
3d91
3c76
bcc3
bd9c
bb5d
3d3f
bd39
3cb4
3d54
3ce3
3d08
3a84
3c73
bcfb
3c6a
bb7b
bd62
3b2b
bda7
bc16
bcd5
bbf5
bd1d
3cf2
bb4f
bae5
bc90
3cc6
3d17
b9a8
bcec
bc78
3c6b
bd79
bb47
bb46
bbf5
3d49
bbc9
bc93
bc15
bc62
bd82
3d96
3ce6
bb56
bd00
bd0f
bb58
bcf7
bc84
3d36
bc4e
ba92
3d08
bca5
3b05
bc60
3d7d
bd75
bb1f
bb81
bd74
3c31
3d53
3d1f
3d0c
3a6c
bd60
3c7c
bd40
bb33
3d0a
bcd1
bcd7
bd40
bcf4
bd33
3c8c
3cfb
bdd7
3c4d
bd6e
3d34
3ba5
3ca9
3c76
3c19
39c0
3d03
3cb4
3ccb
3d7d
bd3a
3b52
bcda
bcf8
3a9c
3d34
bd2a
bc85
bd32
bd68
3b6a
3c9b
3d90
bd01
bcbc
bd03
3d29
bd1f
bcf4
bc15
3c18
3c87
bc68
bca8
3cee
3c5d
bcee
3d86
3d6e
bbc2
bce8
3d51
3d50
baf9
bcb8
3d4c
bd03
3d3d
bc80
bc77
3c25
3c7a
bdcb
3c78
3b0b
bcf4
bc8f
bd82
3ac3
bceb
3d16
bc38
3d3b
bc95
bd4c
3db1
bc9e
bd7f
bd67
bc30
3d21
bd6c
3d74
3d6e
3e11
3d6a
3cf9
3c68
3d96
bbdb
3bba
3cc8
bdb0
bceb
bba4
bca2
3cf0
3d95
3cb5
3ab3
3c9b
bcfe
3c21
bd88
3ce9
bd0b
3c54
3b90
3d4f
bd2f
bb71
3d29
3cbf
bd03
3d07
3d43
bcc4
3cfc
bd45
bcae
3d9f
3a6c
bd2a
3cd1
3c8a
3d1b
bcaa
3a96
bcef
3caa
bb02
3c75
bd36
3d06
3b28
bc58
3cb7
bc0c
3cbf
bcae
bc8a
bc93
bcf7
3c9d
3cce
bce7
3db5
bb47
bd82
bd4e
bd2d
3c0d
bcdb
bcac
3cb1
3c7a
bcdb
bd00
3d1c
bc5e
bd8b
3d5b
bb9f
bac7
bcf2
bc73
3bd0
bbeb
3d37
3d1b
bd81
bd09
bc25
bc63
3d0e
3d85
bd21
bb6b
bd46
bc0a
3d08
3d84
3cd2
3b91
bc65
3958
3a0d
3caf
3d3f
bcb7
bd8b
3c94
3cfb
bd00
bc18
3d0d
bc86
3c70
3d1c
3d0b
bc98
3d95
bb1e
3c93
bc88
3d51
3d8d
3c4c
3d97
bc33
bbe3
bd51
3d61
bcc3
3d99
bc36
3d61
3d1b
bd15
bc58
3cca
3d18
3d17
bc05
bd25
3be2
bcf8
bd8f
bcfe
3c80
bc3e
bd02
bbeb
ba81
3d3e
bc99
3d21
3cc5
bca0
bd06
bb21
bbad
bbe0
bd56
bce6
bd06
ba7d
bc22
bc65
3c91
3c03
bd4a
3b30
3c69
3d20
bc29
3bd0
3d03
bd09
bcf7
bd24
3c85
3d06
3cad
3a94
bd5c
3d24
3d2b
bc01
bcc2
bbce
bcd1
3b84
bc0c
3c17
3bf5
bd03
bd2d
bbc9
3c63
bc9a
bdc4
bbb9
3ade
3d24
3c83
3cf7
b905
3b40
bd0e
3d02
3d0f
3dd3
bc9a
3df6
bcd3
3bfa
bca4
3cd0
3cce
bc8d
bcf1
bca8
3c9f
bdd0
bda8
bbc7
3d48
3c8d
bc2c
3c95
3d0a
3bed
bd80
bd22
bd03
3ca9
bcdf
3d81
bc54
bd10
bcab
bcbe
3c7c
bbca
3ce3
3d28
bc95
3d2d
ba8e
3d79
bc18
3b9f
3c2f
3d2c
bd38
3c06
3d46
3ce1
3c14
3bd8
3d1a
3ccb
3da9
bbc8
3cb5
bcd1
bd7a
3caf
3c68
3d5d
3d57
3d2e
bd48
3b58
bd37
bd20
bd13
3d09
bcc1
3c4c
3d39
bbb5
3d01
3dcd
3b19
b9de
3d11
bc8e
bdcf
3cdf
3dac
bc7b
bc13
bda8
3d91
3c25
bd6e
bd32
bd67
3d7d
3d09
3d1e
3d88
3bcf
bd82
3cc1
3d63
bd1d
3c1c
3c86
3c14
bd0d
3d8f
3c3b
3c89
3e00
3dcb
3d39
3bd9
3bc0
bc50
bda6
bd02
bc1c
bdad
3d0a
bd02
3c8c
bd0c
bc93
3c3a
3c12
3d17
3ab1
3c96
bc8c
bdb1
bcdb
bc9f
bbe1
3c15
3d36
bcbf
3c82
bc50
3d03
3c62
3d72
bc62
3c98
bc08
3cca
bd07
3c32
bbf4
bcd7
bd42
3d65
3c3d
3c7b
bdb2
bce0
3c78
bcb2
bcd9
3c11
bcef
bcbc
bd0b
3c21
bccf
3d23
bd58
3c80
3caa
bd73
bbda
bcf8
bd08
3d43
3c74
bd01
bc75
3c54
bd12
3d2e
3d14
3b9c
bc71
bd38
3bd1
3ced
bdac
bade
3c5a
bdfc
3c16
bd28
3ca3
3d5f
bd0a
bd22
bc18
bc69
bd3a
3b86
bd29
3b7f
bccb
3ba9
bba2
bd97
bd84
3d25
bce7
3c0b
bdcc
3e16
3d39
bd01
bcd5
3cb9
3adc
bc20
3c51
3c7f
bd38
be14
3ce0
bd91
3cf7
3c6c
3d14
3b90
b98f
39ca
bc23
bd5b
3c97
bd8a
3e45
bd94
bd71
3d24
be83
3e0c
be28
bdac
be83
3e7e
bccb
3cbc
3d91
bb4f
bd77
bd24
bb86
bcbd
3d80
be23
3ce8
bd92
3de4
3df4
3d96
3db7
3e8b
3dcf
bdc8
bbd0
3cf4
bd91
3e65
bce1
3ce6
3db7
be13
3eaf
be6e
3ae3
3d39
3dcd
bce8
3cae
3cd7
3c05
3e7f
3d6e
be9d
3a86
3cf2
3cd6
3d43
bd3a
3d72
bd47
bded
3e4c
3ecd
3d57
bdf4
bc23
bcb2
be7c
bdcd
3c77
3d0a
3dea
3e4e
3c67
bbc3
bbd4
bd37
be74
3d65
3c92
bd82
3ccf
3e85
3cab
be91
bccd
be16
3ea3
3d81
3d8d
3e76
bb4c
be1b
3e66
3e95
bd89
bd6a
3dd7
3cc7
bd49
be98
3d8d
3d20
3e62
3e91
be42
3e34
3dbf
3dd3
beb3
bd41
bc65
be48
bc24
3cbd
3d54
be26
3cb9
be7e
3e94
bd5a
bd44
bdbb
3e46
3d5e
3c95
3ab4
3cf0
3d8e
3e1a
bb90
3e31
be92
3cd2
3cd2
3dbc
3e9e
be16
3e0c
3c30
3d1a
bddb
bbf5
bc93
bd1a
bd23
bae7
3d97
bd14
bd3f
bda9
3da8
3c18
bcb9
bc4e
3db2
3d1a
bd04
bc87
3c85
3d7f
3d88
3d88
3d9b
be0b
bc02
3ce4
bc84
3de5
3c6e
3d06
3c27
bc40
3e09
3d01
3cc3
3d38
bc50
bd0a
3ca9
3d8b
3ce0
bd5c
be1b
bbb3
bc26
bc9c
3d29
3d17
3c2c
3d85
3ce4
bbb8
bd88
3c1b
bc3a
3c91
bdb6
3d6f
3d94
bcd5
3d9b
3d91
be27
be34
3ea7
3ca2
3c2a
b9c8
3d69
bde3
3c94
3e96
3d46
3ce1
be4e
bd0a
3df9
3e10
3d36
3ca3
bdba
3de4
3cb6
bda1
3d28
3c17
be28
3e57
bdbd
bd41
3db5
bec6
3ec0
3dda
be85
be74
3eb6
bace
bd36
bdbd
b8b5
3e7c
bd34
3e69
3c93
3d8e
be90
3ba8
3ddc
3e82
3ba5
bdf6
3d30
3c67
3ead
bcb5
3e08
3ca6
bea3
3e88
be33
bafa
bdaa
be94
3d0e
bb9d
beba
3e59
3db6
ba8a
3c17
3e54
3ca8
3f10
3d49
3ee2
bb4b
3d5c
be76
bcd0
3e2a
3f09
bdb5
be89
beaf
3e1b
3eda
bdb3
3bd8
3cd9
bf0d
be24
bed9
3d61
3eb4
3e15
bece
bdd9
bd92
3d5c
bdcf
3d12
3a90
3d2b
3c0e
3e50
3c8f
bd99
3a96
3c62
bd7c
bd30
3ea1
3e2d
3cea
be29
bbf6
3e0f
3d22
bda7
3e05
bd2f
be60
be6f
be7d
bb21
3e1a
3e88
be08
3e15
3d98
be5a
be85
bd02
3d09
3de4
bcab
bb9d
bbad
3e1c
3c39
3d02
3e7a
3d1e
3e43
3de4
3e76
3e3b
3c97
3dd4
be19
3d35
3dac
bcbf
3e00
be8d
be60
3d9b
3d1a
3df6
3c89
3d2c
bcc8
3e32
be21
bdbf
bbc3
3e47
3d3a
3cd1
3cae
3c28
bc56
3c86
3e3f
3cbb
3c5f
bcf5
3e29
3e44
bcd3
3d8e
bdf3
3bb7
bd9b
3d15
bcf9
be22
3d7e
3d8d
be33
3c86
bc15
bd93
bd76
3c23
bd86
bd03
3ccb
3ba5
bc3a
bc38
bcae
3d93
3d39
3c2e
bda4
bcfb
bd2e
bd46
3d95
3ddb
bd67
3d94
3d61
3a1e
bd61
3ced
bd3b
bc61
3d26
3d5e
3d2f
3b46
3de5
3c7a
be9e
bd1d
be38
3ca6
3c8b
3dfb
3c83
3a50
3cc8
bd4e
3bd2
3dfe
bd41
bb46
3ced
be5f
3e23
3e37
bdbd
3e8f
3e3a
bde0
3bde
bc4d
bb9d
be17
3da2
bd02
bdca
3cd8
3ddb
be23
be21
3d9a
3e77
bacd
bcc4
bdd4
3d3d
be69
bcf4
bcf9
bc41
3da1
3d33
3c22
be7d
3e80
bb5e
3d5b
bda4
3d9f
bd24
be3c
be3e
3d6a
3d1b
be31
3dfc
3d4d
3ce3
3d89
3e12
3e0b
3de6
bdd0
bd91
3d38
3d15
3cbe
bce2
3e10
bdaf
bdcf
3d17
3dcd
bd8d
3d0e
3e18
be63
3d09
3e0a
3d9c
be32
3d69
3d3c
bd23
3d80
bd84
bdea
bdca
bcf9
be90
3de1
bd6e
3c95
3e3b
be16
bdef
3d2e
3d35
3d1e
bd2b
3db7
bceb
be89
bc35
3d93
3acc
bcad
bb44
be52
3ebc
3ded
3e29
3e82
3daf
3e94
bda1
3be9
bd94
3c90
bc2d
3c80
be77
3e0d
3ecc
be20
3e41
bd76
bd31
3d3b
bc87
3da8
ba11
be40
bcb8
be1e
3a9d
3dd5
bdcb
3c84
3d9a
be41
3da3
3d19
3e0f
3e5d
3e2b
3d79
be2d
bd24
bd36
3d45
3de9
bdb3
be44
3d8e
3e91
bdd0
bde8
bdc1
bdb9
3cbe
3d7f
3e43
3d96
3bc9
bc99
bd31
3d9c
3e4e
bd24
3c3a
3e03
bd63
3dbb
3cf9
3caa
3da0
3cdd
3c1d
bd58
bce2
bd4b
bdc0
3d97
3cde
be30
bd28
3be9
bcb8
3d28
3c4d
3d0d
3c57
3d8d
3d23
3d16
bd7e
bcc8
bd29
3cdf
bd20
bc4e
3c1c
3d33
3ddd
3bb5
3a0c
bd86
bcb7
be07
bd7d
bd22
3cd9
3dde
3c74
bd0b
bc90
bc93
3bf7
bc02
3e3c
bdeb
3e36
3d21
3d4b
3cdb
be06
3d2c
bd35
3d13
3d4f
bc84
bdf1
3e4a
3be8
be40
3dd6
3d66
3e02
bdcf
bda8
bdce
bd74
bd4d
3cb6
3e1e
be02
bc11
3dab
bdb8
3cb8
3c35
3c9a
bacb
3e4c
3d10
3d4a
3dcd
be2c
bc00
bd90
bc48
bda0
bda2
bd4a
3dc1
3c93
be36
bdba
be0a
3e05
bc63
bc21
bd83
bc73
be43
3bd3
bd28
bdf4
3c5b
3de0
bdf3
3d38
3e0e
bcbb
3e36
bde2
bda9
3c35
bbd4
be49
bc50
be57
bd0b
bec2
bd39
be43
bbc4
3d4c
bde4
beaa
3e45
3e89
3de9
3d6d
3cb0
3d33
bd42
3d9d
3e22
3e22
3e1e
3d98
beda
bddf
3f0d
be54
3e41
3dc3
3e78
3ca2
3d01
be11
3c17
be9e
3d3a
3d8f
bced
be07
3d9b
bd3d
be3b
bd00
3d8e
be1b
bd86
3b48
be64
3e14
be48
3dab
bd9e
3dcb
3d60
3d2f
3d58
3d78
3e09
be5f
3da8
3c5c
3e5d
3cca
3d9b
be1b
3da0
be2d
3b87
3db1
3c4a
bdce
3e2d
bc4d
bdac
3cb1
bd0b
be05
be9d
bd13
be4c
be29
3d9c
3cb0
3e3a
3e16
3e17
bd94
3e5c
be6e
3e3f
bd9a
3cd1
bd16
3dcd
3da6
bcab
3c4e
3d64
3d46
3a2b
3c73
bcdc
3e03
3d5f
bd20
3d84
3cf7
be57
be05
bd16
3da2
bcba
bdcd
3e74
bca8
3e08
bd60
3e3f
3d61
3e6b
bd98
3d81
bd8f
bd3f
bd96
bd9f
bce8
3d0d
bb63
3dbc
bd47
3ca8
3db9
bc0a
3cdf
bcb6
bd78
3d3e
3cd6
bdcb
bd5c
bc86
3d8b
bd01
bd84
3d86
bc6f
bce6
3b07
3dcb
3bde
3caf
3d7b
3dbf
3d22
be0f
bcc8
bd5b
3d91
bb49
3e8d
3ba5
bcdd
bc6f
3cae
3d47
3e3a
3d3b
3832
3d89
bc1a
bdbe
3d65
3b0a
bda7
bc1f
bcd6
3da0
bb8c
bd2e
3d1c
3d2d
bcb3
bdab
be42
3d7a
3ddb
be76
3d4d
3dee
3d75
3c31
3c92
3d86
bbee
3d44
bdd0
bc9a
3daa
3dbf
bd5e
3ce7
3e4e
be92
3b78
3e13
be27
bde9
bd62
3e30
3d27
bd6e
bce4
be09
3d54
bd8f
bd9b
be84
3da1
be19
bd32
3d9a
3db3
3bc7
3de9
3d0a
3d90
bd21
3daf
bd1c
3e21
bddd
3d19
3e1f
3dcf
be15
3ca9
3d7a
be38
bd82
bdab
3db9
3c94
bcf7
3d10
bdb0
3ccb
bd0d
bdfe
be7c
3d2f
bc71
be16
3c95
bc22
bd0c
3d8e
bca0
3dad
3c7a
3b9d
bbab
3d63
bd9a
bae3
3eae
3c4a
bb69
be94
3dcb
3d29
bd2f
3da5
bb07
3bdb
3cd5
bd3e
3d67
3c45
3d63
3cfb
be07
3d21
bdd8
bdbf
3c58
3d9e
3d7b
3da1
3c71
bbac
3cfc
3d26
3c42
3d6d
3d70
3d35
3cf3
3e01
bd94
bdc5
bd37
3cd0
bd27
be3e
3e38
3d11
3dac
3d56
3d98
3de6
3e6e
be33
3de2
bd14
bd6d
3cc6
3c83
3d02
3cf4
3d86
bd76
3d5e
bbca
bd82
bbcc
3d9e
3d6d
3c4a
3ca3
bdac
bd9e
bb65
3e1e
3dcb
bd44
bd6c
3d21
bc35
bbb7
3b88
3d12
3c91
3d50
bc93
3bde
3af7
3c89
bda7
ba0a
3be1
bd90
3c8d
3d8a
bc7c
bd7f
bc26
3d15
bc9f
3ca2
bc7f
3d64
bcd9
bdb9
bd2b
bd33
39d8
3ce0
3c89
3d08
3c42
bce4
3d3b
bcf1
bcfb
bc7e
3ca3
3d19
bcbf
3dad
bc9c
bb32
bd74
ba7d
3cd1
3d4d
3da2
bd05
3e11
3d13
ba0d
be03
bc68
3dee
bc05
bd90
bdcb
3bb7
bd71
bc23
3c04
3af0
bd8a
bd34
3d5c
3cdb
bc8d
3d28
bb90
3d07
3d9d
be10
3bf5
bd1f
3c9f
3c41
3e3a
3cf1
be18
bba4
3e1f
3d65
3e6b
bce7
3a4e
3dff
bbc1
bd06
bd74
3d7a
3c71
be0d
3ce2
bc0a
3cb3
bd2e
3d89
3d20
bd6f
be1b
bcf0
3cbe
bc9c
bc3b
3d16
be30
3d0d
3c33
3e83
3c08
be66
3c7b
3d66
3ce9
3e39
bd72
3b9d
3dc3
be1f
3e1d
3d84
3d84
3e30
bd7b
3e51
bdfa
3d49
3b19
bdea
bccb
bd3b
be32
3da0
bca7
3c9a
bdd3
3d3b
be07
bc0f
3aeb
3e21
bd13
bdd4
bd0d
3d8c
bd11
3df9
bbd0
3d78
3e30
bcc0
bdc4
3cce
bd71
3db1
3dc7
3d34
3d79
3c52
3d60
bd74
bd20
3dc7
be2f
bc61
3d96
3d98
bdd9
3e05
3bff
3c75
bb81
3df1
bc5c
bd04
3c7d
bdd1
bd2d
3dba
3d12
bc9f
3d9b
bd49
bda4
bcc5
3d77
bd89
3da0
3bff
3d40
bca5
bd2d
bdde
bc80
bc2c
be14
3dec
bd26
3d2e
3d36
3d18
3d91
bd02
3d87
bb62
3cd6
3d1a
3d33
bd87
39f3
3d8f
3c26
3c70
bcb2
bd94
bbc7
3c96
3db1
bc3d
3d9d
3c82
3ca4
3cbf
bccf
bb92
3d33
3c82
bc8a
3ce6
bdcd
3da4
bccc
3bc9
bcd1
3ca3
3d43
bc2a
3c94
3cd8
bc85
3ccd
3c96
3b42
bc84
3ced
3b29
bcf9
3c5d
bccb
3c18
3ca1
3c79
3d93
3c5e
bc11
bc9a
bca5
bccd
bba6
bc3f
3c3e
bbac
bda2
bd02
bd1c
bd58
3d0a
3cfd
3c51
bc3d
bd17
3cce
bd42
bcce
3cb6
bd11
3c61
baca
bd3e
bc76
bd10
3d23
3d17
3c13
3d38
3bbb
3cf3
bd62
3dcb
3d23
bc4b
bd95
3d94
bd23
bdc9
3c56
3ba0
bcb2
3b77
bcf2
bd9f
bc98
bc35
3d8f
3d80
3cf8
3d47
bdbd
3cb9
3c9d
bdb3
bd72
3d71
bd84
3b98
bdd4
3cd1
3d3a
3d38
be0c
3d96
3d72
3cf5
bdc2
3d38
3deb
be0b
bd53
bd20
bdeb
bc56
bc4c
3d52
bc8c
bc21
3bc6
3d2e
baef
3dbe
bacd
3aaf
3c9c
bcdf
bd52
bde4
bc4c
3dc2
3ca8
bdcc
bbe5
3b48
bd5e
3d96
3e04
bd4b
be01
3d2a
3dcd
bd8c
bdae
bd8f
3d31
3cc7
bd1f
3df6
bcc2
3bf0
38c4
bdd9
3cc3
3e43
3c3e
bc9a
3d23
3ae2
bc2f
bd88
3e11
3b83
3b5f
3d9b
bd29
bc0f
bdeb
3d3a
3da0
bde9
be70
3c73
bbf3
b817
bd16
bc26
bbb2
3cf4
3d37
3d10
3ccd
bbfa
3c23
bd8b
3c21
3d50
bc31
bb21
3d29
bc52
3c48
bddb
bc95
bcaf
bb9f
3cd4
3d30
3c5c
bb8d
bd87
3ddf
bbb3
bdb6
3d4b
3ca9
bc9a
bca1
3d85
3d58
bc64
3c98
3cc3
bc8f
bb20
3d0a
bd49
3c78
bc59
bcab
3cc5
bd05
3d39
3c70
bbf4
bba6
3d27
3d1e
3d14
bc7e
3b9b
3d71
bd0f
bb77
3d55
bd33
bdac
3c0d
bcd1
3d48
3d11
3cb3
3cfd
ba0f
bccc
bc6f
bcc7
3c98
3d85
bce6
bcbc
bda2
3c74
bc0b
bd9c
bc60
3c10
bdb5
3cfa
3dae
bc83
bc81
3d11
bb8b
3daa
3c45
bc0e
3e19
bc0f
3cd1
3af2
3e23
3a35
3d66
3d2d
ba2a
3ca5
bc61
3c80
3d06
3c9d
3bf5
3dea
be5f
3b32
3ddc
bda1
bd44
3cb9
3d23
bda0
3dd8
3d0d
3d6a
3ca7
bd6a
3e0b
3e04
bcd4
3cbc
be81
3d23
bddb
3daa
bd9e
3e9f
bc06
bc78
bdcf
3c64
3e8a
bcc1
be27
3cf8
3e6a
befc
bd84
bcec
bc9a
3cdb
bd1d
3e96
3da9
3ea9
3e37
be39
bc44
bec1
3eb6
be03
be01
bdb6
bdb3
3d9c
bd7f
3e25
be28
3d36
bdc2
3c32
bd8c
3d20
3ecb
3d26
be8d
bd5b
3e05
be87
bd8c
3d86
be19
3e21
bdcb
3e27
3dff
3ebb
3e6b
be5b
3db6
be7e
3e26
be98
be0e
be84
3e2c
be57
be26
3e53
3df7
bea5
3b68
3c1b
bd67
3d63
bd83
3c17
bbe1
bd4f
bd8e
3e86
3d70
bdcf
bcd2
3e70
3e86
be5e
3e5e
3c97
3d51
be71
3db3
3cbe
beb0
bd22
bcc4
ba4e
3e88
bcc3
bc91
3d62
3d6b
be8c
bd1a
3d7c
3d9a
3ca1
bd28
bcb3
3c3c
3c7d
3c8d
3e48
bcec
bd0e
bd04
3e52
3d41
bdec
3c6e
bdc3
bcee
bd82
bb59
3dbe
be2e
3d04
3ce4
bbc3
3e3e
bca3
bd13
3cd7
3db9
bd34
bc1a
3cbe
bc93
bcad
bc07
3d46
3d11
3d4b
3d6b
bd18
3b1f
bccd
bd93
3c3e
3d92
bb13
3cc7
3cbd
3c9a
bd25
bc86
bc87
bd99
bc18
bb09
bd02
3d2a
baf7
bc07
3c7d
bd9d
3da0
3cec
bd49
bd2f
3d55
bced
bcde
bd85
3bb4
bcb0
bb95
bc01
bca1
bd83
be05
bba1
bbdf
3cc6
bd41
bdc5
bcf1
3cb4
bd81
3d03
3c80
3d0a
bd70
bd14
bd58
3d16
bddb
be46
3ea9
bc16
3cf4
bccc
bd27
be70
bcf7
3db2
3cf9
3baf
be4d
3c22
bd48
3e7a
bdaf
be4e
3e23
bcb7
be87
be03
3da2
bd85
bd23
3eaf
bd7a
bc9b
bad0
bf08
3e88
3e73
be63
bf17
3f17
bd7a
bcd5
3cba
3b95
3d4b
bc38
3ed8
3cc6
3e01
bece
3d52
3e3a
3eb5
bccf
bd95
3daf
3d4b
be20
be71
3d94
3d04
bdb1
3efc
be88
bd71
be0b
bf2a
3e7d
3f03
be82
bf08
3d9a
3d37
3cd2
be0b
bb6c
3f06
bc17
be69
bc4b
3e09
bdd3
bc7b
3de7
3da9
3ec5
bdc5
3e8e
3c9f
3ebb
3d78
3e97
3d2c
be80
3e3f
becd
3dd7
be70
bb04
3e3c
3e93
bd1a
be0f
bebb
3c8b
bd48
bd51
3c06
3e46
bd6b
bf18
3cde
bd01
3e17
bcc1
3ea8
be18
3eb4
bd9e
3e69
3dee
3e58
3e87
3e46
3d8b
be10
be2a
bd45
bdde
bece
3e2c
3ce4
3e0c
3c29
bd81
beab
3bc8
bd43
3d2d
3d2f
3d31
3c06
be42
bd8c
3d09
3e8e
bc80
3d8a
bcf1
3e1c
3d92
bdba
3cf7
bd64
3d3b
3dd3
bda7
3d22
be5c
3d44
bd17
bdbd
3e16
398f
3bbb
bd00
3d73
bd21
3c36
bb81
3d32
3cd4
bc31
3c97
bcca
3ca2
3d81
3d9a
bcae
3c1d
bc6f
3ba9
3daa
3cd1
3d6d
3cd8
bd7a
3d10
3ccd
3dee
bdc6
bd42
3cbf
bdb0
3c7d
3dbc
bd41
bddd
3d39
bd0a
3dbc
3d54
3bcc
bd39
bd5b
3d1f
3d33
3bd0
3da6
3c03
b9db
3d1f
3df5
bd08
bdca
bd2b
3d92
bd06
3c11
3d3a
3cc7
3b9f
3b0b
ba97
3cf4
bbf4
3d54
3dcd
be54
beb6
be6d
3dca
3b28
3c0d
3e29
3cef
bd30
3d94
3e22
3c04
3e3e
3c31
3cca
3d97
3e06
3d0c
bdbf
be51
3eca
3dac
bebb
3e94
3d5e
bd87
bdba
3e5e
bbf4
3de3
bea8
3ed4
bdc0
be96
beb1
3e89
bc83
3d4b
3e7a
bc8e
3dba
3d49
3dec
bd39
3e76
be83
bd82
3e0e
3e52
be0e
3d87
be84
3f02
3eda
be9f
3cd3
3cdd
bd1a
3d64
bafd
bd57
bd40
bec5
3f06
3e83
bcb7
3c87
3e52
bd05
3c47
be3e
bda0
be59
bcc1
be3f
3d0d
be91
3d9a
bd39
bd2c
3e76
3d83
bddb
3e58
bb2d
bdb4
3df3
3c93
bb74
3c01
bdf7
bd12
bd83
3e27
3cf6
bdab
be1e
3ca7
bdf2
3d94
bb5f
bd0f
bdb2
3d34
bde5
3be7
bd09
3ca4
bae6
be29
bcb3
3e26
3e1a
3d80
bd89
3e30
3e48
3da4
3e38
bdfb
bc42
bd97
3c13
bd2a
be06
3c8a
3e5d
3e5e
bd37
3cf5
bdfc
3d4c
bcbb
bcdf
3d38
bcbc
be57
3d70
bde0
3d02
3d96
bdd6
bc83
bd81
be29
3dca
3e82
3e26
3ced
3db9
bc37
bd88
bdbd
3de0
3e03
3dd0
bc57
bdae
be18
3ed0
39d8
bde4
3cd3
bb49
3bca
bbae
3d3c
3b2a
bd2c
3d05
be0b
bcd1
3d50
ba52
3d93
3b6c
bc04
3e1f
3c47
3c98
3cf0
3d84
bd76
bd02
bc84
bd09
bca5
3d15
3d97
bdde
bd21
3d9c
3d47
3d83
bd4e
bd4d
bd87
3d11
bcdd
bc25
bd57
3d07
3db1
bd84
3c11
bb3f
bd3d
3d8b
bda0
3cd8
3dec
bd19
3d62
bd0d
bb97
3ca7
bd87
3d25
bb84
3ca3
bcbe
3c90
baa9
3ddd
3da8
bdd2
3e2e
bd7f
bc8e
bd58
3d08
3d43
bd75
3b5e
3d81
3a39
bcd2
3dfe
3d58
be2e
3df0
3d32
3e95
be55
3dc1
bc4d
bd81
bd1d
3d34
bca7
be8b
bd9b
bc58
bd47
be17
3e2e
3e32
be9f
3dd2
3d04
39aa
3ca1
be33
bc81
bb2c
3c69
3e4e
3b78
3d53
be25
bd19
be76
3cf6
3d85
3ec2
bcc7
bcc9
bdd3
bc90
be89
3d61
be13
be92
be91
3cb8
3de5
bd94
bde0
3d49
be8c
be04
3e90
3cfb
3d83
3da7
3d29
3e0b
3cba
bdaf
3d6a
3e8d
be65
bcb7
3e28
3e07
be5d
bdf4
3ed4
bdfe
bdb3
3d62
be7c
3d15
be8e
3d9b
be33
3d87
be80
3d75
be03
be11
3b86
3d84
bda0
bba9
3d0b
3cda
3ce9
be65
3d0b
bda1
3d0b
3d10
bd8f
bd05
3d72
be10
3dbe
3d90
3de3
3d23
be1b
bd84
3d56
bd26
3e62
3e3c
3ea7
bdb2
3d91
bd94
3e42
be16
3d3e
bd05
3dcc
3c32
3caa
3dca
39c8
be26
3c66
bd78
3c16
bd42
3d5e
3bb2
bcfb
bde2
3aef
be22
bdbe
3cf7
3dce
be59
3e00
bcff
3e07
3dac
3e5a
bcb8
3df7
bcea
3e64
bcf0
bcaa
3ca4
3d3a
3d12
3d0f
bbcd
bbf5
bd6b
3d26
bc17
bafd
3d71
3c11
3ae3
3d63
3d7c
bda1
bdc1
3c98
3c9f
3d24
bdc2
3dfa
bd49
bc8d
3c14
3dcc
3d51
3da8
bd08
3c6d
bbc8
bd2e
bc46
3cd4
bd16
be0e
bd9a
bce1
3d81
3ce2
3db5
bdb1
bd71
3c0d
bb18
bc0e
3d33
bcb7
3cab
bd89
bc38
bcb6
bcbb
bcd7
bd99
3bec
bcf3
bdbc
bcac
3d45
bdbd
bd59
3df4
be21
bd69
3e3e
3cab
bd34
be8c
bd10
3d4d
3c82
3aa6
3d1e
bd5c
3deb
bd48
bde1
3dc1
3d33
3ded
bd15
bdd1
3dbf
3ca9
bdb0
3ce4
3d36
bd92
be5d
3dad
bd7c
be49
bdeb
3e3a
be94
bb1a
3d9a
3c50
bb5a
bde6
3ce4
3c25
bd8e
be88
3ce3
3eb3
bc7c
3cbf
3e0b
3c78
bddc
3e28
3da8
be10
3e4e
3b43
bdcc
bc51
bdd4
bd09
bcaf
bbec
bed7
be6e
bdc7
bd0f
be4c
bd5f
bcf5
3d37
bcef
3dd2
bd0a
3dee
bd67
be55
bd7c
3ef1
bdc4
bd8f
3e3c
3ce2
bcff
be54
3e6d
3d46
bdc3
3e75
be04
3db0
be93
3dbf
3df2
bd0c
bdd4
3d83
bd6f
bd24
3c54
bc86
bc59
3c8a
bd92
b99e
bbec
3e1a
3cdb
bc6d
3c0e
3e4f
bd0c
bcf2
3e80
3dff
3b7c
be83
3e77
bcc1
be3e
3e8d
3cd0
bd63
be21
3d43
3e31
bcb8
3ddb
3e4d
bd95
bd31
3c97
bc0b
bc2d
3d38
3cd0
bd61
bd96
3cd6
3c0d
3d8e
bd2d
bdac
bd09
bbbf
bd4a
3c81
bd64
bca8
3cbd
bd6c
bd77
bd6a
3d78
bc1a
3d6d
bc6b
3d4f
bd0b
3dfd
bd62
bd8a
bbf5
3d51
bc31
bd0a
bd53
3cab
3d00
bd25
3d88
bcba
bd69
bd91
bd40
bb94
bd08
3ba4
3d84
bcbf
3a95
3cc5
bd01
bd58
bca6
bd60
3d59
3cbc
3b43
3cc8
bd70
3c9b
bd5c
bc6e
3d23
bc82
bcd7
3a5b
3d2b
bd2f
bb5a
3c23
bb3b
3be7
b79e
3ce9
3d0b
3bf8
3bc1
3d42
bc7b
bc61
3dc5
3d38
3d73
3c39
3c21
bcb4
bc7a
bc37
3aa8
bd1f
3d81
3cb6
bd8c
3cf2
bc9c
3d5c
bcc1
3c00
bcad
bb0b
3c8b
3bc4
3c55
bd1f
3d33
bc82
3c99
bd83
3caa
3d60
bd29
bdc6
3d48
bd61
3da7
bd32
3e01
bd1d
bccd
3cba
ba9d
bc23
bcd6
3c19
3d52
3c05
bd33
bc8b
bad2
be0c
bd5c
bd1c
bc58
bc8e
bc2b
3d23
bc8d
bc63
3e09
3d40
3d76
3d2e
3d1d
3c20
bd1d
3ccc
3dc9
bd0e
3d91
bccb
3cf2
3d91
bc1c
3da4
bc22
bd0c
3a85
3df5
bbc7
bd98
bd66
be12
3c7d
bcef
3dfd
3d63
3a74
ba14
bd4c
3d55
3db6
3e03
3cd9
3ddb
bda8
bc0e
bc93
3cdb
3e2b
bd9b
3dd9
bc57
3d8c
3c1f
3d95
3dcf
be1c
be13
3d86
3d89
3cbd
bdc5
bd88
bd99
bcc8
3d79
3dc1
3dc6
be06
3d42
3d8e
3c4f
3d1c
bbc1
bc25
bba6
bd3b
bb6e
3d8a
bd68
3ddc
bdb3
3c55
3ddd
bd06
3d21
bcf6
3db0
bccc
bc8a
3d46
3dcd
3d91
3d30
bd01
bc98
3c16
bcc3
bc50
bd23
bd8d
bcb8
3c75
b81c
3dcc
bc9c
bc19
bb91
bd91
bd46
3d2e
3d0c
3c44
3d07
3ca6
bcb7
bd9f
3c4a
3be8
bcff
3b0d
bd9d
3d11
3c1e
3d8a
bd6b
3a02
bc6f
3d5a
3db5
bcba
bc0a
3c8f
bac8
bc82
bd5a
3cd6
bcba
bd04
bd32
3c83
bc97
bd2d
3d04
bd6a
3d39
3bdb
3d5a
3da9
bd04
bd7e
3c69
3c6d
bd2d
bd4d
bd53
3cbb
bd7d
bba3
bcdb
3d19
3aa5
3ce1
3d50
bc14
3c58
3d3e
bca5
3d91
3d3e
3d32
bca7
bd37
3d97
bccc
3c92
bbfa
3cd6
3ce7
3c8f
3cd2
3ca5
bc5c
3d58
bb84
bbbc
bc3e
3c73
3d03
3bb4
bd97
3cfa
3d56
3d73
bd37
bd4e
3c93
3d23
bd83
bd5e
bd14
3cb9
bc98
3deb
3c7f
bd87
bdc7
3d2c
bd03
bc62
bbfc
3d19
3d06
bbc0
3d25
3da0
3dbb
3d82
3cb4
3d33
bda3
bdbf
bdd5
3d6d
3d1a
3d23
bcd8
3b9f
3db4
bd49
3d89
3d0b
3c25
bbb6
bc76
3e1e
3db1
3ce8
bde3
bd4f
3cdc
bda4
3db9
3df0
3b2d
bd4c
3d89
3cc2
bd29
3d22
bce9
3c17
bdb2
bc0f
bd3b
3d93
3c24
bb26
bd6a
bd9e
3de5
bcd3
3d42
3d24
3d67
bcb1
3bc3
3dd2
3de4
bc6f
bd71
3cc8
3d92
bdfa
3d9b
bc37
3c82
3d8c
3d71
bd17
bb9e
3e0e
3d8c
bd91
3d73
3cf7
bd9d
bcb0
3d08
bd3b
be11
3cc2
3cfd
3d3a
bcb5
3ca9
bd81
3c97
bca3
3de9
3ca1
3dd5
3c5b
3d37
3d5d
bd20
3d42
3d15
bc2d
3db0
3db9
3d86
3d37
3e0f
3d94
3c98
bcb3
3c4f
bd04
bd8a
3d3e
3cdf
bd47
bc25
3c84
3c80
3abf
bbdc
bd4c
3d4b
3bc2
3cca
3cea
3d7c
bcc7
bc8b
3cbb
3d1a
3c69
3ca3
bd40
3d45
bd91
3d9e
3c3a
bb1c
3dae
bd70
3b57
3c81
3d1d
3cf5
bb5c
bcc1
ba90
bd91
bcaf
bcc3
bc4b
3ce3
3c4b
3d54
3d81
3b1d
3c01
bc72
bbbe
3c81
3cbf
bc94
bccc
bc83
3c06
3c9d
3d16
bc51
3cb1
bcd4
3d06
bd0e
3d2b
bd01
3d10
3db3
bb94
bb54
bced
3a99
bc9a
bc59
3dbc
bd22
3d42
3ce6
3b28
3cab
3cfd
bd0f
3c2e
3d20
3c0c
bcde
3de5
bc77
bd81
3dfc
3e12
bde5
bc9a
bd42
3d09
3dbe
bcc3
bd2b
bdeb
3c8b
bc94
3c64
bcb3
bc30
be44
3d0e
3e52
bcb5
be29
3df9
bd2a
bdf6
3e5c
3e2e
3e07
be79
3dfa
be53
be01
bd91
3c51
3de8
bc1f
3d64
3c73
3e53
be79
3e21
3dad
be6b
bed1
3ea1
bb4a
bca5
3e80
3d50
bef7
3c90
3f0c
3c04
bc31
bcaf
bb72
be2b
3e9e
3ebe
3e80
bebc
3dd6
bee0
be25
be0c
bc36
3e0c
3c55
bd24
bcac
3e27
bf13
3f18
be79
becc
3ba2
3f02
3b7e
3cf3
3e40
3d8b
bdd8
3db6
3e0a
3db2
3ea0
bd1e
3ca9
bd37
3e04
bdb1
3d8b
3dee
3eb1
be3c
be4e
be76
3b2a
be83
3e43
bdb0
3d85
bd6d
beac
3e9b
be78
bdc6
3e4b
3e21
bb0d
3d1d
3e99
bd64
3e42
3d2b
bd84
bd77
3e83
bd5f
3dfa
bd4d
3d34
be29
be20
3ed2
3e8d
3ca0
be52
3cb5
3d87
be87
3d2f
3e11
3cb3
3d86
bcf6
bbbc
bdbb
3e70
3e2d
be54
bd41
3cd4
bcb4
3c97
3d58
bd0b
bdcf
3c55
bdde
3e1b
bc97
3cb0
bdb7
3e1f
be09
3d5d
3dbf
3d4d
3d23
3abf
3ca9
3d99
bdad
3e0a
3cbb
3de0
3ea9
bd30
3e02
bd97
3da5
bd9e
3d96
3cc1
bd3a
3d15
3d8c
bd5c
bd09
bd79
bb66
3e01
3cd0
3bba
3bcd
3e3a
3d5b
3d52
3d23
bc9f
bc8c
3c9c
3c8f
3d28
bda0
bd65
bc63
bc4f
3da8
bd83
bd8c
3e07
3d3b
bc0c
39fd
3c9b
bcae
bd05
bc9d
3ca5
3def
bc45
bcf5
be38
bc7d
3b95
be0b
bd54
3e0e
bd64
bc77
3d7e
3d4f
bd5e
bc07
be0d
bc63
bdf1
3c8e
3d0b
3b80
3e2d
3cef
bc56
be47
3d60
3d61
bcd5
3da6
bc83
3c8b
3c73
3dd1
bb89
3d38
3cc6
3d8e
3dec
3cd5
3e0a
3db0
be28
3e97
3e34
be7b
3da8
3cc5
be1d
3aec
bdce
bd60
3d1b
be80
3e9c
be9e
bd55
be80
3d76
3d2b
3c20
3e40
3d20
3da0
3cc2
be06
bd40
3e8d
bdc5
3c52
bd32
be05
3e4e
3e32
bd72
3e94
3ebe
be99
3d39
3d5a
be94
3d9c
3e62
bdd2
be92
be30
3ebc
bec8
bd8d
3dca
3d0b
3c94
3d35
3ede
3cea
3ed2
bc22
3e32
3bbd
3ecf
bea0
3d9d
bcc1
3e2f
be4a
3e34
be92
3eaa
3f11
bea3
be07
3daa
bed4
bd24
bd9c
3d3b
bdd2
3ce8
3d5b
be98
be01
3f17
3d86
3cb7
3d01
3e28
3c5c
3eaf
3d22
bca7
bcb4
3e3d
3e63
bc49
bcf7
3edc
be7c
bec9
3d87
bcde
3c81
be5a
3da9
3dcb
bedf
be59
bdf4
3de5
3eb7
3eab
beee
3e06
bc44
3e55
be60
b966
bcfa
3e06
3c94
3e63
bcc5
3aca
3cb2
3da3
3ee7
3ca6
3e83
3e59
3ce1
bd4b
3d46
bdbe
be40
3d61
3c20
3cea
be36
be95
be5f
3dff
bb95
3eef
bf19
3d8d
bdb7
3e2d
be45
3d36
bb3f
3e72
bbf8
3dc1
bccd
3b1f
3c6c
3e56
3e89
bd45
3db4
3dfe
3e67
3e15
3caf
bc8c
be3b
bb96
be5a
bdca
bdd7
be20
bd91
3d9b
be75
3e19
bdea
bcf2
3db2
3d64
3c65
bcd0
3c33
bd11
bd85
bcd0
3c48
bbf2
3d4a
3b00
bd9d
bc5c
bc4f
bdb3
bc3f
3db8
bd9f
bdcc
bdcf
3c61
bd20
bca1
3d4b
3d1e
3ddf
3c07
3ce3
3d1a
bcc5
3e13
be1b
3c8e
be50
3c2d
3c7d
bc8c
3d47
3dfa
3d6c
bd4c
3bb1
3d9b
3d18
3ce9
bcc5
be65
3ed4
3eda
3db5
3c4c
bdf9
3e23
be57
3df1
bcc4
bde7
bda7
3d77
be83
3e25
3d65
3ef6
beb0
3edd
3e75
3d1f
3d40
3de1
bc07
be55
bd7a
beae
bcec
3e8a
bdca
3daf
be46
be9b
3eee
3f48
3e1c
be16
be5b
3ed5
bf55
bcf0
bea5
bdd8
bee7
3d92
bf45
bd01
bddf
3e38
bce2
bd23
3d0c
3c82
3da4
3cae
bb62
be54
3d2a
be30
3a97
3def
bd24
3d8b
be23
be51
3e4e
3e83
3ec4
bdd1
bec5
3e97
be94
3dcb
3d43
3c2c
be7a
3d8c
beb5
bd87
bcc0
bda0
3cb9
3dce
be61
bc86
3d5a
3e04
3d36
bda5
3dba
3e49
bd55
3ddf
3d90
3c77
3e25
bd00
3e74
be1a
be10
3e91
be27
3ebe
be5c
3d85
be8d
be50
be8c
bd52
3c75
3e86
3d1e
bdcd
3e44
3d97
be5c
3da0
3bc6
bd08
bd9d
bc5a
3d40
bc9d
bccf
3b53
3e2a
bc87
3c9e
bd30
3e25
b95a
3d08
3cfb
bdc0
3e39
bd70
bba2
3d7a
be0f
bc9b
bd71
bdab
3e83
3da0
bdc2
bde1
bc0a
bce6
bcc1
3d61
3e02
bbf9
bc9d
bb85
bd8d
bc5e
3dad
3d83
3c8d
3dc3
bcc9
3db9
bbf4
bd68
3b69
bd0f
bb68
bd05
bc0f
bc97
3c17
3d88
3c42
be1e
bd1d
bd19
bce7
bc9d
3db8
3db4
3c7b
bcf5
3da9
3da2
bce0
3d2c
bd9d
bcbf
3d22
3d8e
3cb3
3b50
3e01
3d3d
bdf0
bca3
bd04
be40
3d03
be00
3d10
bc24
3beb
bcbe
bc8e
bd15
3c74
bdf7
3ec1
3b80
3dc5
3df6
bce8
3d89
bdf5
3ce5
3c39
bb6f
be8b
bd2b
bd0e
3e56
3d52
bd4e
3db4
3e3a
3e83
3e97
be85
be8a
3ea0
be2c
3cda
bc78
bc5b
be8c
bcd2
be40
bd49
bd66
3efd
be7f
3c9e
3e13
3cf5
3daa
be82
3ddb
bc81
3d84
bba1
bd9a
3da1
3e8d
3c61
bd77
3db2
bc79
3e26
3e24
be5b
bee8
3e9b
be5b
ba52
be28
3dc8
becd
3ddd
be84
bc2c
be1f
3e3e
3c15
bdfb
bd70
3cee
3d8c
bcc2
3cb0
be74
3d9b
be42
bd20
3db0
3e41
3dbb
3dbd
be03
3e2f
3d02
3e8d
3e04
beb0
3dca
3d2b
3d90
3e9b
3e27
3e6f
3dde
bef2
bddb
3e5f
be8b
3d38
bdac
be4e
3bcb
b99b
ba81
3cee
bb6a
3c01
beb1
bcf7
3e41
3e1b
bce9
3d2a
be65
3ca7
bde4
3e44
3ea7
3e3c
3c16
3d42
3cec
bda8
bd51
3e0c
3d14
3c96
3e86
3da5
bdfd
bddd
3ca9
3ce0
3af1
3cda
bb90
3bc5
bad9
bd81
3c9b
3ca1
3dd3
3e99
3b3f
bd36
bd82
be4c
bd5a
be16
3cc3
bd9d
be5e
3e79
3aa9
3d9d
3d1d
3ebe
bc91
3e4c
be82
3e9e
bdaa
bd5b
bdd1
3e1b
3c97
3dfd
bd4d
bd72
3d50
bb8a
3c55
bc3a
3d8e
3dc9
3d9c
3dd8
3d8c
be01
bdd9
bdd0
3d98
bd87
be62
3e71
bcca
3dd2
3dab
3e6c
3cb9
3e2f
be2a
3d70
bd16
bc0b
bde8
3d27
3b9c
ba9c
3dd2
bd1a
bcfe
bcfc
3e6c
3d94
3da0
bd9f
3c54
3e22
bc1a
bd29
be03
bce3
3cb9
bd98
3d62
3c6b
bd5c
bd47
3d74
3d1c
3d08
3d3c
bd97
3e60
3cb0
bd08
bdb4
be87
3c4a
3d55
3e9b
bb86
bc82
3d71
bd44
baea
3e3b
3d7b
3d70
3dae
3cf6
3c65
bc02
3e58
3dbd
be4d
3da6
3d9a
bbaa
3d71
3d6b
3e2b
bc31
be0b
bd8a
3d19
be3b
3c63
bddb
be63
3c31
3cee
3e60
3da2
3de1
3c1d
be6d
baae
3e93
3bc4
3cae
3e9f
3d97
beb9
bedb
3ebd
bc41
be9b
3e16
3e42
3c82
be1c
3e4e
3e88
bc23
3d99
3e8d
bdc1
be92
3e86
bde4
bd71
3dcf
3cac
3d7b
3da6
3dc8
3db9
3e02
bc46
be8d
bda1
3d20
3d57
be0a
be04
be1c
bde9
3d82
bdb7
be90
3e83
3d1e
3d2b
3d7c
3dca
3d2b
3eb2
3d9d
3e3e
bd8c
3d3c
bbad
3e86
bdbe
3d4b
be75
3c8e
bd32
bcaf
bdbe
ba8d
bec2
3e0f
3d39
be6f
bcae
bdbd
be53
bd5c
bdbb
3d49
bec3
3e73
3de5
3e08
3cae
3e63
3e11
3e66
be2c
3dc4
bd63
3c96
be05
3d12
3b76
bc43
3d7a
3d4a
3d54
3cba
be59
3ba1
bce3
bcbc
b9dd
bd06
3cb0
be95
be83
3e0f
3d72
3e20
befd
3efd
3ca8
3df8
3ded
3e8c
bbc1
3e47
be9d
3dac
bdb1
bd51
3cb1
bbcd
3bc1
bb8b
3c84
bb7c
3df3
3d78
bdb0
bbef
3d40
3d83
3c87
3c68
3bff
bd5f
bdba
3d1a
3c3b
3ce9
bd6a
3e0f
3d22
3db9
bcb8
3ddc
3cdc
3cd5
bdaa
3d80
bd19
bda9
be07
3dd1
bc5e
3d86
bdff
bb4e
3c7f
3d55
3dc9
bd51
be28
bd15
3ba0
bc5e
3d8f
bd64
3dba
3bcc
bd1a
bce9
bbe7
bd67
bcc3
3ce5
3a15
bd85
3c71
3d44
bbc0
3c49
3ca0
3e4e
be5d
bd38
bd16
3caf
be20
bc77
3cd4
3c73
3d42
3c09
bd40
be08
3d03
3e17
bb07
3c14
bc72
3c3f
3b9d
3dce
3dd0
bd7e
ba9a
bca0
3d0d
bdc4
bd85
3dbc
bcd2
3dc1
3cff
bd87
3d59
bdae
3c8b
3d30
3e4a
3d50
bd15
3b84
3cde
3ce9
3d9c
3dba
3d13
3d22
3c31
bd7f
be33
be03
3d62
be49
3ca3
bc4e
bac6
bce1
3d48
3e07
bd95
bdf3
bd8d
3cb4
be00
3b87
3da8
bd81
3da0
3cb4
3bfb
3d15
bd14
3c11
3d82
bcd0
3df1
bdb2
3d41
3c9c
3d49
bc80
bceb
3cde
3df0
be20
3d44
bc1e
3d17
bbb8
3d92
bcd6
bda4
3d74
3daf
bc18
bcf0
3d6f
3e0a
bca3
3d1a
3d51
3d91
bd0d
3d5c
3cd8
bb97
bbb3
bdd1
bd28
3c5d
3c5d
3bf7
bd16
bd07
bc32
3d0b
3db7
3e03
3dc9
3d46
3d93
3dad
3d94
3dc9
bdab
3d95
bdaa
bbff
3d47
3e02
bb4b
3cf4
bd69
3ccb
3cde
3cd7
bbbc
be3e
3d2b
3d0d
bddf
bc56
bdc1
bdd8
bdb9
3d85
3df1
bdb1
3df5
3d84
3d33
3c16
bdc0
3c9a
3d68
3ccb
be3d
3c0b
be23
3c28
3af4
bce2
3cf7
3c58
3d26
bcd5
bd0b
3d00
3d35
3cb9
3d29
3c79
bd11
3ca3
bca6
bbee
bd38
3c69
3c7e
3bf8
3d32
bd17
3d98
bcc2
3c99
3933
bcc1
3d7c
bd9a
bc1d
be04
3c2a
bc4e
bd97
3d0e
3d5e
3c41
bc0c
3d9d
bbc3
3d6b
bcb2
3d75
bcb7
3d28
3cbb
bc46
bd36
bc2e
3d23
bcb8
3bac
bd02
bc08
3b95
3d0d
bd36
3a12
bcd9
bdad
3cb0
3c17
bd93
bc82
bd66
bc99
3b39
bc48
3b1a
3c60
bd09
bd8a
bd6f
bcd7
bc73
bc58
bcf6
3b2a
bb9b
3ac6
3a96
3cc4
3b77
bd2f
bc9a
bd5d
38c2
bd5b
bb91
3c12
3b2d
bc80
3d01
bcd5
bd3c
bd07
3d6e
bd5f
bdbb
3d45
bcc9
3d0d
bbcd
bcd9
3d0e
3d3d
3bb3
be10
3daa
bbaa
3cc5
bd70
bd55
bc2f
bd54
3c14
bdc0
3c61
bd0b
3987
3de5
bce0
3d42
3ce7
bd42
3c5a
3d9d
3d89
3e20
bc65
be5c
39e7
bd41
bd8d
3dac
3b54
bc7e
bdc9
bd31
bd88
3db7
bcbc
3daa
bd0a
3ce1
bd2a
bc1a
3963
3b90
bcf0
3da6
bcbf
3dfa
3cf3
3e15
3d83
3d76
3e1e
bdf7
3e12
3dd3
3c00
bdc6
3d7d
3b7f
bd84
3d05
bc75
babe
bd55
bd3c
bd8b
3bc7
3cde
bcb8
bd88
3cff
3d19
3c6c
bdf3
bd8d
3d83
3d33
3d70
3dc9
3b19
3d74
bca1
bd2b
3d98
3cc5
3d92
3cba
3cba
bd49
bdf5
bccc
3ce0
3d4b
bcaa
3cec
bca4
3a2b
bd30
bd7c
bd90
3b1e
bd25
3d86
3d98
bc25
3cd4
38fa
3dac
bcbe
bd04
3d80
3ccd
bcec
bd9f
bc83
3d5f
3bb0
3d25
bc89
bc8e
3aab
bc86
bcc1
3c7a
bd05
bd81
3cd5
bc42
bc33
bd55
bc90
bc8f
3d3e
3d0e
3d9a
bc70
ba57
3c12
bd0f
3d0d
bd87
bd60
bcc9
bd8d
bd02
3d61
bd3b
3c81
3d3d
bc1c
3cd5
3d29
3ce5
bc86
3d16
bc11
bc97
bcd8
3c5e
bc47
3cb1
3c49
3bcb
bda7
3ccc
3c77
3bd9
3cf7
bd51
3cee
bcc1
3d1f
3d8a
3b15
bcb4
bd21
bc80
bdb3
bc53
3d37
bd2a
bd8a
3dd5
bdb8
3da0
bc5d
bcd9
ba2b
bc04
3da5
bb5a
bd8a
bbd3
3dc2
bdb5
3d84
3d58
bc8f
bd5d
bc81
3d1b
3b3e
3d0a
bd1f
3d1b
bc29
3cb1
3dd7
3d3a
bd0e
bc63
bc78
3df6
be22
3dce
bcd5
3d65
3bbf
bbac
be81
3c57
3bd4
bd3a
be8b
bc1f
bd6c
3d96
3b88
bd3b
bd78
3d8e
bdda
3eb6
3e07
bdae
3df0
bbea
3d83
3cb1
3e40
3e1c
bd55
3d22
3e87
3dde
be31
3e72
3b1a
3d9a
3a8c
3c87
bde1
bd0c
be1c
bbde
bec8
3bb2
bdd4
3e0d
bb1e
bd8c
be8d
bd94
be81
3e5e
3d2b
be81
3d79
3be9
bc28
3e8e
3e31
3ec1
3d85
3c70
3e4a
3e33
3e90
3da1
be8b
be74
3ccc
bc81
be20
bc81
beab
3c78
bd34
b8b7
be9c
3eaf
3c10
be1c
bbd2
3e0b
3e35
3dda
bd8d
be86
3df8
bc4c
3c85
3ec0
bc0f
3ea0
3d10
3e4f
be62
3e4b
3e31
bd91
3cac
be46
3c8e
3d94
bdac
3d1c
be17
3c92
bb31
3d59
be4a
3ea8
bcce
bdff
3d6d
3e6f
3e7d
bd8b
3de1
bdae
3db8
3b9a
3cf5
3e74
be6f
3d8a
bca3
bd35
3cc8
3e15
3d1b
bc60
3b41
bd17
bd2f
3c2a
bd48
3d3d
bc98
bcc7
bd97
bdb2
bdce
3d00
bb2c
bdd9
bb81
3cef
3da4
3d24
bd44
3c31
3d85
bc33
bd03
3d29
bd6f
3d83
bc21
3d90
bb44
bd4b
bc92
3d24
bd92
bc1e
3ca4
3d44
bcc8
3b89
bd04
bc92
bd6d
bd4f
bd43
3d18
3d8c
3d3c
bd06
bdde
bcd4
3da7
bdb7
bd2c
3ca1
bcd6
bd66
3d5a
bd01
bc70
3bd2
bce6
3d85
bddc
3d9d
bd1f
3a51
3ea6
bc00
bd68
bd6f
3c78
bda3
3c89
3cff
bbe6
3c77
bdd8
3d07
bd5c
3e02
bd37
bda7
3e6f
3c8b
be0d
3da6
bca9
3d88
bda7
3e77
bd93
3d47
3d29
be37
3dcf
3f0c
be5a
be63
3e31
3c98
3cb5
be7e
3c11
3da5
ba8e
3b02
3c07
bbda
be14
3d5f
3e99
3e07
3774
bd2e
3e8c
bea6
3cbc
3e47
3d77
bc8a
bde9
3ec4
bea1
3c76
be35
be9a
be59
be81
bd39
3dc1
3efc
3d07
3bf4
be5d
3d0d
be54
3d06
3e14
bc9a
be01
bd85
3cb6
be3a
3ec6
bdc2
beab
bc8e
3e49
be76
3de6
bd2d
3c37
3e46
3e37
3e20
3dd2
3ef2
bd39
3e73
bdfc
3e74
be9b
3e43
3d4a
3cae
bda4
b9bb
be50
bbb7
be2c
38d8
bd8d
be75
bc43
3e2b
bdb9
3d0b
3d78
3e4b
3d8b
3c06
3e3b
3c32
3cf3
3e2b
3ee3
3e41
bc84
be6a
bd6d
3e8a
3d2f
3d4e
be78
bcc5
3d2b
3d35
bc9a
bc6d
be65
bc05
3d91
bd2c
3d6b
3c4b
bc43
bd32
bd8a
3e18
3e50
bda7
3eab
bd98
bd49
3c84
bd89
3e37
3cb8
3e2b
bce2
bdb6
be7d
3f12
bd84
3d0d
3d48
bc30
bcf2
bc4a
3dd3
3c6e
bde6
bce9
bd9b
bc0c
3ca5
3ce9
bd25
bcc8
bd3c
3d38
3dbc
bcd4
bc32
bd88
3d8e
bd03
3cf1
bb64
3d26
3d4e
bc96
3ca3
bd6e
3d6c
bd7d
bd11
bc38
bd37
3a7a
bcde
bcab
bd28
bd40
bbda
3be1
3d62
bc08
3c20
bb70
3c14
3d64
bdc7
bdb5
bc40
bc7f
bc8e
3b9f
bd6f
3d9a
ba6f
bd25
3cc9
bc6f
3cdd
3c1d
bc37
be04
bde0
be29
3e12
3d03
3d4f
3c1c
bc90
bdd1
bc22
3e37
bbf2
3d8c
3c66
3c45
3c77
3e3c
3b96
be03
be23
3e32
bdae
be1d
3d01
bc6e
bd4a
bd81
3d5c
bd0d
3e4e
bda3
3e3a
3d51
3c81
bebf
3d8c
3d8d
3d81
bb9a
3c8d
be20
3daa
3ea6
3bd6
bdac
bb76
3d96
3de1
3e99
be1e
bd09
bee2
3e5f
3d71
be5b
3def
bd28
3e41
bdcb
bd3d
3d3a
3e88
be96
3db5
be81
3dc3
3e84
3e4c
3cdf
3c57
be5f
3d55
3ca1
3c8b
3ea0
3c89
bdd6
3e35
bc85
bdd4
3dea
bd1c
bed6
be4f
3e0a
be01
bdd2
bdd6
3c67
be17
be8e
3c91
bd8f
3f30
3ec3
be24
3921
3e66
bd14
3dac
3d5b
3d0e
bd97
3c01
3db4
3b86
bcd5
3d4c
3cb7
be4c
3d11
be03
bd10
be4d
3cd3
3e10
bd89
3dd1
bab9
3e0e
3d93
3def
3e30
3df7
3d56
3d8c
3dc8
3d24
bdfe
3dd9
bba6
3e0d
3c7f
3cb1
bcb8
bd0a
bdb3
baa7
be2f
3d25
3de6
bd46
bcd9
bd2f
bdd3
be0c
bdce
3e0e
bcba
3e39
bd0c
bc76
3d43
be0c
3dd0
3e3d
bd81
be3c
3d2e
3de9
bdc3
3d5d
3b80
bc57
3ca2
3ce4
3d66
3cd2
bd84
bd4b
bd16
3b8f
3d7e
bdaf
bb56
bcf7
bd8f
bdae
bd38
3dc5
bd7d
3d0d
bbfb
bd7a
3c94
3be8
3c61
3dae
3cc3
bc79
bcba
3cb8
3c15
bd2b
3d41
bd96
bc45
3bd5
3dad
bc9c
bbb6
3b9a
bc96
bd0c
3d76
bceb
bd15
3b38
bca2
3a40
3d6e
bc96
3ccc
3d32
3c94
3b82
3c86
3c9b
bda1
b9c8
bb11
3d3f
3cff
3d21
bde4
bd8c
3cea
bdcf
bce5
3d12
3c99
3d23
bd15
bbd0
bcec
3d16
3c8e
3d9e
3d4d
bd14
bcf4
3d37
3dc7
bdc7
3e2c
bc57
be2d
bd6b
bcea
3cb2
bd2d
3dd1
bd8a
3da1
3c1d
3d84
bee3
3e9f
3dd0
be8b
3cab
3d32
3d0c
bc26
bd53
3d52
3b06
3c05
3e0d
be1d
3c8e
bdee
be6d
be3a
bcfd
bea8
3e2b
3dbe
be04
3ca2
bbb0
3cf9
bdf5
3ebc
3ca7
3e8c
3e49
3e24
be91
3db0
3d9f
3dbb
3db4
3c89
be08
bcbc
3c6b
3a50
be5a
bdd0
bdb7
bd71
3d6a
bd89
be90
bea6
bdc8
3cc3
bd82
3e12
be2d
bd59
3caf
be11
bcf4
3dc2
3db2
be21
3e6e
3d3d
bd01
3d65
3d21
3e23
3c3a
3cff
bd88
bcec
bdfb
3c09
3cf5
bbf3
be55
bdd5
3d5f
bd01
bd05
bdb8
be17
3d74
be93
bdb9
bd80
b85e
3cde
bdd0
3ce0
bbab
bd27
bc16
bdd6
bdd1
bcef
3d18
3d1f
3e26
3d4b
baf1
be66
bd10
be48
bcba
3d98
3cdf
be51
bd1c
3c75
bdba
bba7
3d22
bd42
be20
bc96
bddd
3dc6
be1b
bcc7
3d47
3d10
3c2d
bdb6
3d00
bd0a
bd51
bd01
3d94
3cbd
3d4e
3ddd
3c0b
bd74
3c6d
bc12
3b97
3dd4
bc82
3cd0
bd89
3caa
3cf5
3d95
bdbe
bd62
bd4a
3b43
bcae
3d3d
3c5c
bd13
3d89
3c10
3c9e
3c14
3e30
bc65
3cb4
bcb0
bc70
bbc2
bd96
39a8
bc4c
bc97
3d27
3d95
3cf3
3da5
3c88
bd0a
bcec
bc15
3cce
bb6a
3d0e
bcf9
3c97
bd20
bd1e
bd19
bc05
bad0
3d49
3ce8
bd06
3d51
3d79
3ab7
bd3d
3d7a
bddb
3da0
3ccd
3c60
3996
bd95
bcb4
bcbb
3c3d
3bcc
3c37
bda1
3e08
3bb8
be00
3b8b
bd97
3d14
be00
3ca9
3ca6
bd90
3b79
3d07
3dc6
3a2a
3d4c
3ca3
bc92
bbdc
bca3
3dee
bd15
3dfd
3db3
bd35
bd59
be7e
3d5f
bd8c
3d2f
bd1d
3d4e
be31
bcc6
3db5
be8f
3d34
be0b
3e80
be04
be5a
3e3d
be24
bd20
bb08
3cfb
3bdd
bdc1
3d8d
be1e
be8e
bd8b
3de1
be48
3e63
3eb2
3d34
3d33
be01
bcb1
bdf7
3c9c
bd9f
bd13
bd3d
bc17
3c2d
be8f
3d80
bd30
3e79
3cbc
be6b
3d97
3da1
bdaa
3b55
bdf1
bc47
be0d
bd25
be67
bc3e
be35
3dc2
3d80
bd2e
bc60
3cfa
3d79
3c0d
bcf9
3da2
3c9c
be36
bc41
3e2e
be05
bd4d
3e33
bc17
3da5
ba3c
3e62
3e00
bd5a
3e8e
be80
3d08
bdd6
3d8d
bd8a
be1b
be10
3e4a
bd05
3cb2
bdca
bcde
be09
3d14
3ce0
3d2c
3b0a
3d2b
3c01
3e01
3bae
bc76
3b09
bd16
3cef
3d7f
3df5
bd5c
bc8c
bc88
bd3e
3d7d
bd09
bc5b
3dc3
3cf4
bc83
3d3f
3dec
bc23
3cd3
3c35
bd95
bd03
bd5d
3ca0
bca7
3de7
3c51
3b8c
3d1b
bd82
bca1
3d18
3c51
bc8d
3ce9
bda4
bc55
bd6b
3dc9
3d28
3cbe
3ccc
bcc3
bc93
bd6f
bda7
3d3d
3d04
3be8
3dad
3df3
3d4a
3c01
3d5a
bbcb
3ce7
3d22
bd43
bd1b
3b95
3d1a
3d5d
bcb1
bbad
3c8d
bb9f
bcf7
bd57
bdb9
3b4c
ba5c
bd0d
3d46
bbf4
3c0b
3cc9
bc0d
bbea
bd01
3ca5
bcc8
ba44
3d0e
bcfb
3d3d
3d58
3c5a
3d0c
bc9d
bd8b
3d30
3d05
3cb6
3d2d
3d21
bd26
3ca1
3c81
3ccd
3dd2
bcfa
bc60
bbd7
bc8f
3d8a
bd07
3cb8
bc67
bd04
bd06
3cad
3da4
bc05
bdd1
bc23
3d42
3d01
3d8d
3d81
bccd
bd06
bcec
3ca3
3de7
3d0d
3d84
3c9e
bc05
bda2
bd79
bbe6
3ab9
3db5
3de4
bd88
bddf
3ddb
bc54
bd9d
b999
bd91
3d4e
be28
3d22
bd74
bb2c
bda5
3dbb
3d32
bd98
bda1
bc44
bc6e
3d14
bc44
bc75
3d50
bd1a
3cdd
3d6a
bcb2
3d28
3d47
be07
3dc2
3d82
3cca
3de8
3bc3
3d29
bd55
3d77
3d82
bdbb
bdbe
bd03
be4b
bd4a
bd0f
3c05
bbe0
bd47
bdc6
3beb
ba85
3de7
3d11
3aac
3b4f
3bc7
bd98
3d78
bbf9
3d54
3ddb
3cd6
3be3
3d43
bdc8
3d89
bd37
3d25
3cd8
3cdc
bd29
bda9
bd5e
bd98
3c1c
bd9e
3d07
bb0b
bd7b
bc66
3b95
3cdb
bd13
3c72
bb53
bc34
bccf
bd24
3d06
3e09
3d6b
3d9c
3d7c
3c57
3d34
bd08
3d89
3cb9
bd16
3d9e
bce4
bd16
bcd2
bd83
ba91
bcc0
bd2b
3d19
bd4a
3c1e
bc0f
3d5c
bcf0
bc76
bc10
bd35
bbe2
3d5b
3d0d
bd71
3c16
bce4
3da2
bd47
3d03
bd3f
bdec
bd87
bcd6
bd7f
3d98
3d7a
3d8c
bd54
bc88
bcfd
3d03
bc2a
bd26
3cf0
bd93
bd6a
3d64
bda8
bc5b
bca0
3c7b
3d8d
bc0d
3d7e
3b24
3d8c
3d3f
3b2b
3c86
bca1
bd84
3d85
3bac
3d5c
3c31
3d81
3d04
3b75
bc87
bc9c
3c4e
3c46
bbce
3baf
3d40
bc6e
bd23
bce0
3d23
3d71
bd14
bda9
bc3b
3c6f
3ba6
bc10
3cb4
3cac
3d19
3ca3
bd81
bc01
bd24
3cf9
bc2e
bc21
3bad
bb07
3c6a
bca9
bcad
bdb8
bcf5
bb79
3c3e
bcea
3c65
3d54
3d42
3c41
bada
bc4e
bcc7
3ca0
bcaa
bca6
3c1a
bd41
39f1
3bc9
bb95
bd11
3ad8
3d3f
bc02
bd68
ba5c
3c82
bd19
3ca3
bc96
3cc0
bc5e
bd2b
bc18
3bf0
bafd
bb83
bcdd
3cab
3d12
bcf6
3b1b
bb8f
bd18
3bae
bc3a
3d4b
3d17
3c34
bcad
3d3a
3d5e
bca9
bac6
3cc1
3c5f
3c42
bcb7
bbbc
3cdf
3cef
bc76
3d97
bd75
3d39
38d0
3c07
3c1d
bd5e
3d36
3d8f
3d84
bc8d
3d02
3d21
bdaf
bc1c
3c5b
3cef
3ca5
ba8a
bbeb
bd85
3bb3
bc89
3dfe
3ab4
3c82
3d3e
bc74
bcef
3d34
bcd1
3d0d
3cd3
3d59
bd1a
3d87
bcbf
3ce4
bd91
3d75
3d00
3b8a
bdb4
3d05
3c8f
3c76
3c89
bcd1
bd19
3d90
3d1a
bc14
3b85
3ce1
bd1e
3e0c
3c32
3ba9
bd12
3cbe
3ab3
bcb6
3c7b
bc00
bd4b
3d16
3d86
bd46
bc39
bc9b
bd94
bc3b
3c29
3c3e
3b89
3d3c
bd3a
bd2f
3dac
3c87
bcc5
bccc
3d39
3d4f
bbb5
bd06
3da1
bcd3
bb4a
bcb5
3c10
3d0b
ba1a
3cf3
bd8a
bd06
3ce5
bb35
3bd5
bd24
3d83
bc91
3d83
bd19
bd3e
3ce0
3b99
bb5f
3d23
bd12
3d98
3ca0
bbd4
bd2b
bcf5
3cf6
3d1a
bb5c
3d41
b99e
bc1b
bc9f
3d9c
bc8b
bd3a
bd3b
3d31
3d9a
3ce4
bcb5
bcbe
3c2b
3ca5
be08
bc8c
bcd1
bd4e
3c3a
bd0d
bd4d
3af7
3d12
bd7a
3c70
3d4a
3cbe
bccc
3c15
bd24
3b8f
bc93
bdb8
bc86
3cab
bc1b
3c4a
bd0a
bd7c
bd40
3d21
3cd8
3cd0
bc1c
bcb7
3ca8
bd80
3cbf
3c25
bd9d
3d3e
3d6f
bd64
bde4
3e21
bd06
bc73
bc83
bcf7
bd5c
bcf2
bcac
bb7d
38ce
bc8e
399d
bd2b
3da5
3c96
bd1a
bccd
3d8a
bc1c
3d32
bcb8
bc90
3d52
3d30
bd8b
3d60
bcb9
be03
3db2
bd82
bd35
bd81
3d8c
3c3d
3c48
3d38
bcaa
bcb8
bd3e
3d2f
bd16
3d04
bd8d
3d75
bcbf
3dea
bd98
3d15
3d9b
3d8f
3c5d
bd4f
bbe1
bb46
bd5a
bb89
bcf0
bdcd
3c70
bdc0
bce7
3a2f
bcc0
3c0d
bc75
3d32
3ce5
bc4f
bb11
bc01
3cdc
3cb1
3c46
3d08
3d57
bccb
bbf9
3d07
bd09
3d3e
3da9
bd61
bd5d
bd2b
3cf3
bd2c
bbb7
bc82
3cca
bc20
bbb5
3c74
bce3
bd86
3c74
bd59
3d9c
bcac
bce2
bd1d
bc13
bcf3
3d03
bd39
bc7b
3d20
bbc3
3d60
3cf6
3c3a
bd6d
bc09
3c76
bc37
bbc6
3c12
3d40
bd18
bcf4
3c9b
bd27
bcd2
3c40
3cf9
bd2d
3d6c
bd3c
bd53
3d4f
3d15
bc96
3b1a
bd07
3d41
bc83
bcd5
3d19
3d01
3cb0
bd2e
3b98
bcd8
bc93
bc4c
3bde
3cf9
3cc6
3c06
3d5d
bcf7
bbcd
bd05
3cc9
bd42
bd2b
bdde
3bd0
bc72
3ca5
3c35
3d58
3d2d
3d09
bce9
bcfb
3d06
3ca5
3d3b
3c9b
bcc8
bc90
bc0b
bd9d
bd3d
3d4d
3d8c
3d01
bb90
3bc5
3d31
bc92
3d12
bd0e
3bf4
bdb0
bb66
bd53
bcfa
bd11
3b53
bd9a
bdae
ba39
3d4a
bcf0
bd4b
bcda
bd47
3da1
3d89
3d31
3c75
bcba
3c74
3d87
3d83
bca7
babc
bdce
3dbe
bd54
bd93
bc8f
bcc5
bda4
3db9
bc37
3ca0
3da7
be09
3df3
bd45
be04
be31
3deb
bc84
3c51
3c88
bcc1
bd03
bcb8
3d4d
3cd7
3db7
3c9d
bcd4
3aae
3da7
3e18
3dc0
bc89
3de2
b9c8
bd00
bdcd
bc31
bd76
bcce
3d0a
bd53
bd04
bd5a
3de8
bd56
bd6e
3b90
3e18
3cc4
bc29
bd21
bd13
bd7d
bca9
3d26
ba94
bbeb
3d4f
bd06
bcf2
3cf3
bd99
bd22
bd03
3c45
bd8f
be20
bd13
bc8c
3d17
baab
3d4d
3c9b
3df1
bd3b
3e0a
bce4
bd20
3c33
bd55
bd22
3a0c
bca4
bc7e
3c9e
bd25
3c67
bc9c
bcd3
3dd5
bd34
3d89
3d64
3d44
bc8b
bd1e
bd2b
bcdb
bd8b
3d4e
bd62
bd88
3dba
3d95
3d6e
bd03
3c8b
bd08
3df7
39ae
3dcf
bd7e
bd28
bbc1
3cae
bd0f
3bd2
bd38
bbed
bd31
3c91
3ded
bbfa
bd3b
bb4b
bc64
bd41
3c80
3c35
bc4e
3c76
bc1c
3c45
bbb7
3c01
bbbf
3d47
3d4c
3ccb
bc85
bd6f
3c38
bc64
3bf1
3c94
bd62
3d10
3c21
bcd4
3c84
3c41
3d8d
3c8e
3c3e
3c21
3d56
bd84
bc9b
3ca5
bc93
bd57
3d91
ba93
3c4e
bc6e
3d16
bd20
bd05
3c8d
3d87
3d8d
3be2
3caa
bd33
bc50
bc16
3d0f
bcf8
ba89
3ce0
3cf6
3d2a
3c3a
3c81
bd63
bb68
3b80
3c0f
bcfd
bd0d
3d70
3d04
bce7
bbd7
3b99
bd9c
bc25
bc98
3cdb
bc24
3d06
bb55
3d99
bbb0
bb98
be63
bd97
bca3
3d02
bcc4
3db6
bd27
3d40
3d2e
bda3
baff
3dc8
bd7e
3c09
3cac
3b8a
3e15
3d94
3c31
3d91
3dc0
bd42
bbc0
bd38
bcc4
bdae
bc1e
3ca6
bcc3
bc8d
3e0c
3c3b
bd30
bd30
3d4f
bd1d
bbde
bc4c
bb18
bdbd
3cd4
bbcd
bd63
3db1
bc8d
bc92
bd2d
bdb5
3d25
3e0d
3c89
3c06
bc48
3d82
be22
3d32
3d9b
3b07
bc9b
bcbc
be0b
bc91
3da4
3c3c
bd67
3c6f
3d5a
3d2d
3cb5
3da7
3c08
bc31
bc6d
3c0f
3c62
3d9f
3d22
3d3c
bcb6
3c1b
3cc5
3d3e
3cf1
bc19
3d71
3bc0
3d33
bc18
bc6a
3c36
be29
bced
bca7
3be8
3d09
3d03
3c02
3d6a
3c6f
bc70
3d03
3c92
3d15
bd9a
bb00
3d85
bc6f
3c39
3dda
3b20
bc5d
3dbf
3d2d
bd43
bb8c
bd66
bdfb
3dc1
bd01
3c6d
3d8b
bccf
bd20
3d5f
3dc9
3cfb
be0d
3cd1
bd59
3daf
bd7e
3c32
bdbc
3d19
bba4
3cb8
bd26
3cf0
bd26
3d95
3d84
bd1c
3bbf
3d25
3d96
3d87
bc8f
bc2c
bcb7
3cb6
bda0
3d14
bd03
bd70
bd4d
3a41
bce4
bc69
bda6
3cb5
3c25
3d13
bb26
bd30
bc8c
3c64
bb85
3a9f
3c03
bc27
3b83
bd73
3d32
bd1b
3d0b
3dbd
3d32
bca3
3ca8
bbea
bcd5
3d0a
3d58
3c17
3d3e
bcf8
bb8d
3d18
bd15
bcf3
bcfc
b9c3
bd5c
3dbb
bda2
bcc4
3d3e
bcbb
3d86
bcfe
3c83
bcbc
3d37
bc9b
3c5c
3cc2
3cf7
bcf8
bcc8
3d77
3c91
3c11
bd58
3ca1
bd7d
3938
3d1a
3cc6
bd30
bccf
3cc8
3d8e
bd1f
3db7
3d92
3c89
3c9d
3d6b
3bdf
bda5
bc33
bd13
bc83
3d6d
3cbd
bd72
3cee
bd39
bb9c
3b69
3e22
3ddc
3c99
bd82
be0a
3d50
bd99
3d11
bd8d
bc9f
bdcb
3c49
bd48
3d50
3d55
3e9d
be39
bbc3
3e23
bb31
bd4c
3bd2
bd77
bd3a
bc8a
3e05
3d05
3d74
3cec
3c1d
bcb8
3e01
3d2a
bc93
3d6b
be18
bdba
3e72
bdb9
3c5a
bd5c
bc5c
be24
3c2a
bdad
be22
be50
3d8e
bcc5
3d6d
3cf8
bb25
3b05
3df5
bba8
3d47
3c95
3d74
baa7
bc5d
3dd3
3bbf
3a8b
3ca9
3b81
bc9d
3cff
3c7f
bde2
3d22
3c69
bd91
3d18
3cc8
bcf2
3b23
3cf2
bd99
bdb4
bd12
3d49
38e4
bdbe
3ce3
3ccd
3dbd
bd2b
3d34
bb01
bdf6
3c0e
3db5
3d7a
bd36
3d96
bd65
3da0
3bed
3d07
3d9c
bc5a
bc0b
3b71
bd20
bd39
bd53
bcfc
bd0f
3b2e
bcc9
bbc9
3c78
bd5f
3d08
3d63
bd04
3d2a
bbf6
bd37
3cf5
3d45
bc08
3db2
3d31
3d47
bd2b
bc32
3cb7
bd7f
bdb3
3d43
3d2f
3c2b
bd40
3e0f
bc56
bd8c
3b92
3d9e
3c97
bc26
bd39
3d83
bbc8
3d13
bce7
3d25
3ca6
3d07
398a
bb4e
3a83
3bf8
bdca
3c8a
bcde
3d86
3a19
bd2d
3d8d
3cb1
3ccd
3d29
3cb3
bca6
bd63
3d02
bd2f
babb
3c06
ba6c
bdce
bcc7
bd47
bba8
bd02
3be1
bd16
bc4f
3c68
3d36
3d3a
3da2
bd33
3c85
3ce0
bcb7
3ca0
3c82
3c12
bc71
bb03
bca3
bcfa
3d27
bcdc
3c98
3d9f
3d1d
bcd4
bd4b
3c8f
3d64
bc76
3d7e
bcc6
bd1f
bc98
3cc6
bc9c
bd75
bc7d
bd6c
bd8d
bcdb
bcbb
bd5b
bdf0
3c54
3d92
3b91
bd08
3d40
bbc0
bcdf
bd45
3dd8
bc41
3cbe
bc21
3d2f
3ce6
3cbb
3d77
bcbc
bd9f
bc7d
3daa
3a9e
bcf8
bd80
bdb3
bdf2
3d72
3d82
3db1
bd5c
bd1d
3cf9
bd36
3d4a
3db2
3c53
3d8c
3e42
3a75
bd85
bda7
3e03
bc50
bd7b
3d88
3d7f
ba51
3bcb
bc70
3d5f
bd18
bd21
bd62
3d62
bd09
3d66
3b86
bc3b
3cdf
3cb0
bdac
3cf9
bcac
3a77
3cb2
3d12
bdb9
bc7d
bcb6
bb39
bd26
bbee
bd8d
3c35
bd92
bd87
bd61
3d6c
3cbc
3dc8
3daf
3e49
bbdd
3df3
bd81
3d2a
bba3
3cc0
3d7b
3d9c
3d04
3cc4
bd99
bcd5
3d25
3caa
bd99
bd3e
bd52
bc7c
bd72
bd17
bc90
bdd8
bd46
bcc4
bd42
3d83
be1d
3e2c
baa6
3d59
3d99
3def
bc99
3c86
bd96
3d43
bd0c
3d24
3c65
3ca9
3c99
3d34
3ca3
3d41
3d5d
3d46
bd8a
bd94
3d76
bb2c
3caf
3cf9
bcd8
bd5b
bcf6
3d81
bbcb
bc6e
bc3f
3d22
bd19
bd37
3c93
3bef
bc86
3d0a
bc72
3d71
3b5e
3d09
3bb9
bd0c
bd50
bcee
bbe3
3d58
bd33
bc3f
bca5
bc3e
bbe6
3cd9
bcbc
3ce3
3cc7
3d8d
bc06
3d1f
3d36
3d15
3bab
bd83
bc4a
bc92
bc76
bccd
bd40
bbdc
3d7f
bc0d
bc75
3d93
bc1f
bbd0
bcfa
bd44
3c9e
bd55
bd24
bcbf
bd10
bd57
bd7a
3c25
3d5e
3be4
3caf
bd4f
3bb3
bd09
3d09
3b81
bb07
3b83
bcd0
3cde
3db0
bb74
3dbb
3d2c
3e0a
bbf4
3ce3
bc8a
3cee
bc4a
3c9e
bc37
3d58
bc91
bcd4
3cad
3d1d
3ac9
3d83
3c89
bcd8
bc3e
3ba8
3cdf
bd6a
3d16
bc47
3d39
bd9f
3d20
3d56
bb57
3d1d
3d9c
3d9e
3cdf
3ccd
3d4a
bd2b
3b0f
bd81
bd03
3cc7
bc41
3d86
3d7e
bcf9
3ce7
bc83
bd4c
3da5
3cf5
3b97
3dc2
bd48
3c0a
bd38
3ce2
3d42
3c59
bd57
3d4a
bcf2
3d62
bb3f
bd2c
3c41
bc71
bcd2
bd4b
bd30
3cb7
3c34
3bd3
3d9b
bce0
bc77
3c58
bd9e
3ce6
3d64
3bd5
be3e
bc9b
3c2c
bded
bcbd
3d82
3d3f
bdd3
3b46
bc25
bd92
3c12
b8ee
3d77
3a8d
bd88
bd62
3d9b
bd49
3d8a
bd88
3d0e
bbd7
3d8a
3d3e
3d06
bc75
3d2e
bd82
bbfa
3cbb
bd32
3c21
3d49
3c55
bb1e
3c81
3d59
3c63
ba8f
bb9f
3d8d
bd14
3bb5
bcf6
3d6c
bc67
3cd0
3cdd
bd36
3b88
3d64
3deb
bcab
bcae
3d62
bd2a
3d54
3c62
3ca2
3d1e
bd3a
3dc5
3d4e
bd5f
3d41
3d13
bd1e
bd79
bd20
bd23
3d2e
bbf0
3c6b
3c22
3d2f
3d16
bd04
3ccd
bd58
3cd8
3c96
3d42
bd27
3c92
3d05
bc83
3c34
bbff
bc80
bb35
bbc7
bb04
bc8b
3b1a
bc68
3c34
bc19
bccf
bcc7
3dc6
bc4c
3d43
bcf4
bc00
bc06
3bef
bcdb
3b35
3cad
3d36
bce2
3ba9
bdae
3b53
bc5a
3d0f
bcb6
3d23
3b91
bd2c
3cd6
3cf9
3cb8
3c81
bd48
b9f5
3d68
3d04
3b08
3d47
3ce9
bc1b
3b1b
bd22
3d29
bb7f
3c64
3d89
bc99
3d2e
3ced
3d36
3c94
3d57
bc6b
bd20
3c50
3dce
bd82
bbc4
bdac
3d73
3ce0
bb93
3d81
3cf0
3d93
bd01
bcea
3b24
3d51
3bda
bc49
bc9a
bb77
bd80
3d2e
3bdf
ba14
bb89
3d51
3c30
3d55
3d2c
bd23
bcec
bb41
3d1a
bda4
3be4
bc03
bc29
3c2d
3ce5
bd21
bcfc
bb94
bcb4
bda1
bda3
3cf8
3d79
bb89
3d97
3c43
bc94
3d85
bd6c
3c41
bc74
bd9f
bbdd
3d3c
bd22
bc97
bcf6
bc9e
bc5f
bdfc
3d80
bd0c
bd61
3d4b
bdab
3d0a
3c2d
3b8a
3d58
3d8b
bd96
bd9e
3cb0
3ceb
3cee
3c29
bcf0
bc98
bdf9
bc9a
3c63
3ab0
3cdc
bd57
bcb3
bd95
3b83
3df4
3d92
3e03
bc67
bca8
bdc9
3e1c
3cf0
bb24
bd79
bcb8
bcb2
3d15
3df7
bcb5
be20
3c2a
3d8e
3d1a
3d26
3d98
bd17
3d2c
bbcc
3d0d
3bb8
3d43
3df3
bc72
bdaf
3d92
3d8c
3d38
3d79
3e10
bd79
bbcb
be16
3d5c
3d31
3d32
bdc0
3d30
bd69
bbbd
3bc8
3c64
3d44
bd3e
bdbc
bd07
bd9a
bd54
bc0e
bc18
b91e
bdcd
bd6d
bd27
bd5b
3d7c
3d63
3d1d
3b94
3c6c
3c8e
3d82
bcf8
3cf9
bc19
3d3c
3d34
3c63
bd12
392b
3b51
3d9a
bd38
bce1
bcce
bcd9
3d77
bd01
3d0f
bd17
3a05
3d57
3d90
bcd5
3b80
3d4f
3ba9
3aed
bb87
3aaa
bc92
3d88
bc58
3cad
bd0c
3d46
bb6b
3d2a
bc91
bc8d
3ce8
bcc9
bc9c
3cbd
3c44
bce1
bd08
bcf9
3dd4
bc3d
bd05
bd18
bb60
3d3d
3d06
3d75
3c1b
3c2f
3d0d
bd1c
3d51
bd36
3ce2
bcc9
bd72
bd05
bcf0
3dd5
bd9a
3d53
bb9a
bca0
3d03
3cb7
3c90
bd09
3cfb
3c14
bdc5
bd10
3dfc
bd57
bd7c
3dc0
3bbb
bd7b
3c40
3e07
3de2
bd92
3c9f
bdac
3be1
bcf8
bb28
bc92
bd15
3d0c
3d37
3e03
bd90
3cf4
3caa
be01
bd85
3e1c
bca5
3b99
3ce7
bb88
be57
3d0b
3e54
3d1e
3be2
3e3b
bbb9
bd96
3d22
3dc9
3e24
bde8
3db3
be5c
be0e
3d21
3d88
3e4d
bd86
3dad
3c3d
3baa
be63
3e89
bd4b
be3f
3d2d
3e0b
3d66
bd1e
3c8f
3d5c
bd57
babd
3df2
3cb3
3d85
bdb5
3d5e
bc74
3dd6
be1b
3cb5
bcfe
bd45
3cd6
bdcf
3d28
3b11
3da7
3e57
bbeb
3d84
bd44
be49
bc35
be53
3d95
3df6
3e75
3d5d
3bd2
3cee
3ac0
3dc4
3c0d
3dc7
3c82
3dcd
bda1
3c83
bd8d
bd7e
be3b
bdac
bbb6
3cbb
3d0e
bd43
bd87
3d2f
bdfa
3df2
3c59
3db3
bcc0
bc6b
bc80
be0c
3d6e
bd27
3d92
bb82
bb0e
3dde
bb1e
3dd2
bc0d
3e2f
3cd0
bd3c
be0c
bbda
bd4b
3ca7
bcc9
3c4c
3b51
bd8b
3dfc
bcc7
bd94
3d16
be2b
3e1f
bdcd
3d1d
3d90
bbab
bd06
3d20
3d28
3dd6
bda6
3d69
3c83
3dbb
bd87
3b43
3d02
bda9
3d05
3d78
3c79
bc02
3d7e
bd98
3dd1
3d89
3d37
3c60
bb13
3db6
bdb4
3c39
bcb1
bd2c
3d22
bce5
bd41
3da2
bc29
3c0f
3cd8
bcce
3a8f
3ca2
3d27
bcff
bc92
3bed
bd85
3d65
bd34
bd24
3aea
bd79
bd67
3d3f
3ceb
bd08
bc39
bb9a
3bcb
3b9d
bc43
bce1
bd0d
bcd9
3c69
bd81
3d5d
bc89
3d8e
bdcd
3c9a
3caf
be29
bc49
3bd9
3c07
3ca2
bdb9
3d7a
3bbf
bca2
bd1c
3dc9
3d06
3dab
3cc3
3c5a
bcb8
3d07
3d72
bc51
bd88
3d93
3d38
3db8
bdb5
3d60
bcf8
3dcf
3dde
3c9a
be8b
3e86
3ee6
be76
3cfb
bd64
be11
3adc
be80
bd05
be89
3c37
3d0b
3eaf
bd07
be89
be6c
3e5b
3e04
bd7e
bc9c
be9b
bd69
be88
3d41
3d9e
be96
3eba
bcf8
3d61
3f04
3dc8
bd60
3e3f
3c20
bed6
bc58
bc81
3d3a
3cc3
3e03
bcd7
bdd5
3da5
3e28
bdcf
bc86
3de9
be48
3c68
3d03
3b02
be06
3e41
b9a5
3d65
3d97
bdec
3d33
3d36
bbbe
bddb
3df8
be46
3d82
bc72
3e2b
3e24
3d22
3d2a
bdb4
3d72
3e26
3c9a
bda4
3d6e
bcf1
3cc6
3ccb
bdf5
bd41
bdcf
bde7
3c83
be83
3dcf
bc91
3da6
3c1d
3cd3
3d37
bcf0
bbfa
3d73
bdaf
bdf9
bd44
3dca
bd25
3e11
3c90
3b18
3ccb
3c49
3e35
3c47
bc47
3d84
bd25
bea4
3b32
3d88
3d65
bb80
be30
bc85
bdfd
3e09
3d18
3c5a
bcce
be2f
3e79
bd76
bd0c
3c0f
3d47
bde6
bda9
3e01
bcdb
bda1
3bac
bc11
3d9d
3d21
3cc2
3c8f
3b83
3d49
3dad
3d90
bd32
3daf
bd2c
3c98
bdc7
3d9a
3d65
bcc6
3d29
3b98
bd2d
3d0e
3d00
3b55
3d39
3ce6
3d9d
bced
bd2a
3cbd
bd8b
bd48
bbca
bd16
b9d0
bcc7
bca4
3d07
3d21
3c05
bd21
bd1d
bc8d
bd4c
3ddc
3d2d
bd38
bca0
3d23
3c96
bd10
3d3f
bd21
bbf9
bccc
bc8b
bb68
bd0d
bce4
3d95
3dbc
be2e
bd6f
bd15
bc7c
bcb4
bd83
bc8f
3e18
3cec
be80
3db0
bcc7
3d17
bcc1
3dd0
bd5c
3c9c
bcc9
3e0c
be05
bd3b
3dd7
3dfd
bb29
3d90
3d01
bd9b
bd31
be24
3d3c
be3a
bd39
3e33
3e9c
bda1
bd3e
3cb0
bbf8
3d21
bd81
bd90
be7b
bc49
bd82
3d63
3cb0
bdff
be53
3c8e
3e1e
3e61
bd2d
be13
3e95
be9a
3c2a
bdc2
3d56
3dc6
3d18
be49
3e44
3d3a
3db9
3c1e
bd56
bea5
bd87
bc2a
3e8c
3d39
bde1
bccd
bea0
bc9f
3e6f
3d8c
bd07
3e6b
be80
3d8c
3e18
3e82
3da5
bd56
3c85
3d54
3d31
3daa
3cc4
3e10
bd91
bece
3d46
bd1e
3d7e
3dc2
bd3a
bddf
3d8e
bcdb
3bbf
3d4f
3956
3dbc
bd54
3b31
bcac
3e13
bc06
bd81
be02
3e84
3e07
bd30
3da1
3c22
3e3d
bdf9
bcc1
bd49
bd1f
be1f
bcfd
bdfc
3daa
3d70
3df5
3b24
3dc6
3e37
3c60
3d40
bdc1
bd46
3bbd
3c23
3cee
bb6c
bdb8
bc6f
3b23
bda6
3dd5
3d8f
3d30
bb94
3d0b
bd30
3ddb
be29
3b3e
bdb0
3d4e
be1c
bd22
3da3
3da9
bd5f
bd9e
3de3
3d13
bd43
bc91
bd57
bbe6
3d19
3d96
3cb9
3da2
3c82
3db1
bc94
bbcf
3dbf
3cb3
bd82
bdfc
3c8b
3c93
bd8f
3d33
bd10
3c77
3d62
bc23
ba54
bcff
3dc5
bc4c
bd00
3d80
bcac
bd54
3cdb
3afb
3d0c
3d80
3c92
bdc3
bc9e
3d4a
3d01
3c79
bd36
bd46
3d3b
bd9a
3d85
3dba
bcf0
bc80
3bb0
3c91
3cc3
bce4
bc45
3c97
bda2
3d4b
bd1e
bdb6
3cff
3d77
bd36
bdb0
3d9e
3c74
3c89
391e
bc5f
3d90
bd27
3d4c
bbce
3d95
3da1
bc94
3da5
3e1c
3d04
bd88
3d0b
bd42
bde4
3e3a
bbfa
3d15
be1e
3d6e
be0c
3d33
bc6b
bc6d
bd02
bddc
3e14
3da6
3cef
bd69
3c67
bd44
3cd1
bda8
3c0b
3e2a
3cb4
be1c
3b88
bc69
3a45
3dfc
bdc6
be64
bd7b
bd7e
beb3
3d0e
bd8d
3d0f
bdf3
bd70
bd97
bd19
3e82
3e2f
be30
3ab5
3bf1
be38
beb8
3da7
3d0e
3e27
3d1d
3dbb
bcfa
3b28
3c21
3e48
bd81
3ba2
3ea4
bd9a
3d25
bcdb
3d36
3e28
3b61
bb81
3e24
bc67
bce2
3d0a
3e48
bd7e
bc93
3e47
bca8
bd01
bc6a
be7b
be0e
3d0c
3bbf
3dc2
3ab2
3d8b
3d2d
be06
bd03
3e0d
3e03
3c94
3db1
bd4a
3e0f
bdc2
3e1a
3e29
3d3e
bd10
3dcb
3c97
3d19
3c96
3e65
bc83
bd70
bd01
3e66
bb04
bc83
bdc3
bae6
bc2c
3d2d
3dae
3d37
3bba
3d02
bcaf
3c1b
bcb4
bcc4
bc92
bd02
3cde
3d57
3dc3
b934
3d9e
3dad
3ced
bd2d
bcf2
3cf1
3d09
bccb
bc00
bd08
bd6a
3d79
3c31
3d6c
3dce
bd16
3d53
bd63
3c32
bcbf
3df9
bbb7
bac7
3d33
3d2d
bbd9
bc0d
3d11
bd09
bdde
bd4a
3cdf
3c24
bd72
3cbf
3da2
bda4
bcf9
3d37
3cf4
3cfa
3d53
bdb2
bd4d
badb
3cb8
bdb8
3d51
3d17
3d2d
bda7
3d14
3cf9
3c9e
bda3
3c1b
bc97
bd6a
bb25
3d1d
bba5
bc01
3c01
bcac
bd40
bc4d
bd42
3ce6
bc9f
bcac
3bc8
3d93
3ca5
bd3e
bd12
bcdc
bc3a
3c93
bdcc
3d06
bbaf
3cd5
3dbc
3d42
3c41
ba4d
3dc7
bcf6
3e48
bcc1
3b78
3daf
baa3
bd06
bdbf
3db3
3dba
bdb7
3d96
bd86
bd0f
bd52
3d4d
bcb0
b9a5
3cef
3d0a
3d91
be09
3e5d
bc98
be09
bda2
3c50
3e38
bc1f
3be2
3d27
bc13
bdb1
3d82
be17
bdc7
3e2d
be5c
be01
be63
3dac
bd1a
be57
bdb0
bc16
3bec
bd4a
3dd0
3de3
3be2
3dd5
3d42
3e52
be1c
3e4f
bd14
bd26
3d5a
bb92
bc91
3b67
3c5f
3d63
bd8d
bc4e
be87
3c1c
bb21
3ac9
be29
bdc0
bd57
be09
bbe9
3d1d
be8a
3e4b
bc65
3d14
3dff
3e07
3ce2
3e18
bd84
3dab
bc3d
3def
3dd3
3c39
ba96
3bba
bd80
bcc4
bd45
bc1a
bddf
bd1a
bda1
3d4c
3ccc
bdf8
bdcb
bc92
3c1b
bdbf
bd8d
3daf
be31
3db8
bcdf
3dcf
3dd1
3e4c
3d29
3c15
be03
3e2e
3c42
3ca2
bb92
3ce4
3c51
bd55
3db8
bd31
3b5b
3cef
be05
3c80
bcc9
bc5a
3c21
bbb4
3dc1
bd3a
bc3e
3d39
bcf9
3db8
bd81
bc27
3caf
3cfd
bc19
3cb6
bd37
bdeb
bd72
bc04
3c91
bcfe
3cf4
3958
bce1
3d10
3b93
3d1c
3cef
bd1e
bd95
3d0f
3d40
bdcb
bd8f
bc8b
bbb1
bdcc
bd95
3d12
bd3b
3c67
3ca8
3bbb
3b44
bd13
bd8e
3d17
3c8f
bdc8
bbe9
3c2b
3caf
bcb3
bca2
bc81
bc41
3c96
3d15
3ac5
bd9c
3d5a
3bf2
3ca1
bc00
bd2e
bbc4
3cdc
bcaf
3d66
bd78
bc18
3c9b
bd35
bd71
bd3f
3cb8
bc65
bb12
3dc9
3be7
3ce9
bcb5
bcbf
3cfe
3da1
bc63
bd55
3d1b
3cd8
bc5a
bd54
3c9f
bcbf
3de5
bcbd
3c2f
3c3a
bcff
bd5a
3d30
bd6a
3a9d
bd1d
3bf5
3d07
bddc
3d1a
3bb4
bdbe
bd92
3cda
3d62
3d82
bc42
3d63
3c82
3d68
bc59
3d83
3ca9
3d74
bdb4
3c2f
3b06
bb94
3d28
3d5b
be7d
bd5a
3c6a
bdd8
bc1b
3903
3d3b
be24
bdf3
3d09
bd7f
3c8f
bd16
bcce
bdaf
be35
bbf4
3d87
bd80
bdb6
3d92
3d98
3db9
3e3a
bc7c
3cf1
be5f
3d2a
3d2b
bda5
bd93
3cff
be9b
3c52
3cca
be6e
3dbd
3dba
3e15
3b3a
bd6b
3d33
bdb5
be16
3d14
3bf9
3d0e
be11
ba83
3d26
bcac
bcea
3cfc
3dbc
3d21
3d8b
bd4b
bd3d
bd8d
bcec
3be5
bd28
3cdf
bd14
be02
bd71
3c82
bd59
3d4a
3d16
3c77
3cff
3caa
3d77
3cda
bc93
3cbd
bd3b
3b4a
bdb7
3aae
3dae
3c36
bd93
3c28
bd1a
3d35
bd7a
3d2a
bd3d
3d1e
bd9a
3dbe
3afb
3b13
3b06
3d03
bda6
3d53
bd3d
3dca
bd02
3c17
bcae
bcd2
3bc6
3d41
3b22
3c4d
baff
3b87
3a2b
3ccf
bc89
3db0
baec
3d6d
bd50
3c55
bd00
3b46
bc41
bc8d
3c07
3d01
3caa
3cca
3dc8
bb76
3d51
bca6
bd54
bc4a
3c76
bcc5
bc77
3c8c
3cad
bd06
3cae
3ca6
bb9e
3baf
3bdf
3c79
3b10
3cba
3c8e
3db5
bd3e
bda1
bb9c
bc67
bd1b
3cc6
bc98
3d94
3c7c
bb69
3b16
3a9a
3d43
3d5d
3d96
3cb1
bd41
bd5a
3c28
3dab
bd06
3d28
3cf9
3d46
3d12
3d6a
bd83
3c32
bdb1
bd5c
bd2e
3db0
3db9
bd85
be2f
3c80
bdbc
bd69
3d70
3d1a
bc98
be27
3d94
bb96
3d8a
3d18
3d7a
be6e
3b5a
bd80
3deb
bcb8
3d81
3dc1
3d7e
3ce5
3c23
3d10
bc0e
bcda
be23
3e97
bdb2
3e12
3dcf
bd9b
be3a
bbf6
bc96
bb0d
3a47
bd42
3d0c
3c0d
3b33
bdb6
be01
3d14
bcbd
bea1
bc2b
3de6
bd63
be37
bc48
3dd3
bd07
bc14
bdbc
3dab
bd6e
3d01
be86
3d65
bbf7
3d3e
3e30
be37
be88
ba62
3b11
3d15
bc88
3cb6
bc03
3dc1
3ce5
bd7a
bd99
3c93
bd9d
be77
3cdd
3d13
bd8b
3dc8
3d96
3dd5
bdc7
bceb
bcc4
3e3b
3d3e
bd14
be43
bc1b
3e22
3d68
be17
bd3f
3e07
3cc0
bc84
3e65
bb7f
bcd1
3cb3
3b27
3d20
3cf3
3d1a
bcbd
bd7e
bd5a
3beb
bcbc
3dec
bd07
3c08
3b8f
bbc0
3d50
bd83
3d7d
3e11
bdc0
be3c
be03
3d77
3ccb
3d7c
3c9e
3de1
bd93
bcb5
3c91
bd20
3b87
3d3b
be73
3d9b
bd8d
bd61
bd12
bbc0
bdc5
bdd0
bdca
3e07
bdcb
3baa
3da3
3d53
bc57
3d5c
3ced
3e17
bd10
bda9
bda8
3d5e
3c56
3d57
3d4b
bd31
bd0d
3cf0
bc3d
bbf7
bd28
bbc0
bdac
bca2
3db6
3cb3
bd37
3b9c
bcbf
3d10
bd03
3d9a
3d47
bcd5
3d31
3c93
bd25
3cfa
bc6c
bba2
bd72
3c86
3bec
3cf2
3cd9
3d9d
3e11
bcda
3c27
3c5e
3d01
bc63
bd72
bd0b
3e0e
3ceb
bbbe
bd9d
3d8f
bc19
bdff
3c05
3d2e
3ca8
3d8a
3d46
3dc4
bdc7
bd0a
bd8c
3d0b
bdbd
3d8c
3d9c
3daf
3d9d
bd18
3e2f
bce2
bd49
3c7c
3cbf
bd4c
bc1a
bd2a
3cbb
3d9e
bd3a
bc49
be3d
3d72
3e00
be6f
bdd8
3d98
3dad
bdf4
3d91
3d9e
bd93
bb52
be00
3e07
3d4e
3b67
bdfc
be1f
3db5
be94
3ea7
3e2c
3dce
3d15
3d35
bdf8
3cdd
3ed1
bcd6
be07
bd34
3e09
be02
3d76
bd34
bdf1
bd9c
3c8b
3e9a
3e15
3eee
3e4d
be64
3d45
bebf
3ddb
ba91
bcf3
bdae
3e9e
bdb3
3da9
bd05
bc9b
beb5
3dce
bcc4
bc49
bcda
3f0d
3d41
3e1e
3c5d
bdbc
bdf1
3d30
3e1a
bd0e
be99
be3c
be26
bd9c
3f01
be00
3df7
bcd7
be85
be1f
be97
3dce
3dc6
3e53
bee6
3e71
3e1f
3dc8
beef
bd01
bd6d
be61
bc0e
bd62
3baf
bb36
bd53
bdf2
3ea5
3cb4
be4e
3dde
3e49
3cae
be31
bc5e
be18
be0d
bd72
3c8b
3d99
bedf
bc1d
bd51
3d67
3ed1
be2a
3d31
3ddb
3df4
be82
bd05
bd97
bc84
3cff
be1f
3c2d
3d9a
bcf1
3d0f
3e80
bb92
bd93
be0d
3e82
3e88
be3b
3d83
bd40
3ada
bc88
3cc3
bbd7
be68
3cf4
3cf3
be35
3e11
3c9d
3cd7
bcf2
3e18
bdf1
bd94
bd0d
3e47
3c39
bdd7
3c1b
bd9c
bd80
3e1e
3e3c
bcb3
bd2a
bde5
3db0
3dd8
3cac
3d3a
bcd6
3cdb
bdb4
bc28
bd17
bd97
3be3
bc8f
be69
3cd8
3e00
be0b
3e1b
3caa
3d06
3d8f
3c2e
bc10
3b41
bda2
3d33
3d31
bd13
bd49
be2e
bd2c
bd17
bd2b
be31
bd55
bdda
bda3
bdb2
bdd8
bcdd
3d6b
3cdc
3dd3
3d06
bcf2
3dd5
3c89
bd4d
bcd6
bd7c
be0b
3e97
bb1e
3d24
3d0c
3c6e
bd94
3d65
bde2
3c57
3de1
be82
bd0a
be32
3e06
be83
be99
3ebd
be22
3daf
bcc8
3dfd
3c9f
3dc7
3ebd
3dc4
bca4
bd70
be6f
3e13
bc02
bd72
3e16
3e9e
3c85
bc8b
3d2f
bcdf
3db3
bb52
3ce4
3d4f
bce3
befb
bb45
bdcd
3f01
be98
be7a
bd26
3dd6
3e66
be62
3e94
3d78
be0b
3e4c
be7c
bdc8
3e2f
be24
3d05
3e82
3c70
bdb2
be47
bd13
3cb7
3e6b
3d80
3e1e
bc06
3eb0
3d91
bdf9
be16
3c01
3e89
3eaa
bdf4
be1e
bef7
bd4a
3ec6
be1c
3ec5
3d82
bea3
be82
beca
3da0
3e9f
3e46
bf0b
3e95
3dfd
be1d
be6c
bca4
3c3a
be6e
3dca
bcad
bc8b
3e59
3d11
be86
3ed1
3bd1
3e75
3e8d
3ea5
bde1
bed8
3e3d
bbda
be09
3f0f
3ca3
3e6b
be80
bdc8
3cdb
3eab
3e07
bd14
3e90
be65
beb3
beb1
bc8b
3d3d
bd13
3b5b
bde8
3ade
3dfd
3c4f
be21
3ee3
bd59
3d2f
3ec9
3ec9
3d92
beb7
3e78
be74
be24
3ee7
bd4e
3ea0
be9e
3e22
3d3f
3d86
bcf9
bcc2
bc47
be66
bd91
bda3
bcaf
3bad
3d42
bbd9
3ded
3a85
3c2d
bc84
3d64
b84d
bcb1
3d0e
3dab
3ced
bd42
bd42
3daa
3bf2
be16
3c2d
bbdd
3d16
bd43
3cfb
bc21
bde4
3d87
3c0a
bd52
bdd4
3dea
3dad
bc92
3d10
3c49
3d87
bdfa
3d7a
3d19
3d07
3d7c
bd8b
bd4f
bd14
3e43
3cbb
be30
3d08
bc3e
be77
3c0c
bd85
bcf5
bcf5
3c14
bc6e
3d87
bcb2
bbbd
3cc7
bec2
bec1
be6c
3e3e
bcb6
3d1a
3e83
3d0f
be60
3d1c
3e47
3bdc
3d76
3e31
3bfc
be0d
3dce
3c82
be7f
bea0
3ebe
bcfa
bf14
3e5a
bc8f
bb28
3db8
3ec3
bd8f
3e28
bedb
3f21
bee5
bea9
bede
3e8e
3d8d
3cdf
bcdb
3d2e
3e23
3cb2
3ebf
bd83
bcfd
3e05
bd04
3e17
3ef3
be38
bee5
beee
3ed7
3d6a
bebf
3e93
bc22
bdaf
3c5c
3e1f
bde3
3f15
be21
3e72
3e29
bdc9
bef0
3ea1
bc2d
bca0
be12
3d87
3e57
3c8b
bd4a
3c22
be7b
3d0a
3a7c
3d9f
3e80
be59
be37
bddb
3e3d
3e42
bdf5
3ef2
3da5
3d1b
be0a
3e1b
3def
3e73
bed1
3df8
3e9e
3e17
beb9
3db7
bd6d
bbba
be77
3c97
3e85
3d03
be8b
bb9e
bd00
be9f
3a15
3d2e
3d83
be03
3c8e
3e20
bd3f
3eac
3c9f
3eb0
bc51
bda9
bc8b
bd68
3dc3
be6f
bcea
bedf
3e02
bedc
be12
3e77
bb3a
3d1d
3cd0
bce2
bc33
3d52
3d40
3cb6
3e29
be16
3d4a
bd4b
3e41
3c38
3d76
bca4
3e82
3d66
be87
3dda
bd49
bd00
3c24
bde3
3cfb
3dcf
be49
3dca
bbb5
be4b
bca9
3cbb
3cd8
b9c4
3d48
bc8a
bd33
3d2f
bdd6
3c26
3dd4
3d8c
3c4a
bca9
bcb4
bd22
bda2
3d23
3c16
3d99
be1f
3dcd
3d2e
3cf4
3ce5
3d58
3c6b
3cb2
bdaf
3da9
bd16
be00
3deb
be4d
bd2f
3d28
3dee
3bc4
bc5c
bb42
3ccc
bca1
3d8f
3e1a
bcfa
3d1e
be01
3d45
3d01
bda7
3e3c
3d5c
bd9a
3d10
bae4
bc74
bdb3
3e60
3cc9
bd90
3d75
3e1a
3e76
bead
3ea1
be9a
3ccd
bc80
3e8a
bd6e
3bca
3b8f
3d29
bd6b
3e66
3e3e
bbef
be03
be4c
3ea4
3f23
be6f
3ea6
3e87
be04
be76
3c38
bd8a
bea4
3d9f
bd37
becc
be70
3ef7
be05
bebe
bc85
3e90
3d11
bd3b
be44
3ccb
bd87
bd1c
bc6c
3b78
3e02
3cbd
3dac
be91
3e8d
be1e
3dec
bdad
bbd9
3e7f
be61
bd88
3c00
3cee
be5b
3e28
3dbd
3d72
bdf3
bda5
becb
3db3
bcfc
3e1d
3e02
3ce2
3d1e
3d15
be04
3dd3
3d45
3d3a
3e0f
be12
bbcf
bd4b
3e03
be09
bcff
3b95
3cd1
bdd9
be38
3d9d
3cad
be60
bbfb
3bd2
3e17
3d23
3ce4
3e50
be35
3e4c
3e89
3e9c
bcd3
bc77
bd7a
bc56
bdc8
bcc7
3e56
bbe6
be40
3d91
bc97
bd80
3e2e
be32
bdbb
bd79
bea0
bea6
be74
3c7f
3c7e
3d92
3c15
3dbd
3d95
3eca
bd96
be62
bda8
be77
bd0b
3e94
3d7d
3d3f
3c9a
3a8d
bdbb
bd3f
3ddf
bc9e
bc14
3d30
bcc8
bdd1
3e89
bdef
be2f
3d21
be0e
3ce9
be84
3e27
bccb
3e52
bd7f
3e5f
3dbc
3e6b
be2a
bd3e
3d7f
bc3b
bb88
3da9
3cb0
bcef
3d7a
3c10
3d47
bccb
3c71
3c86
bd5a
3c92
bd41
bcd6
3bc9
3a8b
bdac
3cec
3c7a
3ceb
ba81
3d7d
bd87
3d92
3cd1
3d88
bd30
3d81
bddc
bd16
3dc7
3c50
bd53
3d5e
bcf2
3c6e
be17
3c86
ba34
bd2a
3d5c
3d17
be30
bd46
bd82
3ca1
bd29
ba60
3cf7
bdc5
bc7c
3d9a
bdc1
3d31
bcb2
bb89
3d57
bd9e
3d3e
bcc3
bda4
3dd5
3eae
be5e
3ce4
3e9e
bcdf
3c5a
bf13
3d25
3e18
3d46
3e42
bb8c
be88
3e21
bd5b
bec3
3e5f
3e58
3ea8
bdbf
bb6b
3e31
3d75
bdb5
3c57
3d9e
bd23
bedb
3d5b
bdfd
be81
be2a
3f1b
bf37
3e02
3f24
3d61
3d1a
bed9
3d74
3e1b
3d2c
3e02
bcc7
3eb4
3e45
bd19
bdd0
3efb
3e6b
3e8d
3e13
be92
3d39
3e90
be5f
bd5c
bdc1
bd74
bee5
3d37
be19
be88
bf12
3e66
bee3
bddc
bcf1
3d7e
3cf9
3e6d
bd49
3e13
bc57
3d81
3cf0
3f07
3dcc
3bb5
3eb0
3ed1
3e07
bd11
3de6
3dc6
be92
3e67
be00
bc7d
be84
be1e
be4e
bd0a
bdd9
be60
bebc
3da0
bee9
3d17
3db7
3d64
3d98
3e14
bc64
bbdb
bc9b
3e2d
bc2e
3e62
3dc7
bbfa
3df9
3e86
bd98
be53
3d98
3d21
be1f
bd32
3e3d
3d0e
be14
be4c
3d85
3d3b
3da2
bd07
be3a
bddb
be0e
bdde
3e20
bd6c
3d61
ba1f
3cf2
3d2c
3c5f
3da5
3cac
3c60
bc37
3d3d
bbe3
3e10
be27
be12
bbf8
3c67
bb10
bd8c
3e27
3b9c
3d97
bd80
3d8a
3d8c
3d37
bd9b
3cdf
3c49
3cd1
3d5d
bd26
3d08
bd00
3d1c
3c84
3b96
bd09
3d21
bcac
3c16
3c88
3b49
bb0a
3d24
bd6e
bc17
bcb7
3c32
bd07
3d1f
3d25
3cea
bd4b
3c3c
bbb9
bd40
3d72
bb91
bdac
3d03
3d1b
bc77
3ceb
3c93
bb95
bcc1
3c81
3b24
3c73
3bcf
bc75
baef
bc7b
3c3c
3cd6
3b84
bcb4
bc14
3c47
bc82
3af3
3cd8
bd37
3d07
bccf
bd5c
bd29
bd45
bd19
3d56
3bac
3cb7
bc0d
3aea
3c63
bc55
3c92
bd8c
3c5d
3dc5
3d2a
b9eb
3d06
bd34
bcde
bcfa
bbac
3ca7
3dad
3ca1
3cbc
3d31
3d6d
bd30
bd33
3d1e
bd56
bcbe
bd7d
3dc4
bca0
bd42
bc29
3d3e
bd70
bd02
bb9a
3d2a
3cf6
3c4b
bc8c
3dfa
bd1e
bdb5
3bfa
3d89
bbc0
bd14
3c4c
bbd5
3d03
3d29
3d5b
3d3d
3c5d
3bf3
3cfb
3ce1
be0d
bc96
bd1d
3d76
bdac
3c19
3d1e
3bc1
bd4d
bd0e
bd2b
3c7a
bc99
3dc2
3d91
3d4e
3ca8
bc74
bd47
3dbd
3c9a
3d12
3cc6
3c35
3d15
3c51
3cf2
3d29
3d0b
3d2b
3d1a
3d0a
bbac
3c33
bd95
3c93
3d70
bca6
bcf6
3d89
bc84
bcee
bbf6
3cae
bd18
3aff
bc30
3ca7
3d0f
bccf
3c34
3d3d
3c28
3d98
bd55
bd0c
bbc6
bcc1
3d36
bbb5
3cb6
3d70
bd14
bcff
3d26
bd19
bbb5
bd22
3cd7
bd39
bdc7
3cda
bd09
3d88
3c2d
bc2e
bd6d
3c0f
bd1e
bb46
bd56
3d28
bd5d
bccd
bb4a
bd6b
bbcf
3d0c
bc29
3d04
bcf2
bd22
bcba
ba10
3cb2
bd22
3c30
3b6b
bcbf
bcba
3c90
bd37
3c35
3d3d
3aff
bc81
3d9e
3cd5
3bae
3c08
3b6f
3c8b
bc02
3cee
bc3a
3dbf
bcc8
bcd8
39b3
bd7b
bd1d
3c51
bd17
3d92
bc96
bd23
ba4d
bc69
bc9e
3d3c
bc60
3c3f
bb62
3cb3
3d96
3db7
bd02
bd7c
3d0e
bd85
bd04
bda6
3cf1
3c80
bc8d
3cf0
bc1b
3d63
bd2a
bd3e
3cb0
3c31
bd55
bb4d
3d80
3bfe
3d8b
3d62
3db5
3c0f
bda3
3d22
be57
bd1a
bd2c
3c34
3caf
3da4
3d89
be66
bdc4
3bcb
bc94
bd3c
3d1b
3d60
bd4e
be60
3d30
3a3d
3db3
3bd1
bac7
bdcb
3db1
bdcc
3e26
3d13
3d1a
3d76
3e22
bd09
bd5a
3b6b
bc20
3c30
bd25
3e9d
bcd8
3e61
3e07
be41
bdc3
3d39
3ca2
bda2
3c28
3e0f
bc83
bd95
3c54
bd3e
bcbb
3c07
3df4
bd9d
3d1d
3d40
be33
be29
bd85
3cd1
3ddd
3d11
3c32
bc96
3d5e
3c30
bc35
bc28
bdcb
3e10
3e44
be1d
bea3
3c1e
3c8b
be1d
bd11
3e6b
3dbf
3d6d
ba7b
be1b
3e20
3d4f
3d29
bd9e
3e6c
3e03
be14
3d0b
3d28
3d7c
3d05
bd8d
3dc9
3e18
3cb0
bdaa
3e6d
3d9a
bdc5
3d1b
3e80
3dc4
be48
3b86
3d8e
bdb4
3d25
3d34
3c9d
be1c
3a9b
be4b
3c5c
3a82
bdae
be7c
3d66
bd41
3cee
be15
3e67
3e2e
be1e
3d50
bb5a
3db6
3de6
bd34
3d1a
3dfb
be3d
3d65
bcdd
3d8b
bce8
bc99
bb4c
be07
bb8b
bd05
3d3a
bd19
bc9f
bdfc
3da5
bc80
3b32
be2a
bc93
bcda
3dc3
be2c
bbea
3da7
baba
3b86
3e17
3c94
3deb
bc48
3aa0
3c8a
3d01
bc31
bd25
bd4d
bc84
3d0c
3d58
3cbe
3d37
3d63
bd72
3c51
3cd6
bc88
bb42
3dbc
3c06
bd46
ba8b
bd7a
3cec
3dc7
3c2e
3cd3
bc9d
bc12
3cc1
bb25
bc99
bc5a
bd13
3d33
bc32
3d9c
3dde
3db7
3d9a
bc95
3c87
bd89
bd1f
bd83
3da0
3d89
bbbf
bd04
bd79
bc68
3c9f
be2e
3d38
3e0e
3d58
3db3
bbe9
3dfb
bdbb
bbfe
bccb
3dc7
be21
b988
3d3c
3d43
3d53
bd85
bc05
be0e
be26
3d1b
3cdd
bc65
3ca2
3b82
bcb8
bd02
3c26
3c8b
3c86
3a26
3e97
bdb9
3d2b
bcaf
3d08
be3e
3bd2
bd9f
3a98
bd3c
bd9f
3d81
3da5
3d1c
bbb2
3e16
bd39
3d18
3de8
3e08
bdfd
3b5a
3bae
be84
bcba
3de5
3d25
be93
bca6
be68
3eea
bb47
bdce
bdb6
bd1e
bd7f
3dd6
3a6b
bde9
3db2
bd11
3c8a
3ebf
be42
3ebe
bd8b
3e3e
3ebb
bc6c
3e9c
3ed4
3dd4
bf00
3dac
bc43
bddc
bb93
be01
3dae
be95
3bec
bef3
3ed6
3c5b
3e0d
bea7
be15
bdda
bc0d
bf31
bec0
be10
3e96
bc83
3f64
3dd3
3f18
3d10
be61
3d66
be88
3f01
3ebc
3de5
be45
bcf5
3ce1
be32
bd0c
bf11
3c5e
3cf4
bd1c
be8b
3ef2
3b79
be8a
bee8
3da0
3e78
be23
beff
beca
3d61
3cab
3d4b
3f6a
3d0e
3f11
3dd4
bdd5
bec7
3e8b
3d28
3d6a
3e22
bda5
bd83
bc6c
3d37
bc2d
bf12
3a88
3c01
bd31
bc4d
3ea1
3d4f
be8a
be3c
3e0c
3e82
bd09
3d1d
bed5
3d80
bde7
3cdd
3eaf
bcd5
3e8f
3d58
bd72
bd3a
3ebf
3c80
bd07
3dac
3c9e
b9e0
bcf6
3b16
3cb5
bd59
bda2
bd32
3de4
3ca9
3cf4
bc5a
3d58
bda4
bcf5
bb4a
bcea
3c9a
bbbe
bd86
bbb8
3d23
bd27
bcae
3d55
bd1a
bd04
bda3
3d32
be1f
3ead
3e2b
be18
3bc2
bd13
bdad
3d42
bd75
ba04
bd8c
3d0f
bd8d
bdbe
bceb
3c50
bea3
be2f
3e06
bd69
bdcb
bccc
3e49
bdc4
bd24
bd10
3c7f
3d04
bcba
3cfc
3e8c
be1a
bcca
3d9d
3da5
be13
bcc8
3d82
3b91
bbf1
3e54
3d49
be9a
3c42
bc28
3ded
3cbd
3dfa
3dd5
bbf6
be79
3eed
be85
3d24
3e4d
bbfb
bc47
3e43
3d85
3e19
3d2c
3d6e
3e84
be96
3ec3
3b3b
3e60
be0b
bc02
3c9a
be07
3d00
bea3
3cfd
bce7
3d9d
be11
3d98
3d84
bd3c
bd00
3dbb
3dea
bd63
be99
becb
3e9a
3d6b
3d4e
3e4b
bcc3
3ce8
3a7e
be37
bd62
be30
3ed4
bd51
be83
3d82
3e02
3d0a
be59
3d66
bd04
3d08
3ee2
3d0e
be82
bdba
3d99
3e31
3e8c
be5d
be5f
be9e
bebe
bddf
be52
3ed3
3d51
3eaf
3e74
bd05
3e7d
3d99
be9c
be2a
bd04
3e56
bcdd
3f27
3da2
bcce
3da5
3c70
beb7
3d20
bea4
bc89
3d59
bd7b
3cbd
beb9
bf35
beb1
3d27
3de4
bec4
bdc3
be90
3e9d
3c47
3ee1
3f56
3f39
3dae
bd15
bf75
3f7e
bebb
3dfb
bc36
3e7b
bce0
3d60
3e86
3d32
be69
3d12
3e42
3cf6
3e8e
be04
3d1f
bd9a
be83
be20
bd90
3c41
3e13
bd9e
3d1e
be4a
3bd6
3d0c
3eab
3e82
bc7d
3d5b
bddd
3ec9
bd07
3c86
3c54
bbce
3b39
bd16
3c5a
bc73
3d63
bdbd
bae9
bd04
3de5
3c4b
bdb4
bbb8
3c7a
bc88
bbaf
3c65
bc13
bd12
3c2a
3dbf
3b00
bc07
3b12
3d35
bd82
3cb0
be03
3d72
be28
3e4b
3e64
bd6b
3ce1
bcb6
bdc5
3d16
bdaa
3db2
be3f
3bbf
bda4
3c57
3d5d
bd1b
3c02
be65
be81
3e05
be56
be35
3b95
bda0
3c52
3d3f
3cb8
bcaa
3d98
3db3
3e7c
be83
be0a
3ed3
3e81
bd95
bd39
3ba9
be4e
3adc
bdf4
bc41
3cb8
bcf2
bebb
3e82
3d9f
be60
3dfd
3e17
be6e
bd3a
3ddb
be94
bd20
3c8f
3cca
3e2a
3c41
3da7
bd5c
3f0d
3e2f
bd7c
3e03
be40
be8e
3dbc
3d37
3d81
3e63
bc2a
bd90
3cef
3efb
3d5c
3d73
bd43
bccf
3ec6
3e6b
3be9
3d84
be98
3c5d
be82
3ea2
bec8
3d77
3d56
3d05
bd26
be95
3e86
be0e
bc9d
3de3
3d11
bd89
bc02
3cb5
3db7
3e01
3d07
3e9d
3d84
3e9d
bddc
be11
be0f
3d4b
3d32
3e48
bc47
3ab5
bebd
3e85
3ef1
be0c
3e38
3ca9
3dd4
bec1
be36
3e16
3eb5
be1f
be81
bec7
bd3a
3f00
3f0d
3d68
3d81
3dc5
3c00
be25
bc9a
3e84
bcf3
bdaf
be2d
3cb2
be88
3daa
bf4b
be5b
be17
bede
3d9c
be40
bda2
3c0d
be27
3cc4
3e74
3d63
bba5
bd26
bec1
be6e
3e98
3e19
3eb6
bd02
bc52
be1f
3b85
3d64
3c13
3e98
3c3a
3bad
bcf2
bd0d
3c35
3dd5
be8f
be98
3d5e
be08
be23
bd63
3db8
3d9e
3ce4
3e5a
3cc6
bc86
3eac
3dd3
be18
bca4
bd98
3c53
3cf3
bcd8
3d00
bd16
3c6a
bcd1
bc91
bd18
bcb1
bcda
bc62
bd41
3d6b
3d55
bc00
bb8f
bd2e
bd41
3d0a
bd78
bc44
3caa
bd09
bcb8
bd2a
3c91
bd00
bd25
3d67
bd8b
3c13
3d57
bd73
3c67
3a2d
3dd1
3c98
3c91
3d4a
bcfd
3ceb
3dde
3d07
3d9b
3d97
3d47
be48
be87
3cd3
3c36
bdb2
3dfb
bdd9
3cc5
bdab
3d29
3dee
3e0c
3db1
3dab
be2a
beb8
3ecf
3dae
be7b
3bd0
bc07
bd8c
bcf2
3c9e
3b9a
bdb7
bc09
be60
bc15
3d16
bbcf
bdb1
be3a
be4d
3d5b
3d63
bc0a
be42
3e49
bb0e
bddd
3da8
3e8f
be22
3ea8
3e31
3e11
be37
3ea0
bebe
befa
3c45
bce9
3dfb
3ce6
be12
3d45
3ddb
bd0a
be5e
bdc7
3d1b
3e82
bec1
bd44
be0a
bf25
3e3c
3f03
be61
3e55
3a19
3ea8
bd03
3f0c
3c23
3ebd
3e2c
3ecb
3dea
bb75
3e72
3e97
3d27
3d27
be1d
3cdb
3e79
3dfe
3ed7
3d1a
be57
bdab
3ca6
be3b
3e0d
bcad
3d25
beb6
bee5
3c09
bf04
3e82
3d0d
3d88
be73
3dd6
3e14
3f27
3ddc
bf01
be02
3d16
3e97
3d7d
3c27
3c09
3ce2
3cda
bcce
bcbc
3f0c
3d1c
be00
bde7
bc9d
3c02
3d19
3ceb
3d96
be19
be22
be4f
3ea1
beb7
bc7d
be5b
bd09
be3a
bda3
3e61
3e11
bea9
3e14
3ca7
3e92
bdbf
bcca
3ca1
be10
3b46
bce5
3b12
3d8f
bd35
bccc
3e0b
bd1a
3d5a
be03
3cec
bd47
3d95
bdad
bddd
3e33
be42
3d11
bd24
be09
be39
3d67
3d13
3db8
be5a
bc89
bd2b
3d4b
bb57
3cb6
3d23
3ca9
3d02
bcf2
3c5f
bd35
3d2c
bcd4
3a86
bc08
bc0f
bd21
3d05
3d79
3ca4
3c9a
bc19
3d78
bca3
bd8c
3c71
bd44
bc1c
bb9e
3c15
3d0d
bd4d
be10
3e2d
3d89
bce8
bb2e
3cc5
bd54
3933
3c33
3ce3
3e24
bc31
bddb
bd70
bd36
3d17
bd93
bd73
bcf3
3c72
3de3
3dc6
3d9d
bd71
3d7a
bdc3
3d90
bc84
bcd0
3dab
bcbd
3cee
bde7
bb96
3e1d
3e13
bcc8
bc67
bd90
bc13
3c02
3cc9
bdd8
3cd4
bdaa
bdda
bc62
bc4b
3df1
bde6
bddd
3e46
bd4a
3e9c
be26
3dd5
3d54
3dcc
bd22
3ccc
bd9c
3d5e
3dc0
bdde
3d5d
bd93
3df7
3e82
3ce2
3d1f
be69
3c9a
bdf3
3dce
3cad
3b48
be8f
be06
3cc0
bea3
be03
be10
3eac
bec4
be5b
3ed1
becc
3e07
3cc6
3e3d
be14
be01
3e3a
bd8b
bea6
be3a
3eb6
bbad
3e75
3e85
3cac
3c72
be2d
3d10
be7f
3ca1
3e85
3d2a
bed6
3d0b
3d7f
becd
3d44
3ed2
3f70
bee8
becc
3e73
bea7
be97
bae7
3e1a
3da5
be54
3cfb
be8a
bec9
bc41
3ec6
bdca
3e06
bbf8
bd89
3c72
3c9e
bd2d
bdf6
bcbb
bd91
bd79
be13
3ce0
3cac
be49
bd8a
3e2c
3ec8
3c01
bdfa
3d88
3e54
be29
bb64
3cc5
bdb6
bd76
3bc1
bead
bdd9
be3b
3db1
bcbd
3919
bcfc
3d9a
bcb7
baff
bda0
3d3d
3d0e
bd58
bd12
3d25
bccd
bc5b
bc8e
3c99
bd96
3da3
bda3
3b25
3ab7
3d3b
bc08
3cb6
bb87
bd1a
bdc0
bd0c
bde1
3d55
be3f
3bb7
3cb1
3d13
bd94
3d38
bd29
3c22
bd62
bd4d
3cab
bd4c
3c83
bc1b
3cd8
3d35
bc03
3cdd
bdb0
bcad
3cb4
3ca2
3c1b
bc14
3d2c
3b77
3c23
3c34
3bb9
3c4b
bd64
3cad
ba1d
bd98
3cca
3cd4
3ded
3b53
bd46
bdb6
3d3f
3d71
bc61
3da2
3c99
be07
bdc6
bd1b
3b5c
3d31
bc9e
3b35
3d61
bd62
3d85
bd84
bcd5
bc5a
bd70
3dac
be3d
babd
3d3c
3cb2
3d82
3d2d
3deb
3bb2
3e2f
3d6c
bb1f
be2b
ba1c
3d50
bbbc
bdb1
3c14
be17
bd31
bbfd
bce6
3d31
3e38
3d5c
bcc3
3d85
3e3f
bd38
bdd9
bb02
3d1c
bd79
be57
3dcd
3ddf
bbf0
bd82
3daa
3e73
3d6b
3e6d
39d4
3c19
be6e
3ccf
3e23
3d2b
be3a
bb3a
bedb
be4d
bc04
be35
3dd3
3e33
3e9d
3d8b
bcea
3eae
be1a
be12
3dad
be0a
bd05
be13
3c7e
3dea
3d10
bce0
3dec
3e5b
3e34
3ebd
3d92
3b31
beae
3cc6
3d66
bb6d
be04
bcce
bf06
be4d
3b8d
bef0
3e1d
3e82
3ef3
bddd
be34
3ea8
bdff
be44
3d7d
3c86
3ce8
be11
3cc8
3e64
3d83
be78
3e70
3d16
3dea
3d8b
bcc0
bba3
be1d
3cc1
3e06
bd9e
bdff
bc8a
be20
bdf0
3d6d
be86
3d97
bc8b
3e35
3d37
be01
3d1f
3d79
bd99
bcc6
bcd1
bbef
bdba
bc06
bd1b
bc63
be22
bd2b
3d45
3cfa
bd2a
3d5e
bcbc
3c04
bcd0
3ccc
3d7e
badd
bca0
bd8d
bc39
bd51
bd60
3c94
3da1
3d61
bc62
3bda
bbb3
bc9a
3cf1
3c96
3c43
3b8b
bba9
3ba6
bceb
bcde
bd08
bd33
3d05
3ac3
3c77
bc52
3cca
bc84
3b7b
3caf
bd7d
bc80
bc64
3b77
3d01
3d4f
3b99
3d9e
3cff
3ace
bd69
bd29
3d36
3ad2
bbf4
bbf4
bc6a
bb88
bc5e
3d60
bd10
bc95
bb8e
3c2d
3d16
bd7d
3d24
3ca4
3d3b
bce4
bd0d
3c6b
3d09
3ada
bc09
3d03
bc27
bbd4
bcb6
bc0e
3d09
bc9a
3bde
bc63
bd44
3c4c
bd03
3d37
bc2f
ba58
3c13
bc36
bbab
3d1b
3d99
bc1a
3d01
bd8b
3d2a
bb05
3d46
bd39
3c77
bc40
3d56
bcc6
bcb4
bc51
bc80
3c81
3d1c
3d7f
bc60
bd9b
3d20
bb32
bdcb
3dd8
399b
3c39
3cf6
bd1d
3cb0
bcf7
bd27
3d16
bc1d
bc25
bb81
bda7
3d7f
3c8e
3d10
3d9a
3dbc
3db9
3d27
bd6d
3d77
3dd5
bdca
bda1
3e40
3d08
3b82
bdb3
3d9b
3be7
bdae
bce3
3de4
bc81
3de3
3d8d
3c8f
bd20
3d58
bd8d
3dd7
bd3c
3c5e
be2d
3df1
3c93
3d0a
3da7
3d0a
3e04
bcaa
bcec
bc9c
3dc3
bd8f
bd27
3e7a
3e04
3d9d
bdf5
3d90
3e31
3b71
3d84
3b4b
3d50
3da5
3e25
3ca5
bc5b
3d9d
bd0d
3df2
3d8c
3d5c
be17
bd44
3904
bc0c
bd9a
3d2f
3e0c
3ab9
bb43
3d85
bd89
3ccc
3d1f
3e0e
3d7a
3e11
3ae5
3dac
3e16
3d57
3e0a
3b75
3cee
3d83
3ccb
bd5f
3c72
3e49
3dfb
bd0a
3d8d
3e27
bda4
bda9
bd03
bc95
be12
bd73
3d1a
3c28
bde0
bc26
be18
3d9d
3c27
3d35
bd26
3de4
3cc8
3dc1
3d58
3cb6
3e0d
3cd3
bd0d
3cdc
3cbd
bd75
3cfe
3d86
3e64
bdb9
bd1d
3d4f
bcf2
bd9d
ba7a
bd15
bcb3
bcc5
bd14
bd8a
3604
3c62
bd0e
bc91
bca4
3cc8
bc49
3dbd
3a98
3c9d
bd38
bb0a
3cf2
bc30
bd3e
3cd4
bcb4
3b67
bd12
bda6
3dd0
bcfa
3cc8
3d2f
bd2e
3d25
bd06
3d47
3761
3c39
bd5c
3d3a
3dcc
bd60
bcca
bcbe
3b1c
3d0c
3ce8
3cce
bbec
3d07
3bcc
bc35
3d56
bcf3
ba2b
3d6e
3dbf
bdbe
3c9e
3c82
bd40
3e0a
bd9e
bd56
be13
3e55
bca2
3c2b
3d07
bcef
bd77
3c95
3e40
bc85
3bdd
bdf1
3d13
3d82
3dde
3dac
3dc2
bdf9
3e34
bdb3
bd36
3ce2
3cbb
bde0
3e24
bdb7
3d10
3dbc
bed7
3e77
bdec
bd4b
be30
3e31
3c5c
ba66
3d8e
3d3d
3ddc
3d85
3e82
bc8b
3be0
be7c
3c20
bd26
3d3b
3e53
3e2c
bcb8
3e51
3df4
3c8e
bdf1
3ab5
bed3
3e41
be5a
b9a6
3e1c
be32
3e97
be21
bce9
bdec
3dd6
3cce
3d89
3db8
3d6d
3ef3
bb78
be11
3c3b
3e99
bec0
3dbf
3d0a
bdf1
3d33
3a69
3e66
3e1e
3ee4
3e07
bea4
3dbf
bf46
3db4
bee1
3d94
be84
3e00
be48
bdd0
3d90
3e6e
bec2
3d84
3d81
3e08
3d85
3f46
3d2f
beb6
3bea
3de1
bcd3
3d50
3d97
bd28
bd6d
bc2a
3e42
3dc6
3ecc
3e08
bea8
3d42
bf59
be7c
bee9
bda6
be61
3f03
bf06
bd7e
3d10
3e9d
be7b
bcf5
3c90
3e81
3c7b
3e2a
3e14
bd91
bdd1
3c4f
3e27
3cfc
3d8e
bdaf
3db3
3bd8
3aa4
3d2c
3de0
bc29
bdb5
ba18
be29
be73
bd98
bbf5
bdee
3eb4
bde5
3cfe
bc8f
3e5c
bdc5
bd9b
bcf7
3d83
bd4f
bd82
bd1b
bdbf
bc00
3d0e
3df4
bcee
bc6d
bda5
3dcc
3d3d
3cbf
3d59
be0f
3ddf
bdc9
3d2c
3cfb
bd7f
3e06
bc7b
be1e
3e69
3c01
bb81
3da9
3cbf
3d01
bd1f
3c2b
be03
3d5f
bb45
bd91
3d60
3b4e
bc05
bdfa
3ba0
bdbe
bd26
bc78
3d39
bdfb
3d1a
3de4
3d8a
bd81
3bb0
bdb4
bda1
bcdd
bd9f
3d93
3cbb
3d13
bcc2
3b88
3c57
3e25
bbd1
bc30
be45
3d4e
bd51
3d7d
3e8c
3d1c
ba84
be2e
bc77
bde7
3df7
3ce9
3d0a
bd41
3e56
3d9c
bdba
3c9b
3bcb
be02
3d41
bd8f
bcfb
3e4f
be9a
3e6d
3d4a
3c3c
bdf4
3e4b
3841
3d0d
bcd5
3d80
bcb4
3d3d
3e4b
3d87
bca2
be8c
3d81
bd81
3e32
3df8
3e20
bda5
3d78
3e46
be59
bd99
3c3a
be8a
3dff
bdf7
3c30
3d07
be3b
bca2
3c4a
bca6
3c3f
3d81
3dcc
3cab
3e59
3b14
3d14
3d6a
3e82
bd3b
3dc9
be78
3d71
bdca
3df9
3e30
3e8e
be55
3e86
3e8b
bdda
be83
3d7a
be3e
be23
be61
3d3f
bbd0
bdb0
bd57
3d9a
bc8a
bd6e
be86
3c80
3cc8
3d2b
bc4b
3dac
3dc9
bd35
3bc0
3e2b
3dc3
3d4e
3e1d
babd
3e4a
3e43
be11
3e24
3e03
3bd8
bcf5
3d65
be2d
beea
be98
3d5d
be89
3dcd
3e2a
3cfc
3e6f
bd77
beac
bd35
3c0c
3cbe
bc01
3db3
3caf
bdc7
3d50
3e12
bcd6
bd35
3e39
be15
3e26
3e13
3cf4
3e39
3e0c
3d06
bd96
bcfa
be30
bd78
bdcc
3ae2
bdff
3ec3
3bf3
3c9d
bbd0
3d25
be19
3c26
3d58
3e65
3c9b
3db8
3c85
3c53
3be0
3dd6
3da1
bbdf
3dd3
3d10
3da0
3d9f
3d51
3d1d
bdc2
3d26
bdf2
bcc0
bdc4
bc19
bd24
3d2e
bd7c
3e53
bdb2
3c83
3c8e
3c4f
3d41
bcf4
3d31
bbd3
bd61
bd99
bc06
3bbf
bcea
3da9
3c70
bdb7
3a17
3d1d
bb3f
bd7c
bdb4
bd8c
bdc9
3d4e
3b85
3cac
3d65
3c87
b95c
bd1c
bc3c
bbce
bcfb
be10
be24
3d2f
3d21
3b79
3d68
3d26
bd07
be2a
3d19
3e89
bc42
bd43
3d23
3d81
be3d
3dfd
3da2
3de1
be65
3e22
be52
be39
bd30
3c7a
3daa
bbea
3c66
bc8f
3e2a
bd5c
3e41
bbf2
be93
bcbc
3ea5
3d8c
bafe
3e0c
3d87
bdaa
bd14
3c50
bda1
3e14
bc46
3ce0
be11
bcb1
bd66
3ea0
3e37
be0e
bead
be4e
bea1
3d28
bd80
3dff
be06
3e1f
be6c
be5f
bcc1
3ede
be65
be68
3e22
3dce
bc6b
be90
3da0
be3a
3d69
bf64
bd11
bd9c
3dcd
3d87
be81
bdd8
3ec9
3de2
3f51
be55
be90
bd7e
3dd8
bd06
3e33
3e41
3c91
3e28
bea7
bc2c
3e45
3d29
3e0d
be50
bdf5
3d99
3d55
be42
3c58
bea6
3dae
beb1
bae9
3ce5
3d3c
3dcd
3c07
bdb2
3ec3
3d73
3e15
3e41
bca0
3e86
bbec
3b3f
3e8e
3d23
3e21
bd49
be06
bdc8
3eae
be18
3e42
3db5
bc4e
3cf9
3d95
be44
3cb6
be59
3d32
bd0e
bae6
3d06
3e4f
3ba0
bdc1
bde8
3d48
be00
bd82
bc8b
bddd
3b09
be01
3d6a
3e45
bcb7
3e87
bd38
bd81
3c74
3e85
bdaa
bd18
3cc6
bd84
bd05
3dbc
bbc5
bd03
3c39
b88a
3c95
bd58
3d92
3c37
3d81
3d6c
3cab
be26
bdc1
bc22
bdb5
bc44
be00
3de7
bd33
3d1e
3c87
3e11
3cf7
3def
3c91
3c8b
3c1f
bc5c
bdd4
3d23
bd22
3c49
3dbe
bad4
bcb5
3d10
3d32
3cd2
3dc1
3c98
3cb1
3d70
3ca4
3ce8
bd04
3ca2
3cbd
bdec
3d0b
bd02
bc2b
bd53
bd9a
3bd9
3bae
3d3e
bd76
3cdb
3e17
be5c
3d35
3db5
3d64
bcb2
3d4d
3dd4
bd02
3c3b
be69
bbf2
3d08
3e1d
3cd0
bc4a
3deb
3ced
3e2f
3df9
bdc0
bdfd
3b23
bcd7
bcb0
be0a
bdbf
bd0d
3dba
be8f
be15
bd89
3e97
be4c
3e6f
3db3
3cf2
3d0a
be29
bc2d
bccf
3d26
bec6
bdf6
3c8d
3d7f
3da0
be68
bdfa
be02
3ed1
3e8d
be97
bb9e
3dbb
be40
3ca8
be47
3acc
bed3
3dce
bee6
be17
be8d
3e83
be7d
3dd0
3e13
3d9a
bcba
bd84
3de3
bea1
3d0f
be79
3b58
bb68
3df7
3db4
bd98
3d75
bde3
3de2
3e67
3cc7
be4f
3e65
bde8
3d4d
3d4c
bd82
bc66
3d35
be21
be3c
3e53
be0b
bdc0
be4e
bc16
3d2c
3ded
bd9d
bd0f
be53
3d21
3c53
bdf8
bbcd
3e3a
bb44
bd19
3e29
3df2
be22
3d4f
3e11
be7a
3d86
3b8c
3d61
3e02
bdb5
3c92
3cda
3ec9
bda3
3e6d
be3e
be79
be0b
3cfc
bc86
bd5e
3c26
bd16
be06
3d15
3def
bd52
bd9d
3e86
3d06
3c25
3e14
bdf2
be11
bd67
3e10
be53
be8f
3e33
bc08
3e83
bce4
3ea0
3d97
3ed8
be4c
3e87
bde4
bda3
3d67
3cfd
3c77
3d10
3d28
3cdd
bc95
3ceb
bd99
bcc5
3cf2
3e17
3c79
3cdb
3c62
bdb2
be11
3db0
bb15
bdd1
be20
3e1b
bdcc
3d9e
39e1
3e39
3c98
3e18
bda4
3dce
3c91
bd2d
bdee
3d0c
3d2f
3cba
3ce2
3d38
3be2
bd0e
3e06
3db1
3d8d
bd82
3cbc
3c9d
3ce4
bc13
bd09
3c01
3d69
3d42
3b3a
3c9e
3d96
bc41
3d8d
3cf1
bbce
3d0e
be01
3de2
3e49
be4b
3cda
3992
ba27
3b74
3e90
3d89
3cae
3dac
3ea5
bd18
3e72
3c0a
3cbe
3e1b
38cd
3da2
3dfd
3bf4
3e41
bd62
3d72
bd4e
bc71
be09
3de7
3b70
3d11
be46
be89
3cbf
3e70
be72
bdab
bde0
3d3a
3d87
3e4f
3d63
3e62
3d01
3d64
bc82
3eb8
bd93
bb77
3ebd
3dad
3cb0
3dcd
3e57
3e01
be4e
3e1e
be2a
3db0
bc84
3d49
bd30
bd60
be50
3e02
be42
3b68
3e23
be47
be54
bcab
3c6d
3dd4
3d80
3e88
3d98
bd0c
bcc7
3e84
beda
3d07
3eb5
be35
3e06
be1c
3e38
3e94
bd97
3e1a
bcf2
3db3
bdbd
3e8f
3de1
bd16
bdc8
3ea2
bd50
bdc3
3e20
be0b
beb2
3cb8
3cf7
3d3b
3bc5
3c83
3d3e
bd55
bd41
3db8
bda1
3d22
3e69
be11
3d95
be28
3e26
3dc3
3d36
bcf2
3e53
3d58
3e07
3df6
3e8f
3d85
bd6f
3d0c
3e02
bdab
bd8b
3d14
3e01
bd14
bd37
3cc6
3d4c
bd88
3c7b
be2f
bd78
3dc0
3d05
3d15
3d6a
3da0
be34
be16
3d81
bde2
3e04
be7e
3ec8
bd4a
3de2
bd22
3e86
3c2f
3d69
be34
3ceb
bd5e
bdc2
3cd3
3d85
bd0b
bc13
3d87
3c11
3dd8
3d0b
be18
bcff
3c99
bd82
3cb3
3bd8
3d6d
bd29
bc2e
3dd0
3d6e
3cac
bd12
3dbe
bd96
bb9e
bca8
3bca
3d2c
3c71
3c6e
bcc6
3da1
bca9
be1a
3c0c
3c7c
3cea
bd78
bb2e
3d6b
3c49
3c95
3d87
bbf0
bb9c
3c1b
bd2e
3d40
b782
bd4d
3c72
bca5
3c7e
3cb8
bd4a
ba0f
3c67
bd29
be09
bc60
bbbd
bdaf
bd01
3db5
bd4e
be5b
3e56
3d45
3d12
be6f
3d1f
3d78
3c1f
bc81
3d4d
bbdd
bd98
3c7f
bd0d
3dad
3e0e
3e05
3d69
3d23
3e2d
3dd7
be07
bce4
be03
bd41
be94
3c7b
3d8b
bd16
bdf2
bbb4
3b25
be82
bd0c
bd36
3d3c
bce2
3d6e
3e94
3ca4
bda3
3d3d
3e15
bd5f
3c8d
3e9d
3db2
3e8b
bb50
3d85
3e40
3e64
3e53
be3f
bd61
be06
3c3e
be3f
3c40
3ce4
3d85
bcb6
bd0e
bd8d
be13
be54
3d64
3db8
3b24
3d37
3e8a
3d05
bd7d
bc1e
3e5f
bc69
bd3a
3e40
3e24
3de1
bd85
bc51
3e0a
3de8
3e41
bd62
3d13
bdec
3d22
3c9a
3d21
3e56
3e3d
bdde
3b81
bc4c
bd89
bdd2
3cb9
3ca9
bdfa
3c77
3e85
3d44
bdb6
bb0b
3df2
bd54
3d62
3d27
3e05
bceb
3cbc
3c38
3d81
3d9f
3db9
3d8a
bba4
bdc4
3df1
3d08
3d46
3e19
3d96
bdc1
3db6
bd33
3d1a
3d97
bd71
3cc1
bd8d
3d0e
3de3
3d80
be07
bdca
bd8a
bda0
bb4e
3d18
bc8a
bd52
bd43
3d1b
bd8e
3d9d
3c03
3d00
3c38
3ce0
3cb2
3c8c
3cb4
bd8d
3d11
be28
bc86
3c8b
3bdf
3c1f
bd81
3ab3
3ccb
3d0b
b9d4
3cca
bc8d
3ce4
bd74
bd3a
3c8b
3cc5
3be4
bda5
3d32
3d9d
3c80
bd1e
bc8e
bd25
3c9a
baf5
3af1
3cc4
3c6e
bc6d
3d2c
bd0f
3d46
bc10
3c85
bc10
3cd9
3d16
3cd1
3cb1
bca7
3c75
3d61
bd3a
3ccb
3b12
3d2d
3cc6
3c68
3cd7
bab4
baba
3d0d
3cef
bc75
3da7
3cb3
bd61
bd12
bc6c
b83e
3d45
bc03
3d98
3c4f
3d92
bcb7
3c1d
bdbd
bd21
bcae
3c56
3ce1
3be0
3d13
bbf1
bbed
3d7a
bc15
3c99
bd23
bc59
bd27
3d15
bd62
bd84
3b09
3d50
bc6e
bc12
3d35
bd65
3d29
3c26
bd43
bc52
bc0c
3db1
bce9
bb6c
bd01
bd1c
bcce
bc26
bd55
3b6f
3d53
3ce2
3cdb
3d96
3d30
3d18
3be2
bd53
3ca2
bdcd
3d96
3ca7
ba46
3d57
3b41
bd84
3d14
bc9a
bd0a
3c5e
3dc2
bd6f
bcbf
3d1a
bd3b
bc24
bb9a
bd84
bd89
3d73
3c0b
3d4e
bd43
3cdd
3cbb
bcf6
3bbf
3c66
babe
bd35
bd61
3bc0
3d17
bd11
bd07
bcda
3cac
bb29
3e0e
3bbb
bd7e
bdeb
3c80
3c9c
bd9a
bce6
bd74
3c79
bd0a
3d23
bc06
ba9a
3cf0
3d24
bc7f
3d2d
3d99
bd28
3c81
3d1b
3cc8
bd8d
bd58
3d05
bb19
3c14
bd31
3b00
bc96
3bc9
3d3b
3c96
bd47
bdcc
bd59
bc4d
3c33
bc7d
3c18
bb6b
bd02
bc03
3d7a
3bda
3c41
bb66
bc6a
bd66
3d5f
bd13
3c51
3d5e
3d33
bcf3
3bd9
3ce4
3d9c
bc5a
bd10
3d08
bdae
3cc0
bd2a
bcb1
3c88
bb64
bd17
3d1b
3cec
3ce1
3d72
39d5
bd34
3d16
bd81
3d79
bd1b
3cd6
ba9b
bbef
3c21
3d90
bce7
bb36
bc9e
bd11
3be1
bb94
bc63
3cb3
bd96
3c78
3c4c
bd38
bbc9
bce9
bd43
bcf9
3d80
3d72
3c50
3ce5
3c5f
3c8f
3d4c
3c7e
3cb1
3c5b
bd0a
3d25
3ace
bda7
bc78
3c87
bcb7
3d46
3d24
3d3c
bd60
3d87
3c8b
bd4a
3c34
3d81
3ce0
3ccf
bc2a
bda4
3d58
bcae
bd4c
bca2
bb1b
bbf5
3c31
3d83
3c5b
bc8a
3d13
bd08
bd21
bcc0
ba2b
3d34
bb28
bd13
3c66
bba7
3c81
bd52
3c16
3c8c
3cfa
bc2b
3cc1
3c55
bcd7
bc83
3cdb
bd13
3c7a
3d40
bbd3
3cac
bddd
bd6f
bdb4
3dad
3d3e
bd9a
3c37
3c83
bd2f
bc8d
3d34
bd37
3d85
be19
3d13
bcd1
3da9
bcf6
3ce3
3d4a
3cbc
3be2
bd46
3db4
3c33
bd9a
3cc5
bd44
3d40
3d10
bd9a
3d72
39d2
bd44
3868
bb20
bd2d
3af1
bbbe
3d9c
3d58
bcd1
bd62
bbe5
3df3
be0b
3d80
bda7
bd47
3deb
3d91
3dbe
3dec
3cf4
3d08
bcf3
3d08
bd17
3d04
bdb6
bc47
bd5d
3d4c
be10
bd94
3d17
bbe6
be56
3acc
3da4
3d76
bc72
3e1a
3d0a
bd46
3cdd
bd79
3de8
3ca4
3c80
bc82
3df6
3d16
3d7c
3d96
3cf9
3cc4
bd8e
3c50
bd82
be59
bd53
3c0d
bd08
3e54
be46
3d61
3c9a
bd1e
bdee
3ce9
bbbb
bcc1
bd57
3d63
bc3f
bdcd
3d18
bcee
3d2e
bc11
3d37
3cbd
3de7
bc4b
bd4d
3da1
bad7
3c4c
bd46
3c92
bd18
be08
b91b
3dc5
3c08
3dbb
bd57
3db4
3d74
3d5f
bda0
bc39
bc3a
bdb6
bd35
3d55
bd8e
bced
bcdc
3cab
3d92
bc79
3c8a
bcaf
bc71
3bc4
3cf9
bc10
3b95
3d3c
bdd0
3d0b
3c0a
bcd9
bd19
bc8c
3c1a
3d56
3bda
bcbf
bca0
bc80
bb3f
bd23
3cf3
bcfa
3ccf
bd17
bb9e
bd42
bc49
3ce6
bc88
bd49
3d55
3a53
bb37
3c5b
bc14
bd04
3ca7
bca5
bcd2
bd04
3cda
bb8e
bd98
bd80
bd16
bd7e
3c20
bb2a
3d8f
be26
3e80
bd0a
3b39
3d63
3d5a
bd2f
bba1
3e44
3c3d
3d06
be12
bceb
bd83
3dd4
bbc6
bd87
bca4
3d70
bdc7
bdee
bd14
3b1d
bda3
3e17
bde0
3c90
3d8b
be8b
3e3e
bd2f
be08
be3f
3e62
3c6c
3c85
3c4b
bb9a
3e74
bcb4
3e9d
3bcb
bcd4
bdef
3bd0
3d2e
3e80
bd80
bdca
bced
3d9f
3dc5
be55
3c66
3be2
be6e
3d65
bdda
3b9f
3e6c
be5c
3d09
3e44
be43
3da8
be51
3d20
3bad
3d7d
bab0
3e6d
3d9d
bdff
bd6f
bd27
3e21
3cb4
3d4a
3e58
3e06
3dbf
3d86
3d8b
3ddf
bda9
bc21
bda7
bdc2
be37
bd78
3caa
3d30
3e0f
bd21
3e22
be13
3e48
bed4
bb67
3d42
3d87
3c30
3e59
bd7c
be51
bc1b
3ca0
3ece
bbea
3e2a
3e01
3e2e
bcb0
3d52
3d3c
3c26
3d74
3dcf
baa7
be3d
bed9
bc53
bd6d
be06
3eb9
bdfe
3e28
bd52
3ca0
beab
3c9e
3c9e
3d43
3a5b
3d92
bc23
bdda
3cf2
3ae0
3ea3
3cc3
3dcb
bcdf
3e03
3dbd
bb86
bd3c
bd8f
3e0e
3dca
3db7
3cff
be9b
bc2a
bd35
be41
3e55
bd67
bc7b
bd05
3d6b
bd7d
bc53
3cf7
3cd8
bd5e
bdac
bc91
bcc3
3cec
3c86
3df2
ba01
bbd2
3c1f
3d19
bc38
3d68
bd06
babe
bc98
3d53
bc76
3d20
bcd7
bcc6
bd1d
bd27
bc52
3c44
bd56
bd0f
bcb2
3bba
bb95
3d1c
3cc1
3cb9
bc75
3cb0
3d12
3d43
3daf
bd7b
bc97
3d8b
bcc8
3d17
bb83
bd39
3dea
3ce3
bcfd
3caa
bd95
bd28
3d11
3c4b
bb96
3d8b
bd0a
3cb3
bde8
be88
bdce
3d13
3ba2
bc2d
3cb9
3b3c
bd38
bc7f
3d86
bc4a
3dcb
bdd9
3cfa
3d54
3bb1
3ddb
3c3f
bdfc
3e7b
3da6
be1b
3e16
bdb4
bd7b
bde6
bc9c
bd0e
bc5d
be14
3e55
3cb5
be60
3d9f
3e12
bcdf
3c9e
3d92
bcb9
bddf
bd68
3d69
3c88
3d1f
3c6d
bd0e
bddd
3d9b
3b34
3d61
3db2
3da0
3d7a
be1e
3bfb
3cfc
bd41
bdb1
bd29
bc76
bdf4
bdd0
bd20
3e8f
bddc
3d8a
3d62
bca6
3bfb
3df4
3bba
be12
3d03
bdf9
bbdb
3c07
3d47
bd0f
3d3d
3e0b
3db7
3e03
3d98
bd0f
be2c
bb12
bd7c
3c99
bd49
bd9e
be2a
3cc5
be7e
be1e
bd2a
3d9f
bdb7
bd07
3d0a
3c9a
bd0b
3d02
3b5c
bbe5
bd1a
3afc
bd0b
3d7f
3d51
bd47
3e15
3e02
3e14
3d86
3e15
3e3d
bc25
3e59
bd30
3d35
bd83
bcba
be19
bcd1
be02
3dd8
bc06
bcf2
3d83
be36
3d77
bcdd
bc2c
3d7a
3cd6
bd87
bd84
bdb5
3c3d
3df8
bd8b
3ce2
bd09
be0b
3dcf
3e76
3d9c
3e0d
3c27
3df9
be0e
3d91
3d17
3d45
bc84
bc32
be24
bde0
3e23
3d2e
bdaa
3cc1
bc60
3b8f
3cc3
3db4
3d3e
bd94
3c03
bdac
bca4
bb9d
bc67
bc9a
bd78
bd83
3d3e
bc6c
bd02
bd19
bcdf
3d05
bdd3
bd55
bd79
bd61
3c8f
3da1
be24
bd67
3dc4
3d4d
3c26
3cd1
3c30
3ce2
bda8
bd45
3cba
bbdb
3c34
3d1a
bbc3
3cce
3cd3
3d8b
bcd6
3ce2
3c4e
3c5c
bd20
3df3
bd48
3a8b
bbbb
3d1f
3cf4
ba5d
baa4
bb50
bd6d
3c15
bccd
3e97
be12
3dfb
3de8
bd4a
3d11
bce0
bc4a
3bbd
3db0
3dba
bb28
39cf
3d42
3d9d
bd3c
3de4
3e33
3e8f
bd81
bb7e
bdf4
3c94
be2f
bd33
bcc1
be31
bdbb
3db6
be20
bcbd
bd30
3ede
be96
3dbb
3e11
3d3d
3b96
bd96
3cab
3c8e
3cfa
3d83
bcf0
3cb9
bbf8
bccc
be47
3d98
3db3
3ec4
3da7
be14
bdc0
3e21
be6d
bc4a
bd8c
bdf1
be1c
3e0d
be21
be45
bdfb
3e17
bd7d
be02
3dec
bc46
3c88
bdd3
bca8
3d24
3c29
bdbc
bdb4
3d74
bca2
3cb6
be1f
bd9e
3d9e
3e21
3e6e
3da3
be30
3e1b
bdd3
bc1e
3d46
3e16
bd89
bc8f
be52
bd60
3e5d
bdf6
3e56
bbbb
bdc7
b984
bc7a
bc87
bd9c
be77
3ca3
bde7
3b1f
3dbe
bd70
bce2
bbd2
be60
3d10
3dcf
3b23
3e57
bd8f
3d07
bdbd
3d8c
3e0f
3d8e
3e0d
bce3
3ca3
be0c
3e90
be6d
3e06
3c63
3e09
3cb7
bd12
bd27
bd2d
be15
bca0
bd4e
3cd0
3d06
3ccb
3c9f
bc8f
bdc3
bd4a
bd67
bdf9
bd1a
bcd6
be31
3d9a
bbb7
3dd7
3d7d
3e7f
bd75
3df9
be37
3e7e
bd33
bbb4
bbb6
bbd4
bc93
bccd
3cc3
3c21
3c99
bd87
3c59
bc73
3d14
3ca6
bd1f
bca1
bd81
3b82
be06
bb0c
bd22
bb79
bd91
3db1
bd51
bcbe
bbe1
3cb1
3b47
3d37
bd6d
3cc0
3d07
3d4a
bd21
3c54
bd11
3d1e
bd97
bcd9
bbd9
3cf2
3d7b
3c6e
bd81
bca1
bd62
bd81
3d73
bd15
bd65
bcdc
3d36
3ce5
3d1a
bcaf
3b1b
3dc4
3d79
3d3c
bc88
3ce2
3db9
3cbc
3ddf
bd8f
bd90
bcac
bd63
3d6e
bda0
bd82
3b18
bbb7
bda2
bc9b
bb7c
3d69
bc9f
bce2
3d65
3d67
3d99
bd22
bd48
3cc4
bcdb
bcbd
3d9b
3d1f
bcd6
bdb0
bd30
bd89
bd97
bd3f
3de5
bdca
be15
3d1e
bd58
3d3f
bd8e
3c90
3dc1
bcb4
be23
3aba
3d4d
3d90
3b5d
3db2
3e02
3d5a
3e15
3e2b
bb43
3b96
3d42
bd62
bd05
3d52
3cfa
bdff
bd1e
bdb5
bcbf
bdbc
3d84
bd46
be1d
bd2e
3d28
bd1a
bddf
3c83
3dea
3ce9
be07
bcd2
3e06
bd39
3c58
3da0
3e1d
3d98
3c97
3dc3
bd1b
3bb5
3dc8
3d10
3d8e
bd1d
3e28
3d9a
3c88
bced
3c99
bdca
bd94
bb7c
bd81
3e1c
3c35
3bd2
bdad
3d83
3da8
bcf3
be11
bb9a
bbdd
bce7
3c9f
3d6c
3e0e
bc8c
be3a
3dbd
3cf9
bda1
bae4
3e1a
bc46
bd1c
3e09
3dea
bd8b
3e84
3d0f
bda5
bc92
be05
bdc9
3d52
bc67
3d11
bd2f
3cd3
bac5
b9cb
3d52
bcaa
bcad
3bd3
3ac7
3cac
3e14
bd88
bd37
bdcc
3d06
bda0
be01
3df6
bceb
3d71
bd10
3d8a
3d09
3e3c
bddb
3c62
3cda
bcea
bcd1
bdcf
bccf
bc54
3d8b
bbf3
3cab
3d4a
3cd6
3bfa
3d27
3cb5
3da0
3c21
bd0f
bb93
bd32
3bdc
bb37
3b36
3d94
bcb0
3cf8
3c8c
3d27
3b38
3d2c
3dcb
bc8f
bbf7
bda2
bc2f
bd92
bc37
3c92
bc05
3c89
bd61
3cf9
bd78
bcae
3d2e
3a2f
bd84
bd4a
3c15
3be1
3ce4
bcbf
bda7
bbc9
3a16
bd7f
bcb6
bab7
3cb0
3c71
3d06
3c0d
bba8
3c51
bbee
3d8f
3c5c
3d1d
3c8d
3d9c
3cc8
3df6
3cb1
3cd9
3c99
3d13
bcd8
3dbd
3b88
bd2e
3e1c
3c8c
bcd3
3ca0
3d56
3c10
3c43
3cb6
bc8a
bccf
bd93
bb84
3c7b
bcb2
3a92
bcd1
bacc
3d87
be03
3c29
bc81
3d5f
3d4b
3e03
bc82
3d1f
3d4b
3d34
3d18
3e0f
bbd8
3c17
3e87
bd36
3d1f
3d10
bcda
bd13
bcb2
3c05
3d68
bd5b
bd52
3d89
bd02
bd5a
bdc3
3d45
3d68
bd12
3e07
be12
be29
bc8b
3cc1
3da8
bc90
3b39
bd16
3d2e
bb6d
b899
bde3
ba98
3d92
be4e
3de2
3d86
bda2
3c7f
bd07
3e10
bce2
bb1d
bd79
3d43
bd1d
be1e
3ba9
3de3
3e03
bd55
3d09
be09
bd82
3cb7
bd49
3ce5
bc8c
bce4
3ce7
3bc6
3c9c
3d08
bdcc
bc72
3d9c
bd7f
bcf3
3cce
bd3a
3c8d
3d70
bcfc
3daf
3c47
3cf9
bc97
bcb2
bd3f
bd07
3d31
3e1f
3d88
bb76
bcc2
3d18
bc9d
3cea
3d58
bb36
3aee
bcbf
bdad
bccb
3d64
bd24
bd36
3cb4
bdd0
3a20
3cda
3cb2
bd14
3d1c
3b91
bce2
bc52
bbcc
bd85
bc81
3dba
bd43
3d6b
3c42
3d68
3d53
bc1b
bd0f
3d2e
bd1d
3a9c
bd13
bd9e
bbd4
3bbc
3c7f
bc37
3bd5
3a22
bd8b
bdaf
3d12
bd32
3d4b
3c20
bd81
3cd6
3d0a
baa4
3c91
bd35
3ccd
3ca5
bd09
3bc7
3bef
bbc5
3d0d
3ca2
bca3
3cef
3cc4
3bab
3c98
3d2a
3cb7
bcda
bccc
3c82
bcac
3cb4
3c7e
bcbc
bafa
3be3
3c07
3c01
3c6e
3c8b
bbe8
3cbd
bca2
3c88
3c8a
3ca9
3c93
3c78
bc36
c020
3f8e
c04f
3fe0
3d4b
3f95
3f3b
bfc6
c00a
3f31
3fc8
3e31
c027
c04e
3ee6
c031
3f25
3ef9
4008
3d58
3ffa
bff1
bfd1
c04d
3fae
3f65
c029
3ec4
bf7e
3feb
3ec1
c022
3fdc
3ff2
3f1b
c035
c016
3f55
c050
3f9e
bf23
bcd1
bf21
bf8c
bf1c
bf58
bf40
bf05
bfac
bf14
bf2e
bf2a
bf54
bf6c
bf1a
bf39
bf68
bf04
bfc9
bf18
3f96
3fda
3f28
3eae
bffc
3f5d
c013
bfd9
3fcd
c028
bf44
bed2
bf29
bf67
bf2f
bf26
bf4a
bf1c
bfa8
befb
bef7
be23
be87
bf7f
c07a
3eb0
3e8a
bf2d
be88
3fea
bf47
be99
bedd
bf6c
bef8
bf6f
bf88
beb9
bfab
bf6c
3ff5
3f4e
bf85
3f94
bfa1
bf13
bfdd
4025
c014
c02e
3e9e
3e07
ba89
3e87
be48
bc9e
3d61
3e3e
3b1f
bd5b
3ecc
bf69
3ff5
3fcd
bffc
3fbe
bffa
c014
3fd3
bf94
bf75
bf87
3ea5
c012
3fed
401b
4003
bf4e
bfb3
bfe8
bf68
be3a
bf4f
bf96
be8c
bf4d
bf5f
bf3c
bf92
bea3
3fac
3f88
3e86
3f50
c046
3f62
3fa4
c053
3f7b
c02d
bd1a
c02f
3fbd
3f39
bfce
3f75
3f3f
3fa4
c044
bf97
c07d
bf89
c01b
3fce
bd9f
3f99
3f0f
3f8b
3f8a
bf55
c059
3f87
c01f
3f30
3f60
3fa9
c06d
3fa3
3e44
3ec2
3eb6
c036
3ef5
3f1e
3efd
bec1
3f0d
c07a
3f1c
4001
bf8c
c046
3fa6
3e81
c000
3e82
beb6
3fc7
4019
c012
c01f
3fbd
3e4a
bf9a
c01a
bfe0
c00d
3fe1
3fad
4021
3f47
c016
c04d
3fdf
3f21
3c02
3f73
bfd9
3f2e
3f36
bfd9
4007
3ff9
bfd6
bfd0
bf9b
400b
bfbe
bfce
bf73
bf33
bed5
bf79
bf83
bf39
bf09
bf7d
bf0d
bf94
bf25
bfec
400c
be90
bfc0
4024
bfcb
3fca
bfcd
bf97
c032
3dac
bd79
be6d
3f70
3eeb
c073
bf19
bfca
3f81
3f05
bf01
3f89
3fda
c02e
3fea
bfdd
3f01
bfd0
3fa9
c01e
bf84
be69
beb4
bf7d
be06
bf20
bf7f
bed1
bfd0
be27
4000
bfa6
3eae
c015
bf86
c018
3fd9
4007
c010
c03f
3fce
c01c
c01d
c052
bf8d
3ffc
3fee
3c0a
3ffc
3ef3
c025
bf90
3fe6
3f94
3fba
c017
bff5
3f73
4016
bffd
bf40
beb5
bf27
bf8a
bf04
bf4a
bf55
bf1a
bf9a
bf05
